Time,Contract,Qty,Side,Filled/Remaining,Exec.Price,Order Price,Stop Price,Order Value,Trading Fees,Cashflow,Realised P&L,Order Type,Status,Explanation,Client Order ID,Order ID
2026-10-03 08:30:32.494227+05:30 IST Asia/Kolkata,C-BTC-85200-031026,3,sell,3.00000000/0.00000000,33.00000000,33.00000000,,0.00300000,0.0040887,0.099,0,limit_order,closed,,310261790996404979E0,1580657550
2026-10-03 07:40:59.511631+05:30 IST Asia/Kolkata,C-BTC-86200-031026,3,buy,0.00000000/3.00000000,,2.10000000,,0.00300000,0,,,limit_order,cancelled,no_position_left_for_reduce_only,310261790960407359T1116,1580607484
2026-10-03 07:40:24.567753+05:30 IST Asia/Kolkata,C-BTC-86200-031026,3,buy,0.00000000/3.00000000,,2.10000000,,0.00300000,0,,,limit_order,cancelled,no_position_left_for_reduce_only,310261790960407359T1115,1580606967
2026-10-03 07:39:50.903425+05:30 IST Asia/Kolkata,C-BTC-86200-031026,3,buy,0.00000000/3.00000000,,2.10000000,,0.00300000,0,,,limit_order,cancelled,no_position_left_for_reduce_only,310261790960407359T1114,1580606434
2026-10-03 07:39:15.555272+05:30 IST Asia/Kolkata,C-BTC-86200-031026,3,buy,0.00000000/3.00000000,,2.10000000,,0.00300000,0,,,limit_order,cancelled,no_position_left_for_reduce_only,310261790960407359T1113,1580605889
2026-10-03 07:38:41.592278+05:30 IST Asia/Kolkata,C-BTC-86200-031026,3,buy,0.00000000/3.00000000,,2.10000000,,0.00300000,0,,,limit_order,cancelled,no_position_left_for_reduce_only,310261790960407359T1112,1580605331
2026-10-03 07:38:06.323721+05:30 IST Asia/Kolkata,C-BTC-86200-031026,3,buy,0.00000000/3.00000000,,2.10000000,,0.00300000,0,,,limit_order,cancelled,no_position_left_for_reduce_only,310261790960407359T1111,1580604666
2026-10-03 07:37:32.278461+05:30 IST Asia/Kolkata,C-BTC-86200-031026,3,buy,0.00000000/3.00000000,,2.10000000,,0.00300000,0,,,limit_order,cancelled,no_position_left_for_reduce_only,310261790960407359T1110,1580604097
2026-10-03 07:36:56.511404+05:30 IST Asia/Kolkata,C-BTC-86200-031026,3,buy,0.00000000/3.00000000,,2.10000000,,0.00300000,0,,,limit_order,cancelled,no_position_left_for_reduce_only,310261790960407359T1109,1580603492
2026-10-03 07:36:20.212170+05:30 IST Asia/Kolkata,C-BTC-86200-031026,3,buy,0.00000000/3.00000000,,2.10000000,,0.00300000,0,,,limit_order,cancelled,no_position_left_for_reduce_only,310261790960407359T1108,1580602972
2026-10-03 07:35:44.711543+05:30 IST Asia/Kolkata,C-BTC-86200-031026,3,buy,0.00000000/3.00000000,,2.10000000,,0.00300000,0,,,limit_order,cancelled,no_position_left_for_reduce_only,310261790960407359T1107,1580602418
2026-10-03 07:35:10.555918+05:30 IST Asia/Kolkata,C-BTC-86200-031026,3,buy,0.00000000/3.00000000,,2.10000000,,0.00300000,0,,,limit_order,cancelled,no_position_left_for_reduce_only,310261790960407359T1106,1580601979
2026-10-03 07:34:43.710626+05:30 IST Asia/Kolkata,C-BTC-86200-031026,3,buy,0.00000000/3.00000000,,2.10000000,,0.00300000,0,,,limit_order,cancelled,no_position_left_for_reduce_only,310261790960407359T1105,1580601527
2026-10-03 07:34:17.280265+05:30 IST Asia/Kolkata,C-BTC-86200-031026,3,buy,0.00000000/3.00000000,,2.10000000,,0.00300000,0,,,limit_order,cancelled,no_position_left_for_reduce_only,310261790960407359T1104,1580601220
2026-10-03 07:33:48.648520+05:30 IST Asia/Kolkata,C-BTC-86200-031026,3,buy,0.00000000/3.00000000,,2.10000000,,0.00300000,0,,,limit_order,cancelled,no_position_left_for_reduce_only,310261790960407359T1103,1580600768
2026-10-03 07:33:21.963470+05:30 IST Asia/Kolkata,C-BTC-86200-031026,3,buy,0.00000000/3.00000000,,2.10000000,,0.00300000,0,,,limit_order,cancelled,no_position_left_for_reduce_only,310261790960407359T1102,1580600432
2026-10-03 07:32:53.892345+05:30 IST Asia/Kolkata,C-BTC-86200-031026,3,buy,0.00000000/3.00000000,,2.10000000,,0.00300000,0,,,limit_order,cancelled,no_position_left_for_reduce_only,310261790960407359T1101,1580600041
2026-10-03 07:32:25.916651+05:30 IST Asia/Kolkata,C-BTC-86200-031026,3,buy,0.00000000/3.00000000,,2.10000000,,0.00300000,0,,,limit_order,cancelled,no_position_left_for_reduce_only,310261790960407359T1100,1580599649
2026-10-03 07:31:57.701451+05:30 IST Asia/Kolkata,C-BTC-86200-031026,3,buy,0.00000000/3.00000000,,2.10000000,,0.00300000,0,,,limit_order,cancelled,no_position_left_for_reduce_only,310261790960407359T1099,1580599253
2026-10-03 07:31:31.479680+05:30 IST Asia/Kolkata,C-BTC-86200-031026,3,buy,0.00000000/3.00000000,,2.10000000,,0.00300000,0,,,limit_order,cancelled,no_position_left_for_reduce_only,310261790960407359T1098,1580598885
2026-10-03 07:31:03.683357+05:30 IST Asia/Kolkata,C-BTC-86200-031026,3,buy,0.00000000/3.00000000,,2.10000000,,0.00300000,0,,,limit_order,cancelled,no_position_left_for_reduce_only,310261790960407359T1097,1580598460
2026-10-03 07:30:36.999344+05:30 IST Asia/Kolkata,C-BTC-86200-031026,3,buy,0.00000000/3.00000000,,2.10000000,,0.00300000,0,,,limit_order,cancelled,no_position_left_for_reduce_only,310261790960407359T1096,1580597991
2026-10-03 07:30:10.651635+05:30 IST Asia/Kolkata,C-BTC-86200-031026,3,buy,0.00000000/3.00000000,,2.10000000,,0.00300000,0,,,limit_order,cancelled,no_position_left_for_reduce_only,310261790960407359T1095,1580597576
2026-10-03 07:29:43.492129+05:30 IST Asia/Kolkata,C-BTC-86200-031026,3,buy,0.00000000/3.00000000,,2.10000000,,0.00300000,0,,,limit_order,cancelled,no_position_left_for_reduce_only,310261790960407359T1094,1580597188
2026-10-03 07:29:16.541142+05:30 IST Asia/Kolkata,C-BTC-86200-031026,3,buy,0.00000000/3.00000000,,2.10000000,,0.00300000,0,,,limit_order,cancelled,no_position_left_for_reduce_only,310261790960407359T1093,1580596855
2026-10-03 07:28:50.394681+05:30 IST Asia/Kolkata,C-BTC-86200-031026,3,buy,0.00000000/3.00000000,,2.10000000,,0.00300000,0,,,limit_order,cancelled,no_position_left_for_reduce_only,310261790960407359T1092,1580596528
2026-10-03 07:28:22.840396+05:30 IST Asia/Kolkata,C-BTC-86200-031026,3,buy,0.00000000/3.00000000,,2.10000000,,0.00300000,0,,,limit_order,cancelled,no_position_left_for_reduce_only,310261790960407359T1091,1580596254
2026-10-03 07:27:56.499005+05:30 IST Asia/Kolkata,C-BTC-86200-031026,3,buy,0.00000000/3.00000000,,2.10000000,,0.00300000,0,,,limit_order,cancelled,no_position_left_for_reduce_only,310261790960407359T1090,1580595993
2026-10-03 07:27:28.622131+05:30 IST Asia/Kolkata,C-BTC-86200-031026,3,buy,0.00000000/3.00000000,,2.10000000,,0.00300000,0,,,limit_order,cancelled,no_position_left_for_reduce_only,310261790960407359T1089,1580595735
2026-10-03 07:27:01.603336+05:30 IST Asia/Kolkata,C-BTC-86200-031026,3,buy,0.00000000/3.00000000,,2.10000000,,0.00300000,0,,,limit_order,cancelled,no_position_left_for_reduce_only,310261790960407359T1088,1580595441
2026-10-03 07:26:32.864071+05:30 IST Asia/Kolkata,C-BTC-86200-031026,3,buy,0.00000000/3.00000000,,2.10000000,,0.00300000,0,,,limit_order,cancelled,no_position_left_for_reduce_only,310261790960407359T1087,1580595134
2026-10-03 07:26:05.074935+05:30 IST Asia/Kolkata,C-BTC-86200-031026,3,buy,0.00000000/3.00000000,,2.10000000,,0.00300000,0,,,limit_order,cancelled,no_position_left_for_reduce_only,310261790960407359T1086,1580594828
2026-10-03 07:25:37.442457+05:30 IST Asia/Kolkata,C-BTC-86200-031026,3,buy,0.00000000/3.00000000,,2.10000000,,0.00300000,0,,,limit_order,cancelled,no_position_left_for_reduce_only,310261790960407359T1085,1580594541
2026-10-03 07:25:11.191326+05:30 IST Asia/Kolkata,C-BTC-86200-031026,3,buy,0.00000000/3.00000000,,2.10000000,,0.00300000,0,,,limit_order,cancelled,no_position_left_for_reduce_only,310261790960407359T1084,1580594235
2026-10-03 07:24:43.619139+05:30 IST Asia/Kolkata,C-BTC-86200-031026,3,buy,0.00000000/3.00000000,,2.10000000,,0.00300000,0,,,limit_order,cancelled,no_position_left_for_reduce_only,310261790960407359T1083,1580593904
2026-10-03 07:24:16.165472+05:30 IST Asia/Kolkata,C-BTC-86200-031026,3,buy,0.00000000/3.00000000,,2.10000000,,0.00300000,0,,,limit_order,cancelled,no_position_left_for_reduce_only,310261790960407359T1082,1580593549
2026-10-03 07:23:48.320720+05:30 IST Asia/Kolkata,C-BTC-86200-031026,3,buy,0.00000000/3.00000000,,2.10000000,,0.00300000,0,,,limit_order,cancelled,no_position_left_for_reduce_only,310261790960407359T1081,1580593182
2026-10-03 07:23:22.399568+05:30 IST Asia/Kolkata,C-BTC-86200-031026,3,buy,0.00000000/3.00000000,,2.10000000,,0.00300000,0,,,limit_order,cancelled,no_position_left_for_reduce_only,310261790960407359T1080,1580592785
2026-10-03 07:22:54.324037+05:30 IST Asia/Kolkata,C-BTC-86200-031026,3,buy,0.00000000/3.00000000,,2.10000000,,0.00300000,0,,,limit_order,cancelled,no_position_left_for_reduce_only,310261790960407359T1079,1580592351
2026-10-03 07:22:28.089875+05:30 IST Asia/Kolkata,C-BTC-86200-031026,3,buy,0.00000000/3.00000000,,2.10000000,,0.00300000,0,,,limit_order,cancelled,no_position_left_for_reduce_only,310261790960407359T1078,1580591982
2026-10-03 07:22:00.407494+05:30 IST Asia/Kolkata,C-BTC-86200-031026,3,buy,0.00000000/3.00000000,,2.10000000,,0.00300000,0,,,limit_order,cancelled,no_position_left_for_reduce_only,310261790960407359T1077,1580591569
2026-10-03 07:21:33.075099+05:30 IST Asia/Kolkata,C-BTC-86200-031026,3,buy,0.00000000/3.00000000,,2.10000000,,0.00300000,0,,,limit_order,cancelled,no_position_left_for_reduce_only,310261790960407359T1076,1580591210
2026-10-03 07:21:05.203410+05:30 IST Asia/Kolkata,C-BTC-86200-031026,3,buy,0.00000000/3.00000000,,2.10000000,,0.00300000,0,,,limit_order,cancelled,no_position_left_for_reduce_only,310261790960407359T1075,1580590827
2026-10-03 07:20:38.775500+05:30 IST Asia/Kolkata,C-BTC-86200-031026,3,buy,0.00000000/3.00000000,,2.10000000,,0.00300000,0,,,limit_order,cancelled,no_position_left_for_reduce_only,310261790960407359T1074,1580590419
2026-10-03 07:20:11.023862+05:30 IST Asia/Kolkata,C-BTC-86200-031026,3,buy,0.00000000/3.00000000,,2.10000000,,0.00300000,0,,,limit_order,cancelled,no_position_left_for_reduce_only,310261790960407359T1073,1580590121
2026-10-03 07:19:44.618470+05:30 IST Asia/Kolkata,C-BTC-86200-031026,3,buy,0.00000000/3.00000000,,2.10000000,,0.00300000,0,,,limit_order,cancelled,no_position_left_for_reduce_only,310261790960407359T1072,1580589827
2026-10-03 07:19:17.927841+05:30 IST Asia/Kolkata,C-BTC-86200-031026,3,buy,0.00000000/3.00000000,,2.10000000,,0.00300000,0,,,limit_order,cancelled,no_position_left_for_reduce_only,310261790960407359T1071,1580589506
2026-10-03 07:18:50.823731+05:30 IST Asia/Kolkata,C-BTC-86200-031026,3,buy,0.00000000/3.00000000,,2.10000000,,0.00300000,0,,,limit_order,cancelled,no_position_left_for_reduce_only,310261790960407359T1070,1580589180
2026-10-03 07:18:24.012608+05:30 IST Asia/Kolkata,C-BTC-86200-031026,3,buy,0.00000000/3.00000000,,2.10000000,,0.00300000,0,,,limit_order,cancelled,no_position_left_for_reduce_only,310261790960407359T1069,1580588876
2026-10-03 07:17:55.562784+05:30 IST Asia/Kolkata,C-BTC-86200-031026,3,buy,0.00000000/3.00000000,,2.10000000,,0.00300000,0,,,limit_order,cancelled,no_position_left_for_reduce_only,310261790960407359T1068,1580588436
2026-10-03 07:17:28.198511+05:30 IST Asia/Kolkata,C-BTC-86200-031026,3,buy,0.00000000/3.00000000,,2.10000000,,0.00300000,0,,,limit_order,cancelled,no_position_left_for_reduce_only,310261790960407359T1067,1580588038
2026-10-03 07:17:00.826566+05:30 IST Asia/Kolkata,C-BTC-86200-031026,3,buy,0.00000000/3.00000000,,2.10000000,,0.00300000,0,,,limit_order,cancelled,no_position_left_for_reduce_only,310261790960407359T1066,1580587569
2026-10-03 07:16:33.786365+05:30 IST Asia/Kolkata,C-BTC-86200-031026,3,buy,0.00000000/3.00000000,,2.10000000,,0.00300000,0,,,limit_order,cancelled,no_position_left_for_reduce_only,310261790960407359T1065,1580587164
2026-10-03 07:16:08.023429+05:30 IST Asia/Kolkata,C-BTC-86200-031026,3,buy,0.00000000/3.00000000,,2.10000000,,0.00300000,0,,,limit_order,cancelled,no_position_left_for_reduce_only,310261790960407359T1064,1580586764
2026-10-03 07:15:39.826556+05:30 IST Asia/Kolkata,C-BTC-86200-031026,3,buy,0.00000000/3.00000000,,2.10000000,,0.00300000,0,,,limit_order,cancelled,no_position_left_for_reduce_only,310261790960407359T1063,1580586281
2026-10-03 07:15:13.727418+05:30 IST Asia/Kolkata,C-BTC-86200-031026,3,buy,0.00000000/3.00000000,,2.10000000,,0.00300000,0,,,limit_order,cancelled,no_position_left_for_reduce_only,310261790960407359T1062,1580585942
2026-10-03 07:14:46.783053+05:30 IST Asia/Kolkata,C-BTC-86200-031026,3,buy,0.00000000/3.00000000,,2.10000000,,0.00300000,0,,,limit_order,cancelled,no_position_left_for_reduce_only,310261790960407359T1061,1580585533
2026-10-03 07:14:20.282608+05:30 IST Asia/Kolkata,C-BTC-86200-031026,3,buy,0.00000000/3.00000000,,2.10000000,,0.00300000,0,,,limit_order,cancelled,no_position_left_for_reduce_only,310261790960407359T1060,1580585164
2026-10-03 07:13:52.783280+05:30 IST Asia/Kolkata,C-BTC-86200-031026,3,buy,0.00000000/3.00000000,,2.10000000,,0.00300000,0,,,limit_order,cancelled,no_position_left_for_reduce_only,310261790960407359T1059,1580584798
2026-10-03 07:13:27.238630+05:30 IST Asia/Kolkata,C-BTC-86200-031026,3,buy,0.00000000/3.00000000,,2.10000000,,0.00300000,0,,,limit_order,cancelled,no_position_left_for_reduce_only,310261790960407359T1058,1580584453
2026-10-03 07:12:59.926623+05:30 IST Asia/Kolkata,C-BTC-86200-031026,3,buy,0.00000000/3.00000000,,2.10000000,,0.00300000,0,,,limit_order,cancelled,no_position_left_for_reduce_only,310261790960407359T1057,1580584087
2026-10-03 07:12:32.416123+05:30 IST Asia/Kolkata,C-BTC-86200-031026,3,buy,0.00000000/3.00000000,,2.10000000,,0.00300000,0,,,limit_order,cancelled,no_position_left_for_reduce_only,310261790960407359T1056,1580583628
2026-10-03 07:12:04.742455+05:30 IST Asia/Kolkata,C-BTC-86200-031026,3,buy,0.00000000/3.00000000,,2.10000000,,0.00300000,0,,,limit_order,cancelled,no_position_left_for_reduce_only,310261790960407359T1055,1580583213
2026-10-03 07:11:37.807604+05:30 IST Asia/Kolkata,C-BTC-86200-031026,3,buy,0.00000000/3.00000000,,2.10000000,,0.00300000,0,,,limit_order,cancelled,no_position_left_for_reduce_only,310261790960407359T1054,1580582860
2026-10-03 07:11:10.268607+05:30 IST Asia/Kolkata,C-BTC-86200-031026,3,buy,0.00000000/3.00000000,,2.10000000,,0.00300000,0,,,limit_order,cancelled,no_position_left_for_reduce_only,310261790960407359T1053,1580582515
2026-10-03 07:10:42.915447+05:30 IST Asia/Kolkata,C-BTC-86200-031026,3,buy,0.00000000/3.00000000,,2.10000000,,0.00300000,0,,,limit_order,cancelled,no_position_left_for_reduce_only,310261790960407359T1052,1580582109
2026-10-03 07:10:14.869280+05:30 IST Asia/Kolkata,C-BTC-86200-031026,3,buy,0.00000000/3.00000000,,2.10000000,,0.00300000,0,,,limit_order,cancelled,no_position_left_for_reduce_only,310261790960407359T1051,1580581656
2026-10-03 07:09:46.715258+05:30 IST Asia/Kolkata,C-BTC-86200-031026,3,buy,0.00000000/3.00000000,,2.10000000,,0.00300000,0,,,limit_order,cancelled,no_position_left_for_reduce_only,310261790960407359T1050,1580581167
2026-10-03 07:09:18.928893+05:30 IST Asia/Kolkata,C-BTC-86200-031026,3,buy,0.00000000/3.00000000,,2.10000000,,0.00300000,0,,,limit_order,cancelled,no_position_left_for_reduce_only,310261790960407359T1049,1580580707
2026-10-03 07:08:51.718804+05:30 IST Asia/Kolkata,C-BTC-86200-031026,3,buy,0.00000000/3.00000000,,2.10000000,,0.00300000,0,,,limit_order,cancelled,no_position_left_for_reduce_only,310261790960407359T1048,1580580322
2026-10-03 07:08:23.931527+05:30 IST Asia/Kolkata,C-BTC-86200-031026,3,buy,0.00000000/3.00000000,,2.10000000,,0.00300000,0,,,limit_order,cancelled,no_position_left_for_reduce_only,310261790960407359T1047,1580579973
2026-10-03 07:07:57.072040+05:30 IST Asia/Kolkata,C-BTC-86200-031026,3,buy,0.00000000/3.00000000,,2.10000000,,0.00300000,0,,,limit_order,cancelled,no_position_left_for_reduce_only,310261790960407359T1046,1580579528
2026-10-03 07:07:29.842960+05:30 IST Asia/Kolkata,C-BTC-86200-031026,3,buy,0.00000000/3.00000000,,2.10000000,,0.00300000,0,,,limit_order,cancelled,no_position_left_for_reduce_only,310261790960407359T1045,1580579158
2026-10-03 07:07:02.257302+05:30 IST Asia/Kolkata,C-BTC-86200-031026,3,buy,0.00000000/3.00000000,,2.10000000,,0.00300000,0,,,limit_order,cancelled,no_position_left_for_reduce_only,310261790960407359T1044,1580578736
2026-10-03 07:06:34.217566+05:30 IST Asia/Kolkata,C-BTC-86200-031026,3,buy,0.00000000/3.00000000,,2.10000000,,0.00300000,0,,,limit_order,cancelled,no_position_left_for_reduce_only,310261790960407359T1043,1580578235
2026-10-03 07:06:08.272518+05:30 IST Asia/Kolkata,C-BTC-86200-031026,3,buy,0.00000000/3.00000000,,2.10000000,,0.00300000,0,,,limit_order,cancelled,no_position_left_for_reduce_only,310261790960407359T1042,1580577747
2026-10-03 07:05:40.203607+05:30 IST Asia/Kolkata,C-BTC-86200-031026,3,buy,0.00000000/3.00000000,,2.10000000,,0.00300000,0,,,limit_order,cancelled,no_position_left_for_reduce_only,310261790960407359T1041,1580577261
2026-10-03 07:05:13.936546+05:30 IST Asia/Kolkata,C-BTC-86200-031026,3,buy,0.00000000/3.00000000,,2.10000000,,0.00300000,0,,,limit_order,cancelled,no_position_left_for_reduce_only,310261790960407359T1040,1580576845
2026-10-03 07:04:46.371031+05:30 IST Asia/Kolkata,C-BTC-86200-031026,3,buy,0.00000000/3.00000000,,2.10000000,,0.00300000,0,,,limit_order,cancelled,no_position_left_for_reduce_only,310261790960407359T1039,1580576360
2026-10-03 07:04:17.160998+05:30 IST Asia/Kolkata,C-BTC-86200-031026,3,buy,0.00000000/3.00000000,,2.10000000,,0.00300000,0,,,limit_order,cancelled,no_position_left_for_reduce_only,310261790960407359T1038,1580575908
2026-10-03 07:03:48.761592+05:30 IST Asia/Kolkata,C-BTC-86200-031026,3,buy,0.00000000/3.00000000,,2.10000000,,0.00300000,0,,,limit_order,cancelled,no_position_left_for_reduce_only,310261790960407359T1037,1580575335
2026-10-03 07:03:22.455381+05:30 IST Asia/Kolkata,C-BTC-86200-031026,3,buy,0.00000000/3.00000000,,2.10000000,,0.00300000,0,,,limit_order,cancelled,no_position_left_for_reduce_only,310261790960407359T1036,1580574794
2026-10-03 07:02:53.767283+05:30 IST Asia/Kolkata,C-BTC-86200-031026,3,buy,0.00000000/3.00000000,,2.10000000,,0.00300000,0,,,limit_order,cancelled,no_position_left_for_reduce_only,310261790960407359T1035,1580574147
2026-10-03 07:02:26.186474+05:30 IST Asia/Kolkata,C-BTC-86200-031026,3,buy,0.00000000/3.00000000,,2.10000000,,0.00300000,0,,,limit_order,cancelled,no_position_left_for_reduce_only,310261790960407359T1034,1580573633
2026-10-03 07:01:57.643712+05:30 IST Asia/Kolkata,C-BTC-86200-031026,3,buy,0.00000000/3.00000000,,2.10000000,,0.00300000,0,,,limit_order,cancelled,no_position_left_for_reduce_only,310261790960407359T1033,1580573133
2026-10-03 07:01:30.736347+05:30 IST Asia/Kolkata,C-BTC-86200-031026,3,buy,0.00000000/3.00000000,,2.10000000,,0.00300000,0,,,limit_order,cancelled,no_position_left_for_reduce_only,310261790960407359T1032,1580572720
2026-10-03 07:01:01.339185+05:30 IST Asia/Kolkata,C-BTC-86200-031026,3,buy,0.00000000/3.00000000,,2.10000000,,0.00300000,0,,,limit_order,cancelled,no_position_left_for_reduce_only,310261790960407359T1031,1580572089
2026-10-03 07:00:35.603332+05:30 IST Asia/Kolkata,C-BTC-86200-031026,3,buy,0.00000000/3.00000000,,2.10000000,,0.00300000,0,,,limit_order,cancelled,no_position_left_for_reduce_only,310261790960407359T1030,1580571689
2026-10-03 07:00:32.519751+05:30 IST Asia/Kolkata,C-BTC-85200-031026,3,sell,3.00000000/0.00000000,48.00000000,48.00000000,,0.00300000,0.0059472,0.144,-0,limit_order,closed,,310261790991005040E0,1580571162
2026-10-03 06:59:26.248304+05:30 IST Asia/Kolkata,C-BTC-86200-031026,3,buy,0.00000000/3.00000000,,2.10000000,,0.00300000,0,,,limit_order,cancelled,no_position_left_for_reduce_only,310261790960407359T1029,1580570391
2026-10-03 06:58:59.663712+05:30 IST Asia/Kolkata,C-BTC-86200-031026,3,buy,0.00000000/3.00000000,,2.10000000,,0.00300000,0,,,limit_order,cancelled,no_position_left_for_reduce_only,310261790960407359T1028,1580569956
2026-10-03 06:58:32.092618+05:30 IST Asia/Kolkata,C-BTC-86200-031026,3,buy,0.00000000/3.00000000,,2.10000000,,0.00300000,0,,,limit_order,cancelled,no_position_left_for_reduce_only,310261790960407359T1027,1580569565
2026-10-03 06:58:06.731824+05:30 IST Asia/Kolkata,C-BTC-86200-031026,3,buy,0.00000000/3.00000000,,2.10000000,,0.00300000,0,,,limit_order,cancelled,no_position_left_for_reduce_only,310261790960407359T1026,1580569243
2026-10-03 06:57:38.076406+05:30 IST Asia/Kolkata,C-BTC-86200-031026,3,buy,0.00000000/3.00000000,,2.10000000,,0.00300000,0,,,limit_order,cancelled,no_position_left_for_reduce_only,310261790960407359T1025,1580568849
2026-10-03 06:57:12.359511+05:30 IST Asia/Kolkata,C-BTC-86200-031026,3,buy,0.00000000/3.00000000,,2.10000000,,0.00300000,0,,,limit_order,cancelled,no_position_left_for_reduce_only,310261790960407359T1024,1580568455
2026-10-03 06:56:45.051794+05:30 IST Asia/Kolkata,C-BTC-86200-031026,3,buy,0.00000000/3.00000000,,2.10000000,,0.00300000,0,,,limit_order,cancelled,no_position_left_for_reduce_only,310261790960407359T1023,1580568141
2026-10-03 06:56:19.611489+05:30 IST Asia/Kolkata,C-BTC-86200-031026,3,buy,0.00000000/3.00000000,,2.10000000,,0.00300000,0,,,limit_order,cancelled,no_position_left_for_reduce_only,310261790960407359T1022,1580567778
2026-10-03 06:55:53.111472+05:30 IST Asia/Kolkata,C-BTC-86200-031026,3,buy,0.00000000/3.00000000,,2.10000000,,0.00300000,0,,,limit_order,cancelled,no_position_left_for_reduce_only,310261790960407359T1021,1580567311
2026-10-03 06:55:26.868933+05:30 IST Asia/Kolkata,C-BTC-86200-031026,3,buy,0.00000000/3.00000000,,2.10000000,,0.00300000,0,,,limit_order,cancelled,no_position_left_for_reduce_only,310261790960407359T1020,1580566887
2026-10-03 06:54:58.654528+05:30 IST Asia/Kolkata,C-BTC-86200-031026,3,buy,0.00000000/3.00000000,,2.10000000,,0.00300000,0,,,limit_order,cancelled,no_position_left_for_reduce_only,310261790960407359T1019,1580566375
2026-10-03 06:54:31.547645+05:30 IST Asia/Kolkata,C-BTC-86200-031026,3,buy,0.00000000/3.00000000,,2.10000000,,0.00300000,0,,,limit_order,cancelled,no_position_left_for_reduce_only,310261790960407359T1018,1580565946
2026-10-03 06:54:04.962521+05:30 IST Asia/Kolkata,C-BTC-86200-031026,3,buy,0.00000000/3.00000000,,2.10000000,,0.00300000,0,,,limit_order,cancelled,no_position_left_for_reduce_only,310261790960407359T1017,1580565440
2026-10-03 06:53:38.819530+05:30 IST Asia/Kolkata,C-BTC-86200-031026,3,buy,0.00000000/3.00000000,,2.10000000,,0.00300000,0,,,limit_order,cancelled,no_position_left_for_reduce_only,310261790960407359T1016,1580565027
2026-10-03 06:53:09.956401+05:30 IST Asia/Kolkata,C-BTC-86200-031026,3,buy,0.00000000/3.00000000,,2.10000000,,0.00300000,0,,,limit_order,cancelled,no_position_left_for_reduce_only,310261790960407359T1015,1580564578
2026-10-03 06:52:42.200152+05:30 IST Asia/Kolkata,C-BTC-86200-031026,3,buy,0.00000000/3.00000000,,2.10000000,,0.00300000,0,,,limit_order,cancelled,no_position_left_for_reduce_only,310261790960407359T1014,1580564053
2026-10-03 06:51:46.866597+05:30 IST Asia/Kolkata,C-BTC-86200-031026,3,buy,0.00000000/3.00000000,,2.10000000,,0.00300000,0,,,limit_order,cancelled,no_position_left_for_reduce_only,310261790960407359T1013,1580562854
2026-10-03 06:52:43.963658+05:30 IST Asia/Kolkata,P-BTC-84000-031026,3,sell,3.00000000/0.00000000,44.00000000,44.00000000,,0.00300000,0.0054516,0.132,0,limit_order,closed,,310261790990503941E0,1580562827
2026-10-03 06:51:20.187688+05:30 IST Asia/Kolkata,C-BTC-86200-031026,3,buy,0.00000000/3.00000000,,2.10000000,,0.00300000,0,,,limit_order,cancelled,no_position_left_for_reduce_only,310261790960407359T1012,1580562414
2026-10-03 06:50:53.647486+05:30 IST Asia/Kolkata,C-BTC-86200-031026,3,buy,0.00000000/3.00000000,,2.10000000,,0.00300000,0,,,limit_order,cancelled,no_position_left_for_reduce_only,310261790960407359T1011,1580561922
2026-10-03 06:50:27.484271+05:30 IST Asia/Kolkata,C-BTC-86200-031026,3,buy,0.00000000/3.00000000,,2.10000000,,0.00300000,0,,,limit_order,cancelled,no_position_left_for_reduce_only,310261790960407359T1010,1580561479
2026-10-03 06:50:01.751202+05:30 IST Asia/Kolkata,C-BTC-86200-031026,3,buy,0.00000000/3.00000000,,2.10000000,,0.00300000,0,,,limit_order,cancelled,no_position_left_for_reduce_only,310261790960407359T1009,1580560917
2026-10-03 06:49:36.083517+05:30 IST Asia/Kolkata,C-BTC-86200-031026,3,buy,0.00000000/3.00000000,,2.10000000,,0.00300000,0,,,limit_order,cancelled,no_position_left_for_reduce_only,310261790960407359T1008,1580560403
2026-10-03 06:49:10.820935+05:30 IST Asia/Kolkata,C-BTC-86200-031026,3,buy,0.00000000/3.00000000,,2.10000000,,0.00300000,0,,,limit_order,cancelled,no_position_left_for_reduce_only,310261790960407359T1007,1580560017
2026-10-03 06:48:44.043348+05:30 IST Asia/Kolkata,C-BTC-86200-031026,3,buy,0.00000000/3.00000000,,2.10000000,,0.00300000,0,,,limit_order,cancelled,no_position_left_for_reduce_only,310261790960407359T1006,1580559587
2026-10-03 06:48:17.963710+05:30 IST Asia/Kolkata,C-BTC-86200-031026,3,buy,0.00000000/3.00000000,,2.10000000,,0.00300000,0,,,limit_order,cancelled,no_position_left_for_reduce_only,310261790960407359T1005,1580559101
2026-10-03 06:47:51.955947+05:30 IST Asia/Kolkata,C-BTC-86200-031026,3,buy,0.00000000/3.00000000,,2.10000000,,0.00300000,0,,,limit_order,cancelled,no_position_left_for_reduce_only,310261790960407359T1004,1580558588
2026-10-03 06:47:26.323126+05:30 IST Asia/Kolkata,C-BTC-86200-031026,3,buy,0.00000000/3.00000000,,2.10000000,,0.00300000,0,,,limit_order,cancelled,no_position_left_for_reduce_only,310261790960407359T1003,1580557915
2026-10-03 06:46:58.944900+05:30 IST Asia/Kolkata,C-BTC-86200-031026,3,buy,0.00000000/3.00000000,,2.10000000,,0.00300000,0,,,limit_order,cancelled,no_position_left_for_reduce_only,310261790960407359T1002,1580557200
2026-10-03 06:46:32.839537+05:30 IST Asia/Kolkata,C-BTC-86200-031026,3,buy,0.00000000/3.00000000,,2.10000000,,0.00300000,0,,,limit_order,cancelled,no_position_left_for_reduce_only,310261790960407359T1001,1580556660
2026-10-03 06:46:05.111877+05:30 IST Asia/Kolkata,C-BTC-86200-031026,3,buy,0.00000000/3.00000000,,2.10000000,,0.00300000,0,,,limit_order,cancelled,no_position_left_for_reduce_only,310261790960407359T1000,1580556054
2026-10-03 06:45:38.611496+05:30 IST Asia/Kolkata,C-BTC-86200-031026,3,buy,0.00000000/3.00000000,,2.10000000,,0.00300000,0,,,limit_order,cancelled,no_position_left_for_reduce_only,310261790960407359T999,1580555514
2026-10-03 06:45:11.950641+05:30 IST Asia/Kolkata,C-BTC-86200-031026,3,buy,0.00000000/3.00000000,,2.10000000,,0.00300000,0,,,limit_order,cancelled,no_position_left_for_reduce_only,310261790960407359T998,1580554974
2026-10-03 06:44:45.582789+05:30 IST Asia/Kolkata,C-BTC-86200-031026,3,buy,0.00000000/3.00000000,,2.10000000,,0.00300000,0,,,limit_order,cancelled,no_position_left_for_reduce_only,310261790960407359T997,1580554529
2026-10-03 06:44:19.134419+05:30 IST Asia/Kolkata,C-BTC-86200-031026,3,buy,0.00000000/3.00000000,,2.10000000,,0.00300000,0,,,limit_order,cancelled,no_position_left_for_reduce_only,310261790960407359T996,1580554128
2026-10-03 06:43:53.415527+05:30 IST Asia/Kolkata,C-BTC-86200-031026,3,buy,0.00000000/3.00000000,,2.10000000,,0.00300000,0,,,limit_order,cancelled,no_position_left_for_reduce_only,310261790960407359T995,1580553609
2026-10-03 06:43:25.884359+05:30 IST Asia/Kolkata,C-BTC-86200-031026,3,buy,0.00000000/3.00000000,,2.10000000,,0.00300000,0,,,limit_order,cancelled,no_position_left_for_reduce_only,310261790960407359T994,1580553150
2026-10-03 06:42:59.520077+05:30 IST Asia/Kolkata,C-BTC-86200-031026,3,buy,0.00000000/3.00000000,,2.10000000,,0.00300000,0,,,limit_order,cancelled,no_position_left_for_reduce_only,310261790960407359T993,1580552553
2026-10-03 06:42:33.823819+05:30 IST Asia/Kolkata,C-BTC-86200-031026,3,buy,0.00000000/3.00000000,,2.10000000,,0.00300000,0,,,limit_order,cancelled,no_position_left_for_reduce_only,310261790960407359T992,1580552124
2026-10-03 06:42:08.673528+05:30 IST Asia/Kolkata,C-BTC-86200-031026,3,buy,0.00000000/3.00000000,,2.10000000,,0.00300000,0,,,limit_order,cancelled,no_position_left_for_reduce_only,310261790960407359T991,1580551734
2026-10-03 06:41:42.273908+05:30 IST Asia/Kolkata,C-BTC-86200-031026,3,buy,0.00000000/3.00000000,,2.10000000,,0.00300000,0,,,limit_order,cancelled,no_position_left_for_reduce_only,310261790960407359T990,1580551374
2026-10-03 06:41:17.343655+05:30 IST Asia/Kolkata,C-BTC-86200-031026,3,buy,0.00000000/3.00000000,,2.10000000,,0.00300000,0,,,limit_order,cancelled,no_position_left_for_reduce_only,310261790960407359T989,1580550970
2026-10-03 06:40:50.963996+05:30 IST Asia/Kolkata,C-BTC-86200-031026,3,buy,0.00000000/3.00000000,,2.10000000,,0.00300000,0,,,limit_order,cancelled,no_position_left_for_reduce_only,310261790960407359T988,1580550596
2026-10-03 06:40:25.288260+05:30 IST Asia/Kolkata,C-BTC-86200-031026,3,buy,0.00000000/3.00000000,,2.10000000,,0.00300000,0,,,limit_order,cancelled,no_position_left_for_reduce_only,310261790960407359T987,1580550185
2026-10-03 06:39:58.464229+05:30 IST Asia/Kolkata,C-BTC-86200-031026,3,buy,0.00000000/3.00000000,,2.10000000,,0.00300000,0,,,limit_order,cancelled,no_position_left_for_reduce_only,310261790960407359T986,1580549720
2026-10-03 06:39:32.036743+05:30 IST Asia/Kolkata,C-BTC-86200-031026,3,buy,0.00000000/3.00000000,,2.10000000,,0.00300000,0,,,limit_order,cancelled,no_position_left_for_reduce_only,310261790960407359T985,1580549348
2026-10-03 06:39:04.064444+05:30 IST Asia/Kolkata,C-BTC-86200-031026,3,buy,0.00000000/3.00000000,,2.10000000,,0.00300000,0,,,limit_order,cancelled,no_position_left_for_reduce_only,310261790960407359T984,1580548851
2026-10-03 06:38:36.159813+05:30 IST Asia/Kolkata,C-BTC-86200-031026,3,buy,0.00000000/3.00000000,,2.10000000,,0.00300000,0,,,limit_order,cancelled,no_position_left_for_reduce_only,310261790960407359T983,1580548312
2026-10-03 06:38:09.662043+05:30 IST Asia/Kolkata,C-BTC-86200-031026,3,buy,0.00000000/3.00000000,,2.10000000,,0.00300000,0,,,limit_order,cancelled,no_position_left_for_reduce_only,310261790960407359T982,1580547890
2026-10-03 06:37:41.444834+05:30 IST Asia/Kolkata,C-BTC-86200-031026,3,buy,0.00000000/3.00000000,,2.10000000,,0.00300000,0,,,limit_order,cancelled,no_position_left_for_reduce_only,310261790960407359T981,1580547422
2026-10-03 06:37:14.238567+05:30 IST Asia/Kolkata,C-BTC-86200-031026,3,buy,0.00000000/3.00000000,,2.10000000,,0.00300000,0,,,limit_order,cancelled,no_position_left_for_reduce_only,310261790960407359T980,1580546927
2026-10-03 06:36:48.339655+05:30 IST Asia/Kolkata,C-BTC-86200-031026,3,buy,0.00000000/3.00000000,,2.10000000,,0.00300000,0,,,limit_order,cancelled,no_position_left_for_reduce_only,310261790960407359T979,1580546515
2026-10-03 06:36:21.632286+05:30 IST Asia/Kolkata,C-BTC-86200-031026,3,buy,0.00000000/3.00000000,,2.10000000,,0.00300000,0,,,limit_order,cancelled,no_position_left_for_reduce_only,310261790960407359T978,1580546002
2026-10-03 06:35:56.188163+05:30 IST Asia/Kolkata,C-BTC-86200-031026,3,buy,0.00000000/3.00000000,,2.10000000,,0.00300000,0,,,limit_order,cancelled,no_position_left_for_reduce_only,310261790960407359T977,1580545593
2026-10-03 06:35:28.612530+05:30 IST Asia/Kolkata,C-BTC-86200-031026,3,buy,0.00000000/3.00000000,,2.10000000,,0.00300000,0,,,limit_order,cancelled,no_position_left_for_reduce_only,310261790960407359T976,1580545159
2026-10-03 06:35:00.575832+05:30 IST Asia/Kolkata,C-BTC-86200-031026,3,buy,0.00000000/3.00000000,,2.10000000,,0.00300000,0,,,limit_order,cancelled,no_position_left_for_reduce_only,310261790960407359T975,1580544468
2026-10-03 06:34:32.904664+05:30 IST Asia/Kolkata,C-BTC-86200-031026,3,buy,0.00000000/3.00000000,,2.10000000,,0.00300000,0,,,limit_order,cancelled,no_position_left_for_reduce_only,310261790960407359T974,1580543893
2026-10-03 06:34:07.914736+05:30 IST Asia/Kolkata,C-BTC-86200-031026,3,buy,0.00000000/3.00000000,,2.10000000,,0.00300000,0,,,limit_order,cancelled,no_position_left_for_reduce_only,310261790960407359T973,1580543300
2026-10-03 06:33:41.352282+05:30 IST Asia/Kolkata,C-BTC-86200-031026,3,buy,0.00000000/3.00000000,,2.10000000,,0.00300000,0,,,limit_order,cancelled,no_position_left_for_reduce_only,310261790960407359T972,1580542794
2026-10-03 06:33:16.811983+05:30 IST Asia/Kolkata,C-BTC-86200-031026,3,buy,0.00000000/3.00000000,,2.10000000,,0.00300000,0,,,limit_order,cancelled,no_position_left_for_reduce_only,310261790960407359T971,1580542473
2026-10-03 06:32:50.844049+05:30 IST Asia/Kolkata,C-BTC-86200-031026,3,buy,0.00000000/3.00000000,,2.10000000,,0.00300000,0,,,limit_order,cancelled,no_position_left_for_reduce_only,310261790960407359T970,1580542049
2026-10-03 06:32:22.915546+05:30 IST Asia/Kolkata,C-BTC-86200-031026,3,buy,0.00000000/3.00000000,,2.10000000,,0.00300000,0,,,limit_order,cancelled,no_position_left_for_reduce_only,310261790960407359T969,1580541541
2026-10-03 06:31:56.752602+05:30 IST Asia/Kolkata,C-BTC-86200-031026,3,buy,0.00000000/3.00000000,,2.10000000,,0.00300000,0,,,limit_order,cancelled,no_position_left_for_reduce_only,310261790960407359T968,1580541046
2026-10-03 06:31:33.480600+05:30 IST Asia/Kolkata,C-BTC-86200-031026,3,buy,0.00000000/3.00000000,,2.10000000,,0.00300000,0,,,limit_order,cancelled,no_position_left_for_reduce_only,310261790960407359T967,1580540686
2026-10-03 06:30:59.231661+05:30 IST Asia/Kolkata,C-BTC-86200-031026,3,buy,0.00000000/3.00000000,,2.10000000,,0.00300000,0,,,limit_order,cancelled,no_position_left_for_reduce_only,310261790960407359T966,1580540171
2026-10-03 06:30:34.858865+05:30 IST Asia/Kolkata,C-BTC-86200-031026,3,buy,0.00000000/3.00000000,,2.10000000,,0.00300000,0,,,limit_order,cancelled,no_position_left_for_reduce_only,310261790960407359T965,1580539815
2026-10-03 06:30:38.207718+05:30 IST Asia/Kolkata,P-BTC-84000-031026,3,sell,3.00000000/0.00000000,49.00000000,49.00000000,,0.00300000,0.0060711,0.147,-0,limit_order,closed,,310261790989227498E0,1580539717
2026-10-03 06:30:38.207170+05:30 IST Asia/Kolkata,P-BTC-84000-031026,3,sell,3.00000000/0.00000000,49.00000000,49.00000000,,0.00300000,0.0060711,0.147,-0,limit_order,closed,,310261790989225974E0,1580539688
2026-10-03 06:30:38.162045+05:30 IST Asia/Kolkata,P-BTC-84000-031026,3,sell,3.00000000/0.00000000,48.50000000,48.50000000,,0.00300000,0.00600915,0.1455,0,limit_order,closed,,310261790989224016E0,1580539661
2026-10-03 06:30:31.147256+05:30 IST Asia/Kolkata,P-BTC-84000-031026,3,sell,3.00000000/0.00000000,48.00000000,48.00000000,,0.00300000,0.0059472,0.144,0,limit_order,closed,,310261790989221974E0,1580539635
2026-10-03 06:30:32.339622+05:30 IST Asia/Kolkata,P-BTC-84000-031026,3,sell,3.00000000/0.00000000,48.00000000,48.00000000,,0.00300000,0.0059472,0.144,0,limit_order,closed,,310261790989219047E0,1580539591
2026-10-03 06:30:06.366989+05:30 IST Asia/Kolkata,C-BTC-86200-031026,3,buy,0.00000000/3.00000000,,2.10000000,,0.00300000,0,,,limit_order,cancelled,no_position_left_for_reduce_only,310261790960407359T964,1580539326
2026-10-03 06:29:42.462623+05:30 IST Asia/Kolkata,C-BTC-86200-031026,3,buy,0.00000000/3.00000000,,2.10000000,,0.00300000,0,,,limit_order,cancelled,no_position_left_for_reduce_only,310261790960407359T963,1580538865
2026-10-03 06:29:18.254762+05:30 IST Asia/Kolkata,C-BTC-86200-031026,3,buy,0.00000000/3.00000000,,2.10000000,,0.00300000,0,,,limit_order,cancelled,no_position_left_for_reduce_only,310261790960407359T962,1580538543
2026-10-03 06:28:54.115977+05:30 IST Asia/Kolkata,C-BTC-86200-031026,3,buy,0.00000000/3.00000000,,2.10000000,,0.00300000,0,,,limit_order,cancelled,no_position_left_for_reduce_only,310261790960407359T961,1580538205
2026-10-03 06:28:29.938812+05:30 IST Asia/Kolkata,C-BTC-86200-031026,3,buy,0.00000000/3.00000000,,2.10000000,,0.00300000,0,,,limit_order,cancelled,no_position_left_for_reduce_only,310261790960407359T960,1580537968
2026-10-03 06:28:06.552499+05:30 IST Asia/Kolkata,C-BTC-86200-031026,3,buy,0.00000000/3.00000000,,2.10000000,,0.00300000,0,,,limit_order,cancelled,no_position_left_for_reduce_only,310261790960407359T959,1580537570
2026-10-03 06:27:42.839262+05:30 IST Asia/Kolkata,C-BTC-86200-031026,3,buy,0.00000000/3.00000000,,2.10000000,,0.00300000,0,,,limit_order,cancelled,no_position_left_for_reduce_only,310261790960407359T958,1580537163
2026-10-03 06:27:18.332996+05:30 IST Asia/Kolkata,C-BTC-86200-031026,3,buy,0.00000000/3.00000000,,2.10000000,,0.00300000,0,,,limit_order,cancelled,no_position_left_for_reduce_only,310261790960407359T957,1580536928
2026-10-03 06:26:54.927270+05:30 IST Asia/Kolkata,C-BTC-86200-031026,3,buy,0.00000000/3.00000000,,2.10000000,,0.00300000,0,,,limit_order,cancelled,no_position_left_for_reduce_only,310261790960407359T956,1580536580
2026-10-03 06:26:30.611037+05:30 IST Asia/Kolkata,C-BTC-86200-031026,3,buy,0.00000000/3.00000000,,2.10000000,,0.00300000,0,,,limit_order,cancelled,no_position_left_for_reduce_only,310261790960407359T955,1580536344
2026-10-03 06:26:07.635778+05:30 IST Asia/Kolkata,C-BTC-86200-031026,3,buy,0.00000000/3.00000000,,2.10000000,,0.00300000,0,,,limit_order,cancelled,no_position_left_for_reduce_only,310261790960407359T954,1580536059
2026-10-03 06:25:44.359755+05:30 IST Asia/Kolkata,C-BTC-86200-031026,3,buy,0.00000000/3.00000000,,2.10000000,,0.00300000,0,,,limit_order,cancelled,no_position_left_for_reduce_only,310261790960407359T953,1580535783
2026-10-03 06:25:20.639859+05:30 IST Asia/Kolkata,C-BTC-86200-031026,3,buy,0.00000000/3.00000000,,2.10000000,,0.00300000,0,,,limit_order,cancelled,no_position_left_for_reduce_only,310261790960407359T952,1580535461
2026-10-03 06:24:56.842282+05:30 IST Asia/Kolkata,C-BTC-86200-031026,3,buy,0.00000000/3.00000000,,2.10000000,,0.00300000,0,,,limit_order,cancelled,no_position_left_for_reduce_only,310261790960407359T951,1580534955
2026-10-03 06:24:33.115167+05:30 IST Asia/Kolkata,C-BTC-86200-031026,3,buy,0.00000000/3.00000000,,2.10000000,,0.00300000,0,,,limit_order,cancelled,no_position_left_for_reduce_only,310261790960407359T950,1580534667
2026-10-03 06:24:09.325228+05:30 IST Asia/Kolkata,C-BTC-86200-031026,3,buy,0.00000000/3.00000000,,2.10000000,,0.00300000,0,,,limit_order,cancelled,no_position_left_for_reduce_only,310261790960407359T949,1580534417
2026-10-03 06:23:46.063527+05:30 IST Asia/Kolkata,C-BTC-86200-031026,3,buy,0.00000000/3.00000000,,2.10000000,,0.00300000,0,,,limit_order,cancelled,no_position_left_for_reduce_only,310261790960407359T948,1580534155
2026-10-03 06:23:22.480455+05:30 IST Asia/Kolkata,C-BTC-86200-031026,3,buy,0.00000000/3.00000000,,2.10000000,,0.00300000,0,,,limit_order,cancelled,no_position_left_for_reduce_only,310261790960407359T947,1580533825
2026-10-03 06:22:59.317021+05:30 IST Asia/Kolkata,C-BTC-86200-031026,3,buy,0.00000000/3.00000000,,2.10000000,,0.00300000,0,,,limit_order,cancelled,no_position_left_for_reduce_only,310261790960407359T946,1580533452
2026-10-03 06:22:34.591272+05:30 IST Asia/Kolkata,C-BTC-86200-031026,3,buy,0.00000000/3.00000000,,2.10000000,,0.00300000,0,,,limit_order,cancelled,no_position_left_for_reduce_only,310261790960407359T945,1580533098
2026-10-03 06:22:10.875251+05:30 IST Asia/Kolkata,C-BTC-86200-031026,3,buy,0.00000000/3.00000000,,2.10000000,,0.00300000,0,,,limit_order,cancelled,no_position_left_for_reduce_only,310261790960407359T944,1580532692
2026-10-03 06:21:46.732021+05:30 IST Asia/Kolkata,C-BTC-86200-031026,3,buy,0.00000000/3.00000000,,2.10000000,,0.00300000,0,,,limit_order,cancelled,no_position_left_for_reduce_only,310261790960407359T943,1580532338
2026-10-03 06:21:22.039595+05:30 IST Asia/Kolkata,C-BTC-86200-031026,3,buy,0.00000000/3.00000000,,2.10000000,,0.00300000,0,,,limit_order,cancelled,no_position_left_for_reduce_only,310261790960407359T942,1580531933
2026-10-03 06:20:57.360021+05:30 IST Asia/Kolkata,C-BTC-86200-031026,3,buy,0.00000000/3.00000000,,2.10000000,,0.00300000,0,,,limit_order,cancelled,no_position_left_for_reduce_only,310261790960407359T941,1580531558
2026-10-03 06:20:31.926623+05:30 IST Asia/Kolkata,C-BTC-86200-031026,3,buy,0.00000000/3.00000000,,2.10000000,,0.00300000,0,,,limit_order,cancelled,no_position_left_for_reduce_only,310261790960407359T940,1580530610
2026-10-03 06:20:07.159956+05:30 IST Asia/Kolkata,C-BTC-86200-031026,3,buy,0.00000000/3.00000000,,2.10000000,,0.00300000,0,,,limit_order,cancelled,no_position_left_for_reduce_only,310261790960407359T939,1580529948
2026-10-03 06:19:42.720530+05:30 IST Asia/Kolkata,C-BTC-86200-031026,3,buy,0.00000000/3.00000000,,2.10000000,,0.00300000,0,,,limit_order,cancelled,no_position_left_for_reduce_only,310261790960407359T938,1580529542
2026-10-03 06:19:16.567230+05:30 IST Asia/Kolkata,C-BTC-86200-031026,3,buy,0.00000000/3.00000000,,2.10000000,,0.00300000,0,,,limit_order,cancelled,no_position_left_for_reduce_only,310261790960407359T937,1580526059
2026-10-03 06:18:51.522601+05:30 IST Asia/Kolkata,C-BTC-86200-031026,3,buy,0.00000000/3.00000000,,2.10000000,,0.00300000,0,,,limit_order,cancelled,no_position_left_for_reduce_only,310261790960407359T936,1580525621
2026-10-03 06:18:27.636478+05:30 IST Asia/Kolkata,C-BTC-86200-031026,3,buy,0.00000000/3.00000000,,2.10000000,,0.00300000,0,,,limit_order,cancelled,no_position_left_for_reduce_only,310261790960407359T935,1580525312
2026-10-03 06:18:03.936166+05:30 IST Asia/Kolkata,C-BTC-86200-031026,3,buy,0.00000000/3.00000000,,2.10000000,,0.00300000,0,,,limit_order,cancelled,no_position_left_for_reduce_only,310261790960407359T934,1580524926
2026-10-03 06:17:39.432110+05:30 IST Asia/Kolkata,C-BTC-86200-031026,3,buy,0.00000000/3.00000000,,2.10000000,,0.00300000,0,,,limit_order,cancelled,no_position_left_for_reduce_only,310261790960407359T933,1580524602
2026-10-03 06:17:14.338797+05:30 IST Asia/Kolkata,C-BTC-86200-031026,3,buy,0.00000000/3.00000000,,2.10000000,,0.00300000,0,,,limit_order,cancelled,no_position_left_for_reduce_only,310261790960407359T932,1580524263
2026-10-03 06:16:50.221018+05:30 IST Asia/Kolkata,C-BTC-86200-031026,3,buy,0.00000000/3.00000000,,2.10000000,,0.00300000,0,,,limit_order,cancelled,no_position_left_for_reduce_only,310261790960407359T931,1580523883
2026-10-03 06:16:25.043613+05:30 IST Asia/Kolkata,C-BTC-86200-031026,3,buy,0.00000000/3.00000000,,2.10000000,,0.00300000,0,,,limit_order,cancelled,no_position_left_for_reduce_only,310261790960407359T930,1580523579
2026-10-03 06:15:52.783219+05:30 IST Asia/Kolkata,C-BTC-86200-031026,3,buy,0.00000000/3.00000000,,2.10000000,,0.00300000,0,,,limit_order,cancelled,no_position_left_for_reduce_only,310261790960407359T929,1580523058
2026-10-03 06:15:29.935424+05:30 IST Asia/Kolkata,C-BTC-86200-031026,3,buy,0.00000000/3.00000000,,2.10000000,,0.00300000,0,,,limit_order,cancelled,no_position_left_for_reduce_only,310261790960407359T928,1580522702
2026-10-03 06:15:24.167502+05:30 IST Asia/Kolkata,P-BTC-83800-031026,3,sell,3.00000000/0.00000000,38.00000000,38.00000000,,0.00300000,0.0047082,0.114,-0,limit_order,closed,,310261790988309368E0,1580522485
2026-10-03 06:15:25.354032+05:30 IST Asia/Kolkata,P-BTC-83800-031026,3,sell,3.00000000/0.00000000,38.00000000,38.00000000,,0.00300000,0.0047082,0.114,-0,limit_order,closed,,310261790988307632E0,1580522448
2026-10-03 06:15:27.029962+05:30 IST Asia/Kolkata,P-BTC-83800-031026,3,sell,3.00000000/0.00000000,38.00000000,38.00000000,,0.00300000,0.0047082,0.114,-0,limit_order,closed,,310261790988304862E0,1580522415
2026-10-03 06:15:01.790439+05:30 IST Asia/Kolkata,C-BTC-86200-031026,3,buy,0.00000000/3.00000000,,2.10000000,,0.00300000,0,,,limit_order,cancelled,no_position_left_for_reduce_only,310261790960407359T927,1580522336
2026-10-03 06:14:38.193043+05:30 IST Asia/Kolkata,C-BTC-86200-031026,3,buy,0.00000000/3.00000000,,2.10000000,,0.00300000,0,,,limit_order,cancelled,no_position_left_for_reduce_only,310261790960407359T926,1580522013
2026-10-03 06:14:13.710927+05:30 IST Asia/Kolkata,C-BTC-86200-031026,3,buy,0.00000000/3.00000000,,2.10000000,,0.00300000,0,,,limit_order,cancelled,no_position_left_for_reduce_only,310261790960407359T925,1580521695
2026-10-03 06:13:50.618663+05:30 IST Asia/Kolkata,C-BTC-86200-031026,3,buy,0.00000000/3.00000000,,2.10000000,,0.00300000,0,,,limit_order,cancelled,no_position_left_for_reduce_only,310261790960407359T924,1580521270
2026-10-03 06:13:26.543422+05:30 IST Asia/Kolkata,C-BTC-86200-031026,3,buy,0.00000000/3.00000000,,2.10000000,,0.00300000,0,,,limit_order,cancelled,no_position_left_for_reduce_only,310261790960407359T923,1580521064
2026-10-03 06:13:03.039650+05:30 IST Asia/Kolkata,C-BTC-86200-031026,3,buy,0.00000000/3.00000000,,2.10000000,,0.00300000,0,,,limit_order,cancelled,no_position_left_for_reduce_only,310261790960407359T922,1580520706
2026-10-03 06:12:38.879658+05:30 IST Asia/Kolkata,C-BTC-86200-031026,3,buy,0.00000000/3.00000000,,2.10000000,,0.00300000,0,,,limit_order,cancelled,no_position_left_for_reduce_only,310261790960407359T921,1580520386
2026-10-03 06:12:16.055760+05:30 IST Asia/Kolkata,C-BTC-86200-031026,3,buy,0.00000000/3.00000000,,2.10000000,,0.00300000,0,,,limit_order,cancelled,no_position_left_for_reduce_only,310261790960407359T920,1580520101
2026-10-03 06:11:52.506347+05:30 IST Asia/Kolkata,C-BTC-86200-031026,3,buy,0.00000000/3.00000000,,2.10000000,,0.00300000,0,,,limit_order,cancelled,no_position_left_for_reduce_only,310261790960407359T919,1580519840
2026-10-03 06:11:30.330684+05:30 IST Asia/Kolkata,C-BTC-86200-031026,3,buy,0.00000000/3.00000000,,2.10000000,,0.00300000,0,,,limit_order,cancelled,no_position_left_for_reduce_only,310261790960407359T918,1580519603
2026-10-03 06:11:07.583704+05:30 IST Asia/Kolkata,C-BTC-86200-031026,3,buy,0.00000000/3.00000000,,2.10000000,,0.00300000,0,,,limit_order,cancelled,no_position_left_for_reduce_only,310261790960407359T917,1580519289
2026-10-03 06:10:43.471279+05:30 IST Asia/Kolkata,C-BTC-86200-031026,3,buy,0.00000000/3.00000000,,2.10000000,,0.00300000,0,,,limit_order,cancelled,no_position_left_for_reduce_only,310261790960407359T916,1580519002
2026-10-03 06:10:18.203704+05:30 IST Asia/Kolkata,C-BTC-86200-031026,3,buy,0.00000000/3.00000000,,2.10000000,,0.00300000,0,,,limit_order,cancelled,no_position_left_for_reduce_only,310261790960407359T915,1580518696
2026-10-03 06:09:51.767183+05:30 IST Asia/Kolkata,C-BTC-86200-031026,3,buy,0.00000000/3.00000000,,2.10000000,,0.00300000,0,,,limit_order,cancelled,no_position_left_for_reduce_only,310261790960407359T914,1580518279
2026-10-03 06:09:28.287030+05:30 IST Asia/Kolkata,C-BTC-86200-031026,3,buy,0.00000000/3.00000000,,2.10000000,,0.00300000,0,,,limit_order,cancelled,no_position_left_for_reduce_only,310261790960407359T913,1580517859
2026-10-03 06:09:06.619985+05:30 IST Asia/Kolkata,C-BTC-86200-031026,3,buy,0.00000000/3.00000000,,2.10000000,,0.00300000,0,,,limit_order,cancelled,no_position_left_for_reduce_only,310261790960407359T912,1580517578
2026-10-03 06:08:42.871070+05:30 IST Asia/Kolkata,C-BTC-86200-031026,3,buy,0.00000000/3.00000000,,2.10000000,,0.00300000,0,,,limit_order,cancelled,no_position_left_for_reduce_only,310261790960407359T911,1580517101
2026-10-03 06:08:19.012667+05:30 IST Asia/Kolkata,C-BTC-86200-031026,3,buy,0.00000000/3.00000000,,2.10000000,,0.00300000,0,,,limit_order,cancelled,no_position_left_for_reduce_only,310261790960407359T910,1580516683
2026-10-03 06:07:54.859326+05:30 IST Asia/Kolkata,C-BTC-86200-031026,3,buy,0.00000000/3.00000000,,2.10000000,,0.00300000,0,,,limit_order,cancelled,no_position_left_for_reduce_only,310261790960407359T909,1580516195
2026-10-03 06:07:32.501355+05:30 IST Asia/Kolkata,C-BTC-86200-031026,3,buy,0.00000000/3.00000000,,2.10000000,,0.00300000,0,,,limit_order,cancelled,no_position_left_for_reduce_only,310261790960407359T908,1580515847
2026-10-03 06:07:08.644496+05:30 IST Asia/Kolkata,C-BTC-86200-031026,3,buy,0.00000000/3.00000000,,2.10000000,,0.00300000,0,,,limit_order,cancelled,no_position_left_for_reduce_only,310261790960407359T907,1580515420
2026-10-03 06:06:43.363837+05:30 IST Asia/Kolkata,C-BTC-86200-031026,3,buy,0.00000000/3.00000000,,2.10000000,,0.00300000,0,,,limit_order,cancelled,no_position_left_for_reduce_only,310261790960407359T906,1580514980
2026-10-03 06:06:14.351568+05:30 IST Asia/Kolkata,C-BTC-86200-031026,3,buy,0.00000000/3.00000000,,2.10000000,,0.00300000,0,,,limit_order,cancelled,no_position_left_for_reduce_only,310261790960407359T905,1580514491
2026-10-03 06:05:49.615247+05:30 IST Asia/Kolkata,C-BTC-86200-031026,3,buy,0.00000000/3.00000000,,2.10000000,,0.00300000,0,,,limit_order,cancelled,no_position_left_for_reduce_only,310261790960407359T904,1580513992
2026-10-03 06:05:24.451670+05:30 IST Asia/Kolkata,C-BTC-86200-031026,3,buy,0.00000000/3.00000000,,2.10000000,,0.00300000,0,,,limit_order,cancelled,no_position_left_for_reduce_only,310261790960407359T903,1580513615
2026-10-03 06:04:58.251170+05:30 IST Asia/Kolkata,C-BTC-86200-031026,3,buy,0.00000000/3.00000000,,2.10000000,,0.00300000,0,,,limit_order,cancelled,no_position_left_for_reduce_only,310261790960407359T902,1580513065
2026-10-03 06:04:34.463324+05:30 IST Asia/Kolkata,C-BTC-86200-031026,3,buy,0.00000000/3.00000000,,2.10000000,,0.00300000,0,,,limit_order,cancelled,no_position_left_for_reduce_only,310261790960407359T901,1580512637
2026-10-03 06:04:12.735544+05:30 IST Asia/Kolkata,C-BTC-86200-031026,3,buy,0.00000000/3.00000000,,2.10000000,,0.00300000,0,,,limit_order,cancelled,no_position_left_for_reduce_only,310261790960407359T900,1580512149
2026-10-03 06:03:49.519932+05:30 IST Asia/Kolkata,C-BTC-86200-031026,3,buy,0.00000000/3.00000000,,2.10000000,,0.00300000,0,,,limit_order,cancelled,no_position_left_for_reduce_only,310261790960407359T899,1580511661
2026-10-03 06:03:26.771708+05:30 IST Asia/Kolkata,C-BTC-86200-031026,3,buy,0.00000000/3.00000000,,2.10000000,,0.00300000,0,,,limit_order,cancelled,no_position_left_for_reduce_only,310261790960407359T898,1580511344
2026-10-03 06:03:03.859137+05:30 IST Asia/Kolkata,C-BTC-86200-031026,3,buy,0.00000000/3.00000000,,2.10000000,,0.00300000,0,,,limit_order,cancelled,no_position_left_for_reduce_only,310261790960407359T897,1580510959
2026-10-03 06:02:40.274147+05:30 IST Asia/Kolkata,C-BTC-85200-031026,3,buy,3.00000000/0.00000000,58.00000000,937.70000000,,0.00300000,0.0071862,-0.174,-0.075,market_order,closed,,310261790973905158X1,1580510517
2026-10-03 06:02:36.150731+05:30 IST Asia/Kolkata,C-BTC-86200-031026,3,buy,0.00000000/3.00000000,,2.10000000,,0.00300000,0,,,limit_order,cancelled,no_position_left_for_reduce_only,310261790960407359T896,1580510444
2026-10-03 06:02:11.384984+05:30 IST Asia/Kolkata,C-BTC-86200-031026,3,buy,0.00000000/3.00000000,,2.10000000,,0.00300000,0,,,limit_order,cancelled,no_position_left_for_reduce_only,310261790960407359T895,1580510076
2026-10-03 06:01:47.113568+05:30 IST Asia/Kolkata,C-BTC-86200-031026,3,buy,0.00000000/3.00000000,,2.10000000,,0.00300000,0,,,limit_order,cancelled,no_position_left_for_reduce_only,310261790960407359T894,1580509666
2026-10-03 06:01:22.535933+05:30 IST Asia/Kolkata,C-BTC-86200-031026,3,buy,0.00000000/3.00000000,,2.10000000,,0.00300000,0,,,limit_order,cancelled,no_position_left_for_reduce_only,310261790960407359T893,1580509231
2026-10-03 06:00:58.033354+05:30 IST Asia/Kolkata,C-BTC-86200-031026,3,buy,0.00000000/3.00000000,,2.10000000,,0.00300000,0,,,limit_order,cancelled,no_position_left_for_reduce_only,310261790960407359T892,1580508744
2026-10-03 06:00:32.222317+05:30 IST Asia/Kolkata,C-BTC-86200-031026,3,buy,0.00000000/3.00000000,,2.10000000,,0.00300000,0,,,limit_order,cancelled,no_position_left_for_reduce_only,310261790960407359T891,1580508299
2026-10-03 06:00:05.803397+05:30 IST Asia/Kolkata,C-BTC-86200-031026,3,buy,0.00000000/3.00000000,,2.10000000,,0.00300000,0,,,limit_order,cancelled,no_position_left_for_reduce_only,310261790960407359T890,1580507890
2026-10-03 05:59:41.348788+05:30 IST Asia/Kolkata,C-BTC-86200-031026,3,buy,0.00000000/3.00000000,,2.10000000,,0.00300000,0,,,limit_order,cancelled,no_position_left_for_reduce_only,310261790960407359T889,1580507414
2026-10-03 05:59:18.575372+05:30 IST Asia/Kolkata,C-BTC-86200-031026,3,buy,0.00000000/3.00000000,,2.10000000,,0.00300000,0,,,limit_order,cancelled,no_position_left_for_reduce_only,310261790960407359T888,1580507085
2026-10-03 05:58:53.823174+05:30 IST Asia/Kolkata,C-BTC-86200-031026,3,buy,0.00000000/3.00000000,,2.10000000,,0.00300000,0,,,limit_order,cancelled,no_position_left_for_reduce_only,310261790960407359T887,1580506722
2026-10-03 05:58:30.539277+05:30 IST Asia/Kolkata,C-BTC-86200-031026,3,buy,0.00000000/3.00000000,,2.10000000,,0.00300000,0,,,limit_order,cancelled,no_position_left_for_reduce_only,310261790960407359T886,1580506437
2026-10-03 05:58:05.786515+05:30 IST Asia/Kolkata,C-BTC-86200-031026,3,buy,0.00000000/3.00000000,,2.10000000,,0.00300000,0,,,limit_order,cancelled,no_position_left_for_reduce_only,310261790960407359T885,1580506023
2026-10-03 05:57:41.484018+05:30 IST Asia/Kolkata,C-BTC-86200-031026,3,buy,0.00000000/3.00000000,,2.10000000,,0.00300000,0,,,limit_order,cancelled,no_position_left_for_reduce_only,310261790960407359T884,1580505658
2026-10-03 05:57:16.755006+05:30 IST Asia/Kolkata,C-BTC-86200-031026,3,buy,0.00000000/3.00000000,,2.10000000,,0.00300000,0,,,limit_order,cancelled,no_position_left_for_reduce_only,310261790960407359T883,1580505294
2026-10-03 05:56:52.619073+05:30 IST Asia/Kolkata,C-BTC-86200-031026,3,buy,0.00000000/3.00000000,,2.10000000,,0.00300000,0,,,limit_order,cancelled,no_position_left_for_reduce_only,310261790960407359T882,1580504931
2026-10-03 05:56:26.541613+05:30 IST Asia/Kolkata,C-BTC-86200-031026,3,buy,0.00000000/3.00000000,,2.10000000,,0.00300000,0,,,limit_order,cancelled,no_position_left_for_reduce_only,310261790960407359T881,1580504601
2026-10-03 05:56:00.818494+05:30 IST Asia/Kolkata,C-BTC-86200-031026,3,buy,0.00000000/3.00000000,,2.10000000,,0.00300000,0,,,limit_order,cancelled,no_position_left_for_reduce_only,310261790960407359T880,1580504190
2026-10-03 05:55:37.248418+05:30 IST Asia/Kolkata,C-BTC-86200-031026,3,buy,0.00000000/3.00000000,,2.10000000,,0.00300000,0,,,limit_order,cancelled,no_position_left_for_reduce_only,310261790960407359T879,1580503825
2026-10-03 05:55:12.519501+05:30 IST Asia/Kolkata,C-BTC-86200-031026,3,buy,0.00000000/3.00000000,,2.10000000,,0.00300000,0,,,limit_order,cancelled,no_position_left_for_reduce_only,310261790960407359T878,1580503424
2026-10-03 05:54:48.122429+05:30 IST Asia/Kolkata,C-BTC-86200-031026,3,buy,0.00000000/3.00000000,,2.10000000,,0.00300000,0,,,limit_order,cancelled,no_position_left_for_reduce_only,310261790960407359T877,1580502942
2026-10-03 05:54:23.715703+05:30 IST Asia/Kolkata,C-BTC-86200-031026,3,buy,0.00000000/3.00000000,,2.10000000,,0.00300000,0,,,limit_order,cancelled,no_position_left_for_reduce_only,310261790960407359T876,1580502572
2026-10-03 05:53:58.563977+05:30 IST Asia/Kolkata,C-BTC-86200-031026,3,buy,0.00000000/3.00000000,,2.10000000,,0.00300000,0,,,limit_order,cancelled,no_position_left_for_reduce_only,310261790960407359T875,1580502118
2026-10-03 05:53:34.942757+05:30 IST Asia/Kolkata,C-BTC-86200-031026,3,buy,0.00000000/3.00000000,,2.10000000,,0.00300000,0,,,limit_order,cancelled,no_position_left_for_reduce_only,310261790960407359T874,1580501788
2026-10-03 05:53:08.400771+05:30 IST Asia/Kolkata,C-BTC-86200-031026,3,buy,0.00000000/3.00000000,,2.10000000,,0.00300000,0,,,limit_order,cancelled,no_position_left_for_reduce_only,310261790960407359T873,1580501406
2026-10-03 05:52:43.394938+05:30 IST Asia/Kolkata,C-BTC-86200-031026,3,buy,0.00000000/3.00000000,,2.10000000,,0.00300000,0,,,limit_order,cancelled,no_position_left_for_reduce_only,310261790960407359T872,1580500846
2026-10-03 05:52:19.152261+05:30 IST Asia/Kolkata,C-BTC-86200-031026,3,buy,0.00000000/3.00000000,,2.10000000,,0.00300000,0,,,limit_order,cancelled,no_position_left_for_reduce_only,310261790960407359T871,1580500501
2026-10-03 05:51:53.838010+05:30 IST Asia/Kolkata,C-BTC-86200-031026,3,buy,0.00000000/3.00000000,,2.10000000,,0.00300000,0,,,limit_order,cancelled,no_position_left_for_reduce_only,310261790960407359T870,1580500005
2026-10-03 05:51:30.300341+05:30 IST Asia/Kolkata,C-BTC-86200-031026,3,buy,0.00000000/3.00000000,,2.10000000,,0.00300000,0,,,limit_order,cancelled,no_position_left_for_reduce_only,310261790960407359T869,1580499528
2026-10-03 05:51:04.437014+05:30 IST Asia/Kolkata,C-BTC-86200-031026,3,buy,0.00000000/3.00000000,,2.10000000,,0.00300000,0,,,limit_order,cancelled,no_position_left_for_reduce_only,310261790960407359T868,1580498983
2026-10-03 05:50:37.009778+05:30 IST Asia/Kolkata,C-BTC-86200-031026,3,buy,0.00000000/3.00000000,,2.10000000,,0.00300000,0,,,limit_order,cancelled,no_position_left_for_reduce_only,310261790960407359T867,1580498360
2026-10-03 05:50:11.567745+05:30 IST Asia/Kolkata,C-BTC-86200-031026,3,buy,0.00000000/3.00000000,,2.10000000,,0.00300000,0,,,limit_order,cancelled,no_position_left_for_reduce_only,310261790960407359T866,1580497835
2026-10-03 05:49:46.340207+05:30 IST Asia/Kolkata,C-BTC-86200-031026,3,buy,0.00000000/3.00000000,,2.10000000,,0.00300000,0,,,limit_order,cancelled,no_position_left_for_reduce_only,310261790960407359T865,1580497261
2026-10-03 05:49:20.499552+05:30 IST Asia/Kolkata,C-BTC-86200-031026,3,buy,0.00000000/3.00000000,,2.10000000,,0.00300000,0,,,limit_order,cancelled,no_position_left_for_reduce_only,310261790960407359T864,1580496774
2026-10-03 05:48:55.963336+05:30 IST Asia/Kolkata,C-BTC-86200-031026,3,buy,0.00000000/3.00000000,,2.10000000,,0.00300000,0,,,limit_order,cancelled,no_position_left_for_reduce_only,310261790960407359T863,1580496362
2026-10-03 05:48:32.517546+05:30 IST Asia/Kolkata,C-BTC-86200-031026,3,buy,0.00000000/3.00000000,,2.10000000,,0.00300000,0,,,limit_order,cancelled,no_position_left_for_reduce_only,310261790960407359T862,1580496041
2026-10-03 05:48:07.215642+05:30 IST Asia/Kolkata,C-BTC-86200-031026,3,buy,0.00000000/3.00000000,,2.10000000,,0.00300000,0,,,limit_order,cancelled,no_position_left_for_reduce_only,310261790960407359T861,1580495649
2026-10-03 05:47:42.276048+05:30 IST Asia/Kolkata,C-BTC-86200-031026,3,buy,0.00000000/3.00000000,,2.10000000,,0.00300000,0,,,limit_order,cancelled,no_position_left_for_reduce_only,310261790960407359T860,1580495059
2026-10-03 05:47:13.761058+05:30 IST Asia/Kolkata,C-BTC-86200-031026,3,buy,0.00000000/3.00000000,,2.10000000,,0.00300000,0,,,limit_order,cancelled,no_position_left_for_reduce_only,310261790960407359T859,1580494560
2026-10-03 05:46:49.956043+05:30 IST Asia/Kolkata,C-BTC-86200-031026,3,buy,0.00000000/3.00000000,,2.10000000,,0.00300000,0,,,limit_order,cancelled,no_position_left_for_reduce_only,310261790960407359T858,1580494159
2026-10-03 05:46:25.276107+05:30 IST Asia/Kolkata,C-BTC-86200-031026,3,buy,0.00000000/3.00000000,,2.10000000,,0.00300000,0,,,limit_order,cancelled,no_position_left_for_reduce_only,310261790960407359T857,1580493820
2026-10-03 05:46:00.964558+05:30 IST Asia/Kolkata,C-BTC-86200-031026,3,buy,0.00000000/3.00000000,,2.10000000,,0.00300000,0,,,limit_order,cancelled,no_position_left_for_reduce_only,310261790960407359T856,1580493331
2026-10-03 05:45:35.894879+05:30 IST Asia/Kolkata,C-BTC-86200-031026,3,buy,0.00000000/3.00000000,,2.10000000,,0.00300000,0,,,limit_order,cancelled,no_position_left_for_reduce_only,310261790960407359T855,1580492725
2026-10-03 05:45:09.927491+05:30 IST Asia/Kolkata,C-BTC-86200-031026,3,buy,0.00000000/3.00000000,,2.10000000,,0.00300000,0,,,limit_order,cancelled,no_position_left_for_reduce_only,310261790960407359T854,1580492186
2026-10-03 05:44:45.439520+05:30 IST Asia/Kolkata,C-BTC-86200-031026,3,buy,0.00000000/3.00000000,,2.10000000,,0.00300000,0,,,limit_order,cancelled,no_position_left_for_reduce_only,310261790960407359T853,1580491668
2026-10-03 05:44:22.663943+05:30 IST Asia/Kolkata,C-BTC-86200-031026,3,buy,0.00000000/3.00000000,,2.10000000,,0.00300000,0,,,limit_order,cancelled,no_position_left_for_reduce_only,310261790960407359T852,1580491338
2026-10-03 05:43:57.835965+05:30 IST Asia/Kolkata,C-BTC-86200-031026,3,buy,0.00000000/3.00000000,,2.10000000,,0.00300000,0,,,limit_order,cancelled,no_position_left_for_reduce_only,310261790960407359T851,1580490879
2026-10-03 05:43:34.415683+05:30 IST Asia/Kolkata,C-BTC-86200-031026,3,buy,0.00000000/3.00000000,,2.10000000,,0.00300000,0,,,limit_order,cancelled,no_position_left_for_reduce_only,310261790960407359T850,1580490530
2026-10-03 05:43:10.910655+05:30 IST Asia/Kolkata,C-BTC-86200-031026,3,buy,0.00000000/3.00000000,,2.10000000,,0.00300000,0,,,limit_order,cancelled,no_position_left_for_reduce_only,310261790960407359T849,1580490143
2026-10-03 05:42:46.623780+05:30 IST Asia/Kolkata,C-BTC-86200-031026,3,buy,0.00000000/3.00000000,,2.10000000,,0.00300000,0,,,limit_order,cancelled,no_position_left_for_reduce_only,310261790960407359T848,1580489751
2026-10-03 05:42:22.039250+05:30 IST Asia/Kolkata,C-BTC-86200-031026,3,buy,0.00000000/3.00000000,,2.10000000,,0.00300000,0,,,limit_order,cancelled,no_position_left_for_reduce_only,310261790960407359T847,1580489466
2026-10-03 05:41:57.548935+05:30 IST Asia/Kolkata,C-BTC-86200-031026,3,buy,0.00000000/3.00000000,,2.10000000,,0.00300000,0,,,limit_order,cancelled,no_position_left_for_reduce_only,310261790960407359T846,1580489019
2026-10-03 05:41:33.887162+05:30 IST Asia/Kolkata,C-BTC-86200-031026,3,buy,0.00000000/3.00000000,,2.10000000,,0.00300000,0,,,limit_order,cancelled,no_position_left_for_reduce_only,310261790960407359T845,1580488729
2026-10-03 05:41:10.104236+05:30 IST Asia/Kolkata,C-BTC-86200-031026,3,buy,0.00000000/3.00000000,,2.10000000,,0.00300000,0,,,limit_order,cancelled,no_position_left_for_reduce_only,310261790960407359T844,1580488413
2026-10-03 05:40:44.903334+05:30 IST Asia/Kolkata,C-BTC-86200-031026,3,buy,0.00000000/3.00000000,,2.10000000,,0.00300000,0,,,limit_order,cancelled,no_position_left_for_reduce_only,310261790960407359T843,1580487994
2026-10-03 05:40:20.689222+05:30 IST Asia/Kolkata,C-BTC-86200-031026,3,buy,0.00000000/3.00000000,,2.10000000,,0.00300000,0,,,limit_order,cancelled,no_position_left_for_reduce_only,310261790960407359T842,1580487556
2026-10-03 05:39:55.827330+05:30 IST Asia/Kolkata,C-BTC-86200-031026,3,buy,0.00000000/3.00000000,,2.10000000,,0.00300000,0,,,limit_order,cancelled,no_position_left_for_reduce_only,310261790960407359T841,1580487085
2026-10-03 05:39:31.608601+05:30 IST Asia/Kolkata,C-BTC-86200-031026,3,buy,0.00000000/3.00000000,,2.10000000,,0.00300000,0,,,limit_order,cancelled,no_position_left_for_reduce_only,310261790960407359T840,1580486725
2026-10-03 05:39:06.866515+05:30 IST Asia/Kolkata,C-BTC-86200-031026,3,buy,0.00000000/3.00000000,,2.10000000,,0.00300000,0,,,limit_order,cancelled,no_position_left_for_reduce_only,310261790960407359T839,1580486353
2026-10-03 05:38:42.809721+05:30 IST Asia/Kolkata,C-BTC-86200-031026,3,buy,0.00000000/3.00000000,,2.10000000,,0.00300000,0,,,limit_order,cancelled,no_position_left_for_reduce_only,310261790960407359T838,1580485991
2026-10-03 05:38:17.786463+05:30 IST Asia/Kolkata,C-BTC-86200-031026,3,buy,0.00000000/3.00000000,,2.10000000,,0.00300000,0,,,limit_order,cancelled,no_position_left_for_reduce_only,310261790960407359T837,1580485587
2026-10-03 05:37:54.598503+05:30 IST Asia/Kolkata,C-BTC-86200-031026,3,buy,0.00000000/3.00000000,,2.10000000,,0.00300000,0,,,limit_order,cancelled,no_position_left_for_reduce_only,310261790960407359T836,1580485115
2026-10-03 05:37:29.567058+05:30 IST Asia/Kolkata,C-BTC-86200-031026,3,buy,0.00000000/3.00000000,,2.10000000,,0.00300000,0,,,limit_order,cancelled,no_position_left_for_reduce_only,310261790960407359T835,1580484859
2026-10-03 05:37:06.364019+05:30 IST Asia/Kolkata,C-BTC-86200-031026,3,buy,0.00000000/3.00000000,,2.10000000,,0.00300000,0,,,limit_order,cancelled,no_position_left_for_reduce_only,310261790960407359T834,1580484561
2026-10-03 05:36:42.778564+05:30 IST Asia/Kolkata,C-BTC-86200-031026,3,buy,0.00000000/3.00000000,,2.10000000,,0.00300000,0,,,limit_order,cancelled,no_position_left_for_reduce_only,310261790960407359T833,1580484252
2026-10-03 05:36:19.040826+05:30 IST Asia/Kolkata,C-BTC-86200-031026,3,buy,0.00000000/3.00000000,,2.10000000,,0.00300000,0,,,limit_order,cancelled,no_position_left_for_reduce_only,310261790960407359T832,1580483937
2026-10-03 05:35:54.819371+05:30 IST Asia/Kolkata,C-BTC-86200-031026,3,buy,0.00000000/3.00000000,,2.10000000,,0.00300000,0,,,limit_order,cancelled,no_position_left_for_reduce_only,310261790960407359T831,1580483542
2026-10-03 05:35:30.383009+05:30 IST Asia/Kolkata,C-BTC-86200-031026,3,buy,0.00000000/3.00000000,,2.10000000,,0.00300000,0,,,limit_order,cancelled,no_position_left_for_reduce_only,310261790960407359T830,1580483159
2026-10-03 05:35:06.673530+05:30 IST Asia/Kolkata,C-BTC-86200-031026,3,buy,0.00000000/3.00000000,,2.10000000,,0.00300000,0,,,limit_order,cancelled,no_position_left_for_reduce_only,310261790960407359T829,1580482730
2026-10-03 05:34:42.304705+05:30 IST Asia/Kolkata,C-BTC-86200-031026,3,buy,0.00000000/3.00000000,,2.10000000,,0.00300000,0,,,limit_order,cancelled,no_position_left_for_reduce_only,310261790960407359T828,1580482390
2026-10-03 05:34:17.764589+05:30 IST Asia/Kolkata,C-BTC-86200-031026,3,buy,0.00000000/3.00000000,,2.10000000,,0.00300000,0,,,limit_order,cancelled,no_position_left_for_reduce_only,310261790960407359T827,1580482026
2026-10-03 05:33:53.735737+05:30 IST Asia/Kolkata,C-BTC-86200-031026,3,buy,0.00000000/3.00000000,,2.10000000,,0.00300000,0,,,limit_order,cancelled,no_position_left_for_reduce_only,310261790960407359T826,1580481633
2026-10-03 05:33:28.013376+05:30 IST Asia/Kolkata,C-BTC-86200-031026,3,buy,0.00000000/3.00000000,,2.10000000,,0.00300000,0,,,limit_order,cancelled,no_position_left_for_reduce_only,310261790960407359T825,1580481309
2026-10-03 05:33:04.036611+05:30 IST Asia/Kolkata,C-BTC-86200-031026,3,buy,0.00000000/3.00000000,,2.10000000,,0.00300000,0,,,limit_order,cancelled,no_position_left_for_reduce_only,310261790960407359T824,1580480948
2026-10-03 05:32:39.721539+05:30 IST Asia/Kolkata,C-BTC-86200-031026,3,buy,0.00000000/3.00000000,,2.10000000,,0.00300000,0,,,limit_order,cancelled,no_position_left_for_reduce_only,310261790960407359T823,1580480517
2026-10-03 05:32:15.799363+05:30 IST Asia/Kolkata,C-BTC-86200-031026,3,buy,0.00000000/3.00000000,,2.10000000,,0.00300000,0,,,limit_order,cancelled,no_position_left_for_reduce_only,310261790960407359T822,1580480137
2026-10-03 05:31:52.807490+05:30 IST Asia/Kolkata,C-BTC-86200-031026,3,buy,0.00000000/3.00000000,,2.10000000,,0.00300000,0,,,limit_order,cancelled,no_position_left_for_reduce_only,310261790960407359T821,1580479798
2026-10-03 05:31:29.471813+05:30 IST Asia/Kolkata,C-BTC-86200-031026,3,buy,0.00000000/3.00000000,,2.10000000,,0.00300000,0,,,limit_order,cancelled,no_position_left_for_reduce_only,310261790960407359T820,1580479530
2026-10-03 05:31:04.875608+05:30 IST Asia/Kolkata,C-BTC-86200-031026,3,buy,0.00000000/3.00000000,,2.10000000,,0.00300000,0,,,limit_order,cancelled,no_position_left_for_reduce_only,310261790960407359T819,1580479179
2026-10-03 05:30:41.204641+05:30 IST Asia/Kolkata,C-BTC-86200-031026,3,buy,0.00000000/3.00000000,,2.10000000,,0.00300000,0,,,limit_order,cancelled,no_position_left_for_reduce_only,310261790960407359T818,1580478828
2026-10-03 05:30:15.368315+05:30 IST Asia/Kolkata,C-BTC-86200-031026,3,buy,0.00000000/3.00000000,,2.10000000,,0.00300000,0,,,limit_order,cancelled,no_position_left_for_reduce_only,310261790960407359T817,1580478439
2026-10-03 05:29:51.938868+05:30 IST Asia/Kolkata,C-BTC-86200-031026,3,buy,0.00000000/3.00000000,,2.10000000,,0.00300000,0,,,limit_order,cancelled,no_position_left_for_reduce_only,310261790960407359T816,1580478097
2026-10-03 05:29:24.623222+05:30 IST Asia/Kolkata,C-BTC-86200-031026,3,buy,0.00000000/3.00000000,,2.10000000,,0.00300000,0,,,limit_order,cancelled,no_position_left_for_reduce_only,310261790960407359T815,1580477907
2026-10-03 05:29:00.262877+05:30 IST Asia/Kolkata,C-BTC-86200-031026,3,buy,0.00000000/3.00000000,,2.10000000,,0.00300000,0,,,limit_order,cancelled,no_position_left_for_reduce_only,310261790960407359T814,1580477739
2026-10-03 05:28:34.598795+05:30 IST Asia/Kolkata,C-BTC-86200-031026,3,buy,0.00000000/3.00000000,,2.10000000,,0.00300000,0,,,limit_order,cancelled,no_position_left_for_reduce_only,310261790960407359T813,1580477498
2026-10-03 05:28:10.211011+05:30 IST Asia/Kolkata,C-BTC-86200-031026,3,buy,0.00000000/3.00000000,,2.10000000,,0.00300000,0,,,limit_order,cancelled,no_position_left_for_reduce_only,310261790960407359T812,1580477249
2026-10-03 05:27:44.903318+05:30 IST Asia/Kolkata,C-BTC-86200-031026,3,buy,0.00000000/3.00000000,,2.10000000,,0.00300000,0,,,limit_order,cancelled,no_position_left_for_reduce_only,310261790960407359T811,1580476997
2026-10-03 05:27:19.226769+05:30 IST Asia/Kolkata,C-BTC-86200-031026,3,buy,0.00000000/3.00000000,,2.10000000,,0.00300000,0,,,limit_order,cancelled,no_position_left_for_reduce_only,310261790960407359T810,1580476765
2026-10-03 05:26:52.911008+05:30 IST Asia/Kolkata,C-BTC-86200-031026,3,buy,0.00000000/3.00000000,,2.10000000,,0.00300000,0,,,limit_order,cancelled,no_position_left_for_reduce_only,310261790960407359T809,1580476437
2026-10-03 05:26:23.165366+05:30 IST Asia/Kolkata,C-BTC-86200-031026,3,buy,0.00000000/3.00000000,,2.10000000,,0.00300000,0,,,limit_order,cancelled,no_position_left_for_reduce_only,310261790960407359T808,1580476122
2026-10-03 05:25:52.444336+05:30 IST Asia/Kolkata,C-BTC-86200-031026,3,buy,0.00000000/3.00000000,,2.10000000,,0.00300000,0,,,limit_order,cancelled,no_position_left_for_reduce_only,310261790960407359T807,1580475802
2026-10-03 05:25:23.475820+05:30 IST Asia/Kolkata,C-BTC-86200-031026,3,buy,0.00000000/3.00000000,,2.10000000,,0.00300000,0,,,limit_order,cancelled,no_position_left_for_reduce_only,310261790960407359T806,1580475493
2026-10-03 05:24:53.454932+05:30 IST Asia/Kolkata,C-BTC-86200-031026,3,buy,0.00000000/3.00000000,,2.10000000,,0.00300000,0,,,limit_order,cancelled,no_position_left_for_reduce_only,310261790960407359T805,1580475108
2026-10-03 05:24:23.759155+05:30 IST Asia/Kolkata,C-BTC-86200-031026,3,buy,0.00000000/3.00000000,,2.10000000,,0.00300000,0,,,limit_order,cancelled,no_position_left_for_reduce_only,310261790960407359T804,1580474805
2026-10-03 05:23:52.778462+05:30 IST Asia/Kolkata,C-BTC-86200-031026,3,buy,0.00000000/3.00000000,,2.10000000,,0.00300000,0,,,limit_order,cancelled,no_position_left_for_reduce_only,310261790960407359T803,1580474258
2026-10-03 05:23:23.359437+05:30 IST Asia/Kolkata,C-BTC-86200-031026,3,buy,0.00000000/3.00000000,,2.10000000,,0.00300000,0,,,limit_order,cancelled,no_position_left_for_reduce_only,310261790960407359T802,1580473729
2026-10-03 05:22:53.543546+05:30 IST Asia/Kolkata,C-BTC-86200-031026,3,buy,0.00000000/3.00000000,,2.10000000,,0.00300000,0,,,limit_order,cancelled,no_position_left_for_reduce_only,310261790960407359T801,1580473349
2026-10-03 05:22:24.066712+05:30 IST Asia/Kolkata,C-BTC-86200-031026,3,buy,0.00000000/3.00000000,,2.10000000,,0.00300000,0,,,limit_order,cancelled,no_position_left_for_reduce_only,310261790960407359T800,1580473138
2026-10-03 05:21:54.268006+05:30 IST Asia/Kolkata,C-BTC-86200-031026,3,buy,0.00000000/3.00000000,,2.10000000,,0.00300000,0,,,limit_order,cancelled,no_position_left_for_reduce_only,310261790960407359T799,1580472923
2026-10-03 05:21:25.439718+05:30 IST Asia/Kolkata,C-BTC-86200-031026,3,buy,0.00000000/3.00000000,,2.10000000,,0.00300000,0,,,limit_order,cancelled,no_position_left_for_reduce_only,310261790960407359T798,1580472755
2026-10-03 05:20:54.314986+05:30 IST Asia/Kolkata,C-BTC-86200-031026,3,buy,0.00000000/3.00000000,,2.10000000,,0.00300000,0,,,limit_order,cancelled,no_position_left_for_reduce_only,310261790960407359T797,1580472539
2026-10-03 05:20:25.018988+05:30 IST Asia/Kolkata,C-BTC-86200-031026,3,buy,0.00000000/3.00000000,,2.10000000,,0.00300000,0,,,limit_order,cancelled,no_position_left_for_reduce_only,310261790960407359T796,1580472327
2026-10-03 05:19:54.095533+05:30 IST Asia/Kolkata,C-BTC-86200-031026,3,buy,0.00000000/3.00000000,,2.10000000,,0.00300000,0,,,limit_order,cancelled,no_position_left_for_reduce_only,310261790960407359T795,1580472024
2026-10-03 05:19:24.218708+05:30 IST Asia/Kolkata,C-BTC-86200-031026,3,buy,0.00000000/3.00000000,,2.10000000,,0.00300000,0,,,limit_order,cancelled,no_position_left_for_reduce_only,310261790960407359T794,1580471744
2026-10-03 05:18:55.924903+05:30 IST Asia/Kolkata,C-BTC-86200-031026,3,buy,0.00000000/3.00000000,,2.10000000,,0.00300000,0,,,limit_order,cancelled,no_position_left_for_reduce_only,310261790960407359T793,1580471394
2026-10-03 05:18:26.898999+05:30 IST Asia/Kolkata,C-BTC-86200-031026,3,buy,0.00000000/3.00000000,,2.10000000,,0.00300000,0,,,limit_order,cancelled,no_position_left_for_reduce_only,310261790960407359T792,1580471122
2026-10-03 05:17:58.942898+05:30 IST Asia/Kolkata,C-BTC-86200-031026,3,buy,0.00000000/3.00000000,,2.10000000,,0.00300000,0,,,limit_order,cancelled,no_position_left_for_reduce_only,310261790960407359T791,1580470823
2026-10-03 05:17:29.659447+05:30 IST Asia/Kolkata,C-BTC-86200-031026,3,buy,0.00000000/3.00000000,,2.10000000,,0.00300000,0,,,limit_order,cancelled,no_position_left_for_reduce_only,310261790960407359T790,1580470521
2026-10-03 05:17:00.921842+05:30 IST Asia/Kolkata,C-BTC-86200-031026,3,buy,0.00000000/3.00000000,,2.10000000,,0.00300000,0,,,limit_order,cancelled,no_position_left_for_reduce_only,310261790960407359T789,1580470178
2026-10-03 05:16:30.660300+05:30 IST Asia/Kolkata,C-BTC-86200-031026,3,buy,0.00000000/3.00000000,,2.10000000,,0.00300000,0,,,limit_order,cancelled,no_position_left_for_reduce_only,310261790960407359T788,1580469960
2026-10-03 05:16:02.916830+05:30 IST Asia/Kolkata,C-BTC-86200-031026,3,buy,0.00000000/3.00000000,,2.10000000,,0.00300000,0,,,limit_order,cancelled,no_position_left_for_reduce_only,310261790960407359T787,1580469701
2026-10-03 05:15:33.298792+05:30 IST Asia/Kolkata,C-BTC-86200-031026,3,buy,0.00000000/3.00000000,,2.10000000,,0.00300000,0,,,limit_order,cancelled,no_position_left_for_reduce_only,310261790960407359T786,1580469502
2026-10-03 05:15:03.838220+05:30 IST Asia/Kolkata,C-BTC-86200-031026,3,buy,0.00000000/3.00000000,,2.10000000,,0.00300000,0,,,limit_order,cancelled,no_position_left_for_reduce_only,310261790960407359T785,1580469231
2026-10-03 05:14:34.139699+05:30 IST Asia/Kolkata,C-BTC-86200-031026,3,buy,0.00000000/3.00000000,,2.10000000,,0.00300000,0,,,limit_order,cancelled,no_position_left_for_reduce_only,310261790960407359T784,1580468986
2026-10-03 05:14:04.853242+05:30 IST Asia/Kolkata,C-BTC-86200-031026,3,buy,0.00000000/3.00000000,,2.10000000,,0.00300000,0,,,limit_order,cancelled,no_position_left_for_reduce_only,310261790960407359T783,1580468671
2026-10-03 05:13:35.012362+05:30 IST Asia/Kolkata,C-BTC-86200-031026,3,buy,0.00000000/3.00000000,,2.10000000,,0.00300000,0,,,limit_order,cancelled,no_position_left_for_reduce_only,310261790960407359T782,1580468435
2026-10-03 05:13:06.699953+05:30 IST Asia/Kolkata,C-BTC-86200-031026,3,buy,0.00000000/3.00000000,,2.10000000,,0.00300000,0,,,limit_order,cancelled,no_position_left_for_reduce_only,310261790960407359T781,1580468257
2026-10-03 05:12:37.051448+05:30 IST Asia/Kolkata,C-BTC-86200-031026,3,buy,0.00000000/3.00000000,,2.10000000,,0.00300000,0,,,limit_order,cancelled,no_position_left_for_reduce_only,310261790960407359T780,1580468092
2026-10-03 05:12:08.361436+05:30 IST Asia/Kolkata,C-BTC-86200-031026,3,buy,0.00000000/3.00000000,,2.10000000,,0.00300000,0,,,limit_order,cancelled,no_position_left_for_reduce_only,310261790960407359T779,1580467854
2026-10-03 05:11:38.987519+05:30 IST Asia/Kolkata,C-BTC-86200-031026,3,buy,0.00000000/3.00000000,,2.10000000,,0.00300000,0,,,limit_order,cancelled,no_position_left_for_reduce_only,310261790960407359T778,1580467628
2026-10-03 05:11:10.684093+05:30 IST Asia/Kolkata,C-BTC-86200-031026,3,buy,0.00000000/3.00000000,,2.10000000,,0.00300000,0,,,limit_order,cancelled,no_position_left_for_reduce_only,310261790960407359T777,1580467375
2026-10-03 05:10:40.682578+05:30 IST Asia/Kolkata,C-BTC-86200-031026,3,buy,0.00000000/3.00000000,,2.10000000,,0.00300000,0,,,limit_order,cancelled,no_position_left_for_reduce_only,310261790960407359T776,1580467175
2026-10-03 05:10:10.495403+05:30 IST Asia/Kolkata,C-BTC-86200-031026,3,buy,0.00000000/3.00000000,,2.10000000,,0.00300000,0,,,limit_order,cancelled,no_position_left_for_reduce_only,310261790960407359T775,1580466940
2026-10-03 05:09:41.071760+05:30 IST Asia/Kolkata,C-BTC-86200-031026,3,buy,0.00000000/3.00000000,,2.10000000,,0.00300000,0,,,limit_order,cancelled,no_position_left_for_reduce_only,310261790960407359T774,1580466715
2026-10-03 05:09:12.731507+05:30 IST Asia/Kolkata,C-BTC-86200-031026,3,buy,0.00000000/3.00000000,,2.10000000,,0.00300000,0,,,limit_order,cancelled,no_position_left_for_reduce_only,310261790960407359T773,1580466536
2026-10-03 05:08:43.399603+05:30 IST Asia/Kolkata,C-BTC-86200-031026,3,buy,0.00000000/3.00000000,,2.10000000,,0.00300000,0,,,limit_order,cancelled,no_position_left_for_reduce_only,310261790960407359T772,1580466315
2026-10-03 05:08:15.258348+05:30 IST Asia/Kolkata,C-BTC-86200-031026,3,buy,0.00000000/3.00000000,,2.10000000,,0.00300000,0,,,limit_order,cancelled,no_position_left_for_reduce_only,310261790960407359T771,1580466167
2026-10-03 05:07:45.979864+05:30 IST Asia/Kolkata,C-BTC-86200-031026,3,buy,0.00000000/3.00000000,,2.10000000,,0.00300000,0,,,limit_order,cancelled,no_position_left_for_reduce_only,310261790960407359T770,1580465940
2026-10-03 05:07:16.683189+05:30 IST Asia/Kolkata,C-BTC-86200-031026,3,buy,0.00000000/3.00000000,,2.10000000,,0.00300000,0,,,limit_order,cancelled,no_position_left_for_reduce_only,310261790960407359T769,1580465721
2026-10-03 05:06:46.907387+05:30 IST Asia/Kolkata,C-BTC-86200-031026,3,buy,0.00000000/3.00000000,,2.10000000,,0.00300000,0,,,limit_order,cancelled,no_position_left_for_reduce_only,310261790960407359T768,1580465414
2026-10-03 05:06:17.431780+05:30 IST Asia/Kolkata,C-BTC-86200-031026,3,buy,0.00000000/3.00000000,,2.10000000,,0.00300000,0,,,limit_order,cancelled,no_position_left_for_reduce_only,310261790960407359T767,1580465188
2026-10-03 05:05:47.932014+05:30 IST Asia/Kolkata,C-BTC-86200-031026,3,buy,0.00000000/3.00000000,,2.10000000,,0.00300000,0,,,limit_order,cancelled,no_position_left_for_reduce_only,310261790960407359T766,1580464946
2026-10-03 05:05:18.938862+05:30 IST Asia/Kolkata,C-BTC-86200-031026,3,buy,0.00000000/3.00000000,,2.10000000,,0.00300000,0,,,limit_order,cancelled,no_position_left_for_reduce_only,310261790960407359T765,1580464764
2026-10-03 05:04:48.919840+05:30 IST Asia/Kolkata,C-BTC-86200-031026,3,buy,0.00000000/3.00000000,,2.10000000,,0.00300000,0,,,limit_order,cancelled,no_position_left_for_reduce_only,310261790960407359T764,1580464456
2026-10-03 05:04:19.351495+05:30 IST Asia/Kolkata,C-BTC-86200-031026,3,buy,0.00000000/3.00000000,,2.10000000,,0.00300000,0,,,limit_order,cancelled,no_position_left_for_reduce_only,310261790960407359T763,1580464256
2026-10-03 05:03:50.924102+05:30 IST Asia/Kolkata,C-BTC-86200-031026,3,buy,0.00000000/3.00000000,,2.10000000,,0.00300000,0,,,limit_order,cancelled,no_position_left_for_reduce_only,310261790960407359T762,1580463907
2026-10-03 05:03:22.251114+05:30 IST Asia/Kolkata,C-BTC-86200-031026,3,buy,0.00000000/3.00000000,,2.10000000,,0.00300000,0,,,limit_order,cancelled,no_position_left_for_reduce_only,310261790960407359T761,1580463671
2026-10-03 05:02:52.839590+05:30 IST Asia/Kolkata,C-BTC-86200-031026,3,buy,0.00000000/3.00000000,,2.10000000,,0.00300000,0,,,limit_order,cancelled,no_position_left_for_reduce_only,310261790960407359T760,1580463276
2026-10-03 05:02:23.699035+05:30 IST Asia/Kolkata,C-BTC-86200-031026,3,buy,0.00000000/3.00000000,,2.10000000,,0.00300000,0,,,limit_order,cancelled,no_position_left_for_reduce_only,310261790960407359T759,1580463050
2026-10-03 05:01:52.810611+05:30 IST Asia/Kolkata,C-BTC-86200-031026,3,buy,0.00000000/3.00000000,,2.10000000,,0.00300000,0,,,limit_order,cancelled,no_position_left_for_reduce_only,310261790960407359T758,1580462788
2026-10-03 05:01:23.595559+05:30 IST Asia/Kolkata,C-BTC-86200-031026,3,buy,0.00000000/3.00000000,,2.10000000,,0.00300000,0,,,limit_order,cancelled,no_position_left_for_reduce_only,310261790960407359T757,1580462444
2026-10-03 05:00:49.728211+05:30 IST Asia/Kolkata,C-BTC-86200-031026,3,buy,0.00000000/3.00000000,,2.10000000,,0.00300000,0,,,limit_order,cancelled,no_position_left_for_reduce_only,310261790960407359T756,1580462173
2026-10-03 05:00:21.919192+05:30 IST Asia/Kolkata,C-BTC-86200-031026,3,buy,0.00000000/3.00000000,,2.10000000,,0.00300000,0,,,limit_order,cancelled,no_position_left_for_reduce_only,310261790960407359T755,1580461936
2026-10-03 05:00:46.524746+05:30 IST Asia/Kolkata,P-BTC-84000-031026,3,sell,3.00000000/0.00000000,50.00000000,50.00000000,,0.00300000,0.006195,0.15,-0,limit_order,closed,,310261790983808287E0,1580461823
2026-10-03 04:59:51.331273+05:30 IST Asia/Kolkata,C-BTC-86200-031026,3,buy,0.00000000/3.00000000,,2.10000000,,0.00300000,0,,,limit_order,cancelled,no_position_left_for_reduce_only,310261790960407359T754,1580461598
2026-10-03 04:59:22.743447+05:30 IST Asia/Kolkata,C-BTC-86200-031026,3,buy,0.00000000/3.00000000,,2.10000000,,0.00300000,0,,,limit_order,cancelled,no_position_left_for_reduce_only,310261790960407359T753,1580461353
2026-10-03 04:58:55.198691+05:30 IST Asia/Kolkata,C-BTC-86200-031026,3,buy,0.00000000/3.00000000,,2.10000000,,0.00300000,0,,,limit_order,cancelled,no_position_left_for_reduce_only,310261790960407359T752,1580461116
2026-10-03 04:58:24.783390+05:30 IST Asia/Kolkata,C-BTC-86200-031026,3,buy,0.00000000/3.00000000,,2.10000000,,0.00300000,0,,,limit_order,cancelled,no_position_left_for_reduce_only,310261790960407359T751,1580460890
2026-10-03 04:57:55.020314+05:30 IST Asia/Kolkata,C-BTC-86200-031026,3,buy,0.00000000/3.00000000,,2.10000000,,0.00300000,0,,,limit_order,cancelled,no_position_left_for_reduce_only,310261790960407359T750,1580460696
2026-10-03 04:57:25.684203+05:30 IST Asia/Kolkata,C-BTC-86200-031026,3,buy,0.00000000/3.00000000,,2.10000000,,0.00300000,0,,,limit_order,cancelled,no_position_left_for_reduce_only,310261790960407359T749,1580460490
2026-10-03 04:56:57.011230+05:30 IST Asia/Kolkata,C-BTC-86200-031026,3,buy,0.00000000/3.00000000,,2.10000000,,0.00300000,0,,,limit_order,cancelled,no_position_left_for_reduce_only,310261790960407359T748,1580460254
2026-10-03 04:56:27.871385+05:30 IST Asia/Kolkata,C-BTC-86200-031026,3,buy,0.00000000/3.00000000,,2.10000000,,0.00300000,0,,,limit_order,cancelled,no_position_left_for_reduce_only,310261790960407359T747,1580460075
2026-10-03 04:55:59.425039+05:30 IST Asia/Kolkata,C-BTC-86200-031026,3,buy,0.00000000/3.00000000,,2.10000000,,0.00300000,0,,,limit_order,cancelled,no_position_left_for_reduce_only,310261790960407359T746,1580459871
2026-10-03 04:55:30.741559+05:30 IST Asia/Kolkata,C-BTC-86200-031026,3,buy,0.00000000/3.00000000,,2.10000000,,0.00300000,0,,,limit_order,cancelled,no_position_left_for_reduce_only,310261790960407359T745,1580459689
2026-10-03 04:55:02.375516+05:30 IST Asia/Kolkata,C-BTC-86200-031026,3,buy,0.00000000/3.00000000,,2.10000000,,0.00300000,0,,,limit_order,cancelled,no_position_left_for_reduce_only,310261790960407359T744,1580459490
2026-10-03 04:54:31.674815+05:30 IST Asia/Kolkata,C-BTC-86200-031026,3,buy,0.00000000/3.00000000,,2.10000000,,0.00300000,0,,,limit_order,cancelled,no_position_left_for_reduce_only,310261790960407359T743,1580459283
2026-10-03 04:54:02.152254+05:30 IST Asia/Kolkata,C-BTC-86200-031026,3,buy,0.00000000/3.00000000,,2.10000000,,0.00300000,0,,,limit_order,cancelled,no_position_left_for_reduce_only,310261790960407359T742,1580459160
2026-10-03 04:53:33.630602+05:30 IST Asia/Kolkata,C-BTC-86200-031026,3,buy,0.00000000/3.00000000,,2.10000000,,0.00300000,0,,,limit_order,cancelled,no_position_left_for_reduce_only,310261790960407359T741,1580459041
2026-10-03 04:53:05.350965+05:30 IST Asia/Kolkata,C-BTC-86200-031026,3,buy,0.00000000/3.00000000,,2.10000000,,0.00300000,0,,,limit_order,cancelled,no_position_left_for_reduce_only,310261790960407359T740,1580458803
2026-10-03 04:52:35.590733+05:30 IST Asia/Kolkata,C-BTC-86200-031026,3,buy,0.00000000/3.00000000,,2.10000000,,0.00300000,0,,,limit_order,cancelled,no_position_left_for_reduce_only,310261790960407359T739,1580458620
2026-10-03 04:52:07.003924+05:30 IST Asia/Kolkata,C-BTC-86200-031026,3,buy,0.00000000/3.00000000,,2.10000000,,0.00300000,0,,,limit_order,cancelled,no_position_left_for_reduce_only,310261790960407359T738,1580458434
2026-10-03 04:51:37.583662+05:30 IST Asia/Kolkata,C-BTC-86200-031026,3,buy,0.00000000/3.00000000,,2.10000000,,0.00300000,0,,,limit_order,cancelled,no_position_left_for_reduce_only,310261790960407359T737,1580458235
2026-10-03 04:51:09.219330+05:30 IST Asia/Kolkata,C-BTC-86200-031026,3,buy,0.00000000/3.00000000,,2.10000000,,0.00300000,0,,,limit_order,cancelled,no_position_left_for_reduce_only,310261790960407359T736,1580458013
2026-10-03 04:50:41.004917+05:30 IST Asia/Kolkata,C-BTC-86200-031026,3,buy,0.00000000/3.00000000,,2.10000000,,0.00300000,0,,,limit_order,cancelled,no_position_left_for_reduce_only,310261790960407359T735,1580457856
2026-10-03 04:50:11.839779+05:30 IST Asia/Kolkata,C-BTC-86200-031026,3,buy,0.00000000/3.00000000,,2.10000000,,0.00300000,0,,,limit_order,cancelled,no_position_left_for_reduce_only,310261790960407359T734,1580457693
2026-10-03 04:49:41.286751+05:30 IST Asia/Kolkata,C-BTC-86200-031026,3,buy,0.00000000/3.00000000,,2.10000000,,0.00300000,0,,,limit_order,cancelled,no_position_left_for_reduce_only,310261790960407359T733,1580457462
2026-10-03 04:49:12.002908+05:30 IST Asia/Kolkata,C-BTC-86200-031026,3,buy,0.00000000/3.00000000,,2.10000000,,0.00300000,0,,,limit_order,cancelled,no_position_left_for_reduce_only,310261790960407359T732,1580457188
2026-10-03 04:48:45.218526+05:30 IST Asia/Kolkata,C-BTC-86200-031026,3,buy,0.00000000/3.00000000,,2.10000000,,0.00300000,0,,,limit_order,cancelled,no_position_left_for_reduce_only,310261790960407359T731,1580456972
2026-10-03 04:48:16.516012+05:30 IST Asia/Kolkata,C-BTC-86200-031026,3,buy,0.00000000/3.00000000,,2.10000000,,0.00300000,0,,,limit_order,cancelled,no_position_left_for_reduce_only,310261790960407359T730,1580456736
2026-10-03 04:47:47.255544+05:30 IST Asia/Kolkata,C-BTC-86200-031026,3,buy,0.00000000/3.00000000,,2.10000000,,0.00300000,0,,,limit_order,cancelled,no_position_left_for_reduce_only,310261790960407359T729,1580456465
2026-10-03 04:47:17.751684+05:30 IST Asia/Kolkata,C-BTC-86200-031026,3,buy,0.00000000/3.00000000,,2.10000000,,0.00300000,0,,,limit_order,cancelled,no_position_left_for_reduce_only,310261790960407359T728,1580456269
2026-10-03 04:46:49.738467+05:30 IST Asia/Kolkata,C-BTC-86200-031026,3,buy,0.00000000/3.00000000,,2.10000000,,0.00300000,0,,,limit_order,cancelled,no_position_left_for_reduce_only,310261790960407359T727,1580456065
2026-10-03 04:46:20.931320+05:30 IST Asia/Kolkata,C-BTC-86200-031026,3,buy,0.00000000/3.00000000,,2.10000000,,0.00300000,0,,,limit_order,cancelled,no_position_left_for_reduce_only,310261790960407359T726,1580455888
2026-10-03 04:45:52.266728+05:30 IST Asia/Kolkata,C-BTC-86200-031026,3,buy,0.00000000/3.00000000,,2.10000000,,0.00300000,0,,,limit_order,cancelled,no_position_left_for_reduce_only,310261790960407359T725,1580455691
2026-10-03 04:45:22.459832+05:30 IST Asia/Kolkata,C-BTC-86200-031026,3,buy,0.00000000/3.00000000,,2.10000000,,0.00300000,0,,,limit_order,cancelled,no_position_left_for_reduce_only,310261790960407359T724,1580455457
2026-10-03 04:44:52.875535+05:30 IST Asia/Kolkata,C-BTC-86200-031026,3,buy,0.00000000/3.00000000,,2.10000000,,0.00300000,0,,,limit_order,cancelled,no_position_left_for_reduce_only,310261790960407359T723,1580455216
2026-10-03 04:44:23.831618+05:30 IST Asia/Kolkata,C-BTC-86200-031026,3,buy,0.00000000/3.00000000,,2.10000000,,0.00300000,0,,,limit_order,cancelled,no_position_left_for_reduce_only,310261790960407359T722,1580455014
2026-10-03 04:43:54.919972+05:30 IST Asia/Kolkata,C-BTC-86200-031026,3,buy,0.00000000/3.00000000,,2.10000000,,0.00300000,0,,,limit_order,cancelled,no_position_left_for_reduce_only,310261790960407359T721,1580454837
2026-10-03 04:43:25.347984+05:30 IST Asia/Kolkata,C-BTC-86200-031026,3,buy,0.00000000/3.00000000,,2.10000000,,0.00300000,0,,,limit_order,cancelled,no_position_left_for_reduce_only,310261790960407359T720,1580454668
2026-10-03 04:42:56.279222+05:30 IST Asia/Kolkata,C-BTC-86200-031026,3,buy,0.00000000/3.00000000,,2.10000000,,0.00300000,0,,,limit_order,cancelled,no_position_left_for_reduce_only,310261790960407359T719,1580454481
2026-10-03 04:42:27.550820+05:30 IST Asia/Kolkata,C-BTC-86200-031026,3,buy,0.00000000/3.00000000,,2.10000000,,0.00300000,0,,,limit_order,cancelled,no_position_left_for_reduce_only,310261790960407359T718,1580454272
2026-10-03 04:41:58.551414+05:30 IST Asia/Kolkata,C-BTC-86200-031026,3,buy,0.00000000/3.00000000,,2.10000000,,0.00300000,0,,,limit_order,cancelled,no_position_left_for_reduce_only,310261790960407359T717,1580454045
2026-10-03 04:41:28.535233+05:30 IST Asia/Kolkata,C-BTC-86200-031026,3,buy,0.00000000/3.00000000,,2.10000000,,0.00300000,0,,,limit_order,cancelled,no_position_left_for_reduce_only,310261790960407359T716,1580453898
2026-10-03 04:41:00.647498+05:30 IST Asia/Kolkata,C-BTC-86200-031026,3,buy,0.00000000/3.00000000,,2.10000000,,0.00300000,0,,,limit_order,cancelled,no_position_left_for_reduce_only,310261790960407359T715,1580453645
2026-10-03 04:40:31.298666+05:30 IST Asia/Kolkata,C-BTC-86200-031026,3,buy,0.00000000/3.00000000,,2.10000000,,0.00300000,0,,,limit_order,cancelled,no_position_left_for_reduce_only,310261790960407359T714,1580453441
2026-10-03 04:40:01.976590+05:30 IST Asia/Kolkata,C-BTC-86200-031026,3,buy,0.00000000/3.00000000,,2.10000000,,0.00300000,0,,,limit_order,cancelled,no_position_left_for_reduce_only,310261790960407359T713,1580453153
2026-10-03 04:39:32.174711+05:30 IST Asia/Kolkata,C-BTC-86200-031026,3,buy,0.00000000/3.00000000,,2.10000000,,0.00300000,0,,,limit_order,cancelled,no_position_left_for_reduce_only,310261790960407359T712,1580452988
2026-10-03 04:39:04.008806+05:30 IST Asia/Kolkata,C-BTC-86200-031026,3,buy,0.00000000/3.00000000,,2.10000000,,0.00300000,0,,,limit_order,cancelled,no_position_left_for_reduce_only,310261790960407359T711,1580452792
2026-10-03 04:38:33.603228+05:30 IST Asia/Kolkata,C-BTC-86200-031026,3,buy,0.00000000/3.00000000,,2.10000000,,0.00300000,0,,,limit_order,cancelled,no_position_left_for_reduce_only,310261790960407359T710,1580452587
2026-10-03 04:38:03.991737+05:30 IST Asia/Kolkata,C-BTC-86200-031026,3,buy,0.00000000/3.00000000,,2.10000000,,0.00300000,0,,,limit_order,cancelled,no_position_left_for_reduce_only,310261790960407359T709,1580452368
2026-10-03 04:37:34.103658+05:30 IST Asia/Kolkata,C-BTC-86200-031026,3,buy,0.00000000/3.00000000,,2.10000000,,0.00300000,0,,,limit_order,cancelled,no_position_left_for_reduce_only,310261790960407359T708,1580452210
2026-10-03 04:37:05.817613+05:30 IST Asia/Kolkata,C-BTC-86200-031026,3,buy,0.00000000/3.00000000,,2.10000000,,0.00300000,0,,,limit_order,cancelled,no_position_left_for_reduce_only,310261790960407359T707,1580452000
2026-10-03 04:36:36.134730+05:30 IST Asia/Kolkata,C-BTC-86200-031026,3,buy,0.00000000/3.00000000,,2.10000000,,0.00300000,0,,,limit_order,cancelled,no_position_left_for_reduce_only,310261790960407359T706,1580451764
2026-10-03 04:36:07.692135+05:30 IST Asia/Kolkata,C-BTC-86200-031026,3,buy,0.00000000/3.00000000,,2.10000000,,0.00300000,0,,,limit_order,cancelled,no_position_left_for_reduce_only,310261790960407359T705,1580451550
2026-10-03 04:35:38.102963+05:30 IST Asia/Kolkata,C-BTC-86200-031026,3,buy,0.00000000/3.00000000,,2.10000000,,0.00300000,0,,,limit_order,cancelled,no_position_left_for_reduce_only,310261790960407359T704,1580451313
2026-10-03 04:35:09.576920+05:30 IST Asia/Kolkata,C-BTC-86200-031026,3,buy,0.00000000/3.00000000,,2.10000000,,0.00300000,0,,,limit_order,cancelled,no_position_left_for_reduce_only,310261790960407359T703,1580451072
2026-10-03 04:34:40.040036+05:30 IST Asia/Kolkata,C-BTC-86200-031026,3,buy,0.00000000/3.00000000,,2.10000000,,0.00300000,0,,,limit_order,cancelled,no_position_left_for_reduce_only,310261790960407359T702,1580450803
2026-10-03 04:34:10.411164+05:30 IST Asia/Kolkata,C-BTC-86200-031026,3,buy,0.00000000/3.00000000,,2.10000000,,0.00300000,0,,,limit_order,cancelled,no_position_left_for_reduce_only,310261790960407359T701,1580450629
2026-10-03 04:33:41.069491+05:30 IST Asia/Kolkata,C-BTC-86200-031026,3,buy,0.00000000/3.00000000,,2.10000000,,0.00300000,0,,,limit_order,cancelled,no_position_left_for_reduce_only,310261790960407359T700,1580450391
2026-10-03 04:33:12.559827+05:30 IST Asia/Kolkata,C-BTC-86200-031026,3,buy,0.00000000/3.00000000,,2.10000000,,0.00300000,0,,,limit_order,cancelled,no_position_left_for_reduce_only,310261790960407359T699,1580450159
2026-10-03 04:32:43.232021+05:30 IST Asia/Kolkata,C-BTC-86200-031026,3,buy,0.00000000/3.00000000,,2.10000000,,0.00300000,0,,,limit_order,cancelled,no_position_left_for_reduce_only,310261790960407359T698,1580449932
2026-10-03 04:32:13.816026+05:30 IST Asia/Kolkata,C-BTC-86200-031026,3,buy,0.00000000/3.00000000,,2.10000000,,0.00300000,0,,,limit_order,cancelled,no_position_left_for_reduce_only,310261790960407359T697,1580449688
2026-10-03 04:31:44.071027+05:30 IST Asia/Kolkata,C-BTC-86200-031026,3,buy,0.00000000/3.00000000,,2.10000000,,0.00300000,0,,,limit_order,cancelled,no_position_left_for_reduce_only,310261790960407359T696,1580449429
2026-10-03 04:31:15.542839+05:30 IST Asia/Kolkata,C-BTC-86200-031026,3,buy,0.00000000/3.00000000,,2.10000000,,0.00300000,0,,,limit_order,cancelled,no_position_left_for_reduce_only,310261790960407359T695,1580449212
2026-10-03 04:30:46.972361+05:30 IST Asia/Kolkata,C-BTC-86200-031026,3,buy,0.00000000/3.00000000,,2.10000000,,0.00300000,0,,,limit_order,cancelled,no_position_left_for_reduce_only,310261790960407359T694,1580448984
2026-10-03 04:30:18.740209+05:30 IST Asia/Kolkata,C-BTC-86200-031026,3,buy,0.00000000/3.00000000,,2.10000000,,0.00300000,0,,,limit_order,cancelled,no_position_left_for_reduce_only,310261790960407359T693,1580448719
2026-10-03 04:29:49.954730+05:30 IST Asia/Kolkata,C-BTC-86200-031026,3,buy,0.00000000/3.00000000,,2.10000000,,0.00300000,0,,,limit_order,cancelled,no_position_left_for_reduce_only,310261790960407359T692,1580448104
2026-10-03 04:29:22.726676+05:30 IST Asia/Kolkata,C-BTC-86200-031026,3,buy,0.00000000/3.00000000,,2.10000000,,0.00300000,0,,,limit_order,cancelled,no_position_left_for_reduce_only,310261790960407359T691,1580447886
2026-10-03 04:28:53.999420+05:30 IST Asia/Kolkata,C-BTC-86200-031026,3,buy,0.00000000/3.00000000,,2.10000000,,0.00300000,0,,,limit_order,cancelled,no_position_left_for_reduce_only,310261790960407359T690,1580447675
2026-10-03 04:28:25.487755+05:30 IST Asia/Kolkata,C-BTC-86200-031026,3,buy,0.00000000/3.00000000,,2.10000000,,0.00300000,0,,,limit_order,cancelled,no_position_left_for_reduce_only,310261790960407359T689,1580447467
2026-10-03 04:27:56.403300+05:30 IST Asia/Kolkata,C-BTC-86200-031026,3,buy,0.00000000/3.00000000,,2.10000000,,0.00300000,0,,,limit_order,cancelled,no_position_left_for_reduce_only,310261790960407359T688,1580447251
2026-10-03 04:27:29.252639+05:30 IST Asia/Kolkata,C-BTC-86200-031026,3,buy,0.00000000/3.00000000,,2.10000000,,0.00300000,0,,,limit_order,cancelled,no_position_left_for_reduce_only,310261790960407359T687,1580447100
2026-10-03 04:27:00.932130+05:30 IST Asia/Kolkata,C-BTC-86200-031026,3,buy,0.00000000/3.00000000,,2.10000000,,0.00300000,0,,,limit_order,cancelled,no_position_left_for_reduce_only,310261790960407359T686,1580446850
2026-10-03 04:26:32.723483+05:30 IST Asia/Kolkata,C-BTC-86200-031026,3,buy,0.00000000/3.00000000,,2.10000000,,0.00300000,0,,,limit_order,cancelled,no_position_left_for_reduce_only,310261790960407359T685,1580446692
2026-10-03 04:26:02.987326+05:30 IST Asia/Kolkata,C-BTC-86200-031026,3,buy,0.00000000/3.00000000,,2.10000000,,0.00300000,0,,,limit_order,cancelled,no_position_left_for_reduce_only,310261790960407359T684,1580446491
2026-10-03 04:25:33.931384+05:30 IST Asia/Kolkata,C-BTC-86200-031026,3,buy,0.00000000/3.00000000,,2.10000000,,0.00300000,0,,,limit_order,cancelled,no_position_left_for_reduce_only,310261790960407359T683,1580446261
2026-10-03 04:25:05.060040+05:30 IST Asia/Kolkata,C-BTC-86200-031026,3,buy,0.00000000/3.00000000,,2.10000000,,0.00300000,0,,,limit_order,cancelled,no_position_left_for_reduce_only,310261790960407359T682,1580446081
2026-10-03 04:24:36.494954+05:30 IST Asia/Kolkata,C-BTC-86200-031026,3,buy,0.00000000/3.00000000,,2.10000000,,0.00300000,0,,,limit_order,cancelled,no_position_left_for_reduce_only,310261790960407359T681,1580445876
2026-10-03 04:24:07.911650+05:30 IST Asia/Kolkata,C-BTC-86200-031026,3,buy,0.00000000/3.00000000,,2.10000000,,0.00300000,0,,,limit_order,cancelled,no_position_left_for_reduce_only,310261790960407359T680,1580445662
2026-10-03 04:23:39.459078+05:30 IST Asia/Kolkata,C-BTC-86200-031026,3,buy,0.00000000/3.00000000,,2.10000000,,0.00300000,0,,,limit_order,cancelled,no_position_left_for_reduce_only,310261790960407359T679,1580445457
2026-10-03 04:23:10.963107+05:30 IST Asia/Kolkata,C-BTC-86200-031026,3,buy,0.00000000/3.00000000,,2.10000000,,0.00300000,0,,,limit_order,cancelled,no_position_left_for_reduce_only,310261790960407359T678,1580445246
2026-10-03 04:22:43.323685+05:30 IST Asia/Kolkata,C-BTC-86200-031026,3,buy,0.00000000/3.00000000,,2.10000000,,0.00300000,0,,,limit_order,cancelled,no_position_left_for_reduce_only,310261790960407359T677,1580445041
2026-10-03 04:22:15.291144+05:30 IST Asia/Kolkata,C-BTC-86200-031026,3,buy,0.00000000/3.00000000,,2.10000000,,0.00300000,0,,,limit_order,cancelled,no_position_left_for_reduce_only,310261790960407359T676,1580444816
2026-10-03 04:21:47.501097+05:30 IST Asia/Kolkata,C-BTC-86200-031026,3,buy,0.00000000/3.00000000,,2.10000000,,0.00300000,0,,,limit_order,cancelled,no_position_left_for_reduce_only,310261790960407359T675,1580444584
2026-10-03 04:21:18.124073+05:30 IST Asia/Kolkata,C-BTC-86200-031026,3,buy,0.00000000/3.00000000,,2.10000000,,0.00300000,0,,,limit_order,cancelled,no_position_left_for_reduce_only,310261790960407359T674,1580444393
2026-10-03 04:20:49.390475+05:30 IST Asia/Kolkata,C-BTC-86200-031026,3,buy,0.00000000/3.00000000,,2.10000000,,0.00300000,0,,,limit_order,cancelled,no_position_left_for_reduce_only,310261790960407359T673,1580444184
2026-10-03 04:20:20.861483+05:30 IST Asia/Kolkata,C-BTC-86200-031026,3,buy,0.00000000/3.00000000,,2.10000000,,0.00300000,0,,,limit_order,cancelled,no_position_left_for_reduce_only,310261790960407359T672,1580443968
2026-10-03 04:19:51.667813+05:30 IST Asia/Kolkata,C-BTC-86200-031026,3,buy,0.00000000/3.00000000,,2.10000000,,0.00300000,0,,,limit_order,cancelled,no_position_left_for_reduce_only,310261790960407359T671,1580443715
2026-10-03 04:19:21.784295+05:30 IST Asia/Kolkata,C-BTC-86200-031026,3,buy,0.00000000/3.00000000,,2.10000000,,0.00300000,0,,,limit_order,cancelled,no_position_left_for_reduce_only,310261790960407359T670,1580443385
2026-10-03 04:18:53.351572+05:30 IST Asia/Kolkata,C-BTC-86200-031026,3,buy,0.00000000/3.00000000,,2.10000000,,0.00300000,0,,,limit_order,cancelled,no_position_left_for_reduce_only,310261790960407359T669,1580443032
2026-10-03 04:18:23.838617+05:30 IST Asia/Kolkata,C-BTC-86200-031026,3,buy,0.00000000/3.00000000,,2.10000000,,0.00300000,0,,,limit_order,cancelled,no_position_left_for_reduce_only,310261790960407359T668,1580442773
2026-10-03 04:17:55.604297+05:30 IST Asia/Kolkata,C-BTC-86200-031026,3,buy,0.00000000/3.00000000,,2.10000000,,0.00300000,0,,,limit_order,cancelled,no_position_left_for_reduce_only,310261790960407359T667,1580442547
2026-10-03 04:17:26.796412+05:30 IST Asia/Kolkata,C-BTC-86200-031026,3,buy,0.00000000/3.00000000,,2.10000000,,0.00300000,0,,,limit_order,cancelled,no_position_left_for_reduce_only,310261790960407359T666,1580442340
2026-10-03 04:16:58.508426+05:30 IST Asia/Kolkata,C-BTC-86200-031026,3,buy,0.00000000/3.00000000,,2.10000000,,0.00300000,0,,,limit_order,cancelled,no_position_left_for_reduce_only,310261790960407359T665,1580442125
2026-10-03 04:16:28.857598+05:30 IST Asia/Kolkata,C-BTC-86200-031026,3,buy,0.00000000/3.00000000,,2.10000000,,0.00300000,0,,,limit_order,cancelled,no_position_left_for_reduce_only,310261790960407359T664,1580441905
2026-10-03 04:16:00.044487+05:30 IST Asia/Kolkata,C-BTC-86200-031026,3,buy,0.00000000/3.00000000,,2.10000000,,0.00300000,0,,,limit_order,cancelled,no_position_left_for_reduce_only,310261790960407359T663,1580441712
2026-10-03 04:15:30.738975+05:30 IST Asia/Kolkata,C-BTC-86200-031026,3,buy,0.00000000/3.00000000,,2.10000000,,0.00300000,0,,,limit_order,cancelled,no_position_left_for_reduce_only,310261790960407359T662,1580441539
2026-10-03 04:15:02.223292+05:30 IST Asia/Kolkata,C-BTC-86200-031026,3,buy,0.00000000/3.00000000,,2.10000000,,0.00300000,0,,,limit_order,cancelled,no_position_left_for_reduce_only,310261790960407359T661,1580441308
2026-10-03 04:14:31.762794+05:30 IST Asia/Kolkata,C-BTC-86200-031026,3,buy,0.00000000/3.00000000,,2.10000000,,0.00300000,0,,,limit_order,cancelled,no_position_left_for_reduce_only,310261790960407359T660,1580441126
2026-10-03 04:14:02.771045+05:30 IST Asia/Kolkata,C-BTC-86200-031026,3,buy,0.00000000/3.00000000,,2.10000000,,0.00300000,0,,,limit_order,cancelled,no_position_left_for_reduce_only,310261790960407359T659,1580440911
2026-10-03 04:13:33.742734+05:30 IST Asia/Kolkata,C-BTC-86200-031026,3,buy,0.00000000/3.00000000,,2.10000000,,0.00300000,0,,,limit_order,cancelled,no_position_left_for_reduce_only,310261790960407359T658,1580440731
2026-10-03 04:13:06.098577+05:30 IST Asia/Kolkata,C-BTC-86200-031026,3,buy,0.00000000/3.00000000,,2.10000000,,0.00300000,0,,,limit_order,cancelled,no_position_left_for_reduce_only,310261790960407359T657,1580440586
2026-10-03 04:12:36.715580+05:30 IST Asia/Kolkata,C-BTC-86200-031026,3,buy,0.00000000/3.00000000,,2.10000000,,0.00300000,0,,,limit_order,cancelled,no_position_left_for_reduce_only,310261790960407359T656,1580440397
2026-10-03 04:12:07.678604+05:30 IST Asia/Kolkata,C-BTC-86200-031026,3,buy,0.00000000/3.00000000,,2.10000000,,0.00300000,0,,,limit_order,cancelled,no_position_left_for_reduce_only,310261790960407359T655,1580440219
2026-10-03 04:11:38.691564+05:30 IST Asia/Kolkata,C-BTC-86200-031026,3,buy,0.00000000/3.00000000,,2.10000000,,0.00300000,0,,,limit_order,cancelled,no_position_left_for_reduce_only,310261790960407359T654,1580440013
2026-10-03 04:11:10.397987+05:30 IST Asia/Kolkata,C-BTC-86200-031026,3,buy,0.00000000/3.00000000,,2.10000000,,0.00300000,0,,,limit_order,cancelled,no_position_left_for_reduce_only,310261790960407359T653,1580439798
2026-10-03 04:10:40.632693+05:30 IST Asia/Kolkata,C-BTC-86200-031026,3,buy,0.00000000/3.00000000,,2.10000000,,0.00300000,0,,,limit_order,cancelled,no_position_left_for_reduce_only,310261790960407359T652,1580439510
2026-10-03 04:10:11.868778+05:30 IST Asia/Kolkata,C-BTC-86200-031026,3,buy,0.00000000/3.00000000,,2.10000000,,0.00300000,0,,,limit_order,cancelled,no_position_left_for_reduce_only,310261790960407359T651,1580439256
2026-10-03 04:09:42.076601+05:30 IST Asia/Kolkata,C-BTC-86200-031026,3,buy,0.00000000/3.00000000,,2.10000000,,0.00300000,0,,,limit_order,cancelled,no_position_left_for_reduce_only,310261790960407359T650,1580438974
2026-10-03 04:09:13.951063+05:30 IST Asia/Kolkata,C-BTC-86200-031026,3,buy,0.00000000/3.00000000,,2.10000000,,0.00300000,0,,,limit_order,cancelled,no_position_left_for_reduce_only,310261790960407359T649,1580438619
2026-10-03 04:08:43.307608+05:30 IST Asia/Kolkata,C-BTC-86200-031026,3,buy,0.00000000/3.00000000,,2.10000000,,0.00300000,0,,,limit_order,cancelled,no_position_left_for_reduce_only,310261790960407359T648,1580438347
2026-10-03 04:08:15.141042+05:30 IST Asia/Kolkata,C-BTC-86200-031026,3,buy,0.00000000/3.00000000,,2.10000000,,0.00300000,0,,,limit_order,cancelled,no_position_left_for_reduce_only,310261790960407359T647,1580438178
2026-10-03 04:07:46.075821+05:30 IST Asia/Kolkata,C-BTC-86200-031026,3,buy,0.00000000/3.00000000,,2.10000000,,0.00300000,0,,,limit_order,cancelled,no_position_left_for_reduce_only,310261790960407359T646,1580437863
2026-10-03 04:07:18.357172+05:30 IST Asia/Kolkata,C-BTC-86200-031026,3,buy,0.00000000/3.00000000,,2.10000000,,0.00300000,0,,,limit_order,cancelled,no_position_left_for_reduce_only,310261790960407359T645,1580437750
2026-10-03 04:06:49.604877+05:30 IST Asia/Kolkata,C-BTC-86200-031026,3,buy,0.00000000/3.00000000,,2.10000000,,0.00300000,0,,,limit_order,cancelled,no_position_left_for_reduce_only,310261790960407359T644,1580437631
2026-10-03 04:06:21.338456+05:30 IST Asia/Kolkata,C-BTC-86200-031026,3,buy,0.00000000/3.00000000,,2.10000000,,0.00300000,0,,,limit_order,cancelled,no_position_left_for_reduce_only,310261790960407359T643,1580437486
2026-10-03 04:05:51.567217+05:30 IST Asia/Kolkata,C-BTC-86200-031026,3,buy,0.00000000/3.00000000,,2.10000000,,0.00300000,0,,,limit_order,cancelled,no_position_left_for_reduce_only,310261790960407359T642,1580437336
2026-10-03 04:05:23.197023+05:30 IST Asia/Kolkata,C-BTC-86200-031026,3,buy,0.00000000/3.00000000,,2.10000000,,0.00300000,0,,,limit_order,cancelled,no_position_left_for_reduce_only,310261790960407359T641,1580437193
2026-10-03 04:04:53.500198+05:30 IST Asia/Kolkata,C-BTC-86200-031026,3,buy,0.00000000/3.00000000,,2.10000000,,0.00300000,0,,,limit_order,cancelled,no_position_left_for_reduce_only,310261790960407359T640,1580437016
2026-10-03 04:04:26.067597+05:30 IST Asia/Kolkata,C-BTC-86200-031026,3,buy,0.00000000/3.00000000,,2.10000000,,0.00300000,0,,,limit_order,cancelled,no_position_left_for_reduce_only,310261790960407359T639,1580436904
2026-10-03 04:03:57.576049+05:30 IST Asia/Kolkata,C-BTC-86200-031026,3,buy,0.00000000/3.00000000,,2.10000000,,0.00300000,0,,,limit_order,cancelled,no_position_left_for_reduce_only,310261790960407359T638,1580436729
2026-10-03 04:03:29.282890+05:30 IST Asia/Kolkata,C-BTC-86200-031026,3,buy,0.00000000/3.00000000,,2.10000000,,0.00300000,0,,,limit_order,cancelled,no_position_left_for_reduce_only,310261790960407359T637,1580436565
2026-10-03 04:02:59.274706+05:30 IST Asia/Kolkata,C-BTC-86200-031026,3,buy,0.00000000/3.00000000,,2.10000000,,0.00300000,0,,,limit_order,cancelled,no_position_left_for_reduce_only,310261790960407359T636,1580436414
2026-10-03 04:02:30.519001+05:30 IST Asia/Kolkata,C-BTC-86200-031026,3,buy,0.00000000/3.00000000,,2.10000000,,0.00300000,0,,,limit_order,cancelled,no_position_left_for_reduce_only,310261790960407359T635,1580436255
2026-10-03 04:02:02.627860+05:30 IST Asia/Kolkata,C-BTC-86200-031026,3,buy,0.00000000/3.00000000,,2.10000000,,0.00300000,0,,,limit_order,cancelled,no_position_left_for_reduce_only,310261790960407359T634,1580436063
2026-10-03 04:01:34.795433+05:30 IST Asia/Kolkata,C-BTC-86200-031026,3,buy,0.00000000/3.00000000,,2.10000000,,0.00300000,0,,,limit_order,cancelled,no_position_left_for_reduce_only,310261790960407359T633,1580435886
2026-10-03 04:01:06.468133+05:30 IST Asia/Kolkata,C-BTC-86200-031026,3,buy,0.00000000/3.00000000,,2.10000000,,0.00300000,0,,,limit_order,cancelled,no_position_left_for_reduce_only,310261790960407359T632,1580435696
2026-10-03 04:00:38.188301+05:30 IST Asia/Kolkata,C-BTC-86200-031026,3,buy,0.00000000/3.00000000,,2.10000000,,0.00300000,0,,,limit_order,cancelled,no_position_left_for_reduce_only,310261790960407359T631,1580435512
2026-10-03 04:00:08.403612+05:30 IST Asia/Kolkata,C-BTC-86200-031026,3,buy,0.00000000/3.00000000,,2.10000000,,0.00300000,0,,,limit_order,cancelled,no_position_left_for_reduce_only,310261790960407359T630,1580433191
2026-10-03 03:59:40.094013+05:30 IST Asia/Kolkata,C-BTC-86200-031026,3,buy,0.00000000/3.00000000,,2.10000000,,0.00300000,0,,,limit_order,cancelled,no_position_left_for_reduce_only,310261790960407359T629,1580432989
2026-10-03 03:59:11.075703+05:30 IST Asia/Kolkata,C-BTC-86200-031026,3,buy,0.00000000/3.00000000,,2.10000000,,0.00300000,0,,,limit_order,cancelled,no_position_left_for_reduce_only,310261790960407359T628,1580432775
2026-10-03 03:58:42.795221+05:30 IST Asia/Kolkata,C-BTC-86200-031026,3,buy,0.00000000/3.00000000,,2.10000000,,0.00300000,0,,,limit_order,cancelled,no_position_left_for_reduce_only,310261790960407359T627,1580432621
2026-10-03 03:58:13.837408+05:30 IST Asia/Kolkata,C-BTC-86200-031026,3,buy,0.00000000/3.00000000,,2.10000000,,0.00300000,0,,,limit_order,cancelled,no_position_left_for_reduce_only,310261790960407359T626,1580432465
2026-10-03 03:57:45.835590+05:30 IST Asia/Kolkata,C-BTC-86200-031026,3,buy,0.00000000/3.00000000,,2.10000000,,0.00300000,0,,,limit_order,cancelled,no_position_left_for_reduce_only,310261790960407359T625,1580432338
2026-10-03 03:57:17.347663+05:30 IST Asia/Kolkata,C-BTC-86200-031026,3,buy,0.00000000/3.00000000,,2.10000000,,0.00300000,0,,,limit_order,cancelled,no_position_left_for_reduce_only,310261790960407359T624,1580432179
2026-10-03 03:56:49.215719+05:30 IST Asia/Kolkata,C-BTC-86200-031026,3,buy,0.00000000/3.00000000,,2.10000000,,0.00300000,0,,,limit_order,cancelled,no_position_left_for_reduce_only,310261790960407359T623,1580431961
2026-10-03 03:56:20.287351+05:30 IST Asia/Kolkata,C-BTC-86200-031026,3,buy,0.00000000/3.00000000,,2.10000000,,0.00300000,0,,,limit_order,cancelled,no_position_left_for_reduce_only,310261790960407359T622,1580431785
2026-10-03 03:55:51.952164+05:30 IST Asia/Kolkata,C-BTC-86200-031026,3,buy,0.00000000/3.00000000,,2.10000000,,0.00300000,0,,,limit_order,cancelled,no_position_left_for_reduce_only,310261790960407359T621,1580431652
2026-10-03 03:55:22.268002+05:30 IST Asia/Kolkata,C-BTC-86200-031026,3,buy,0.00000000/3.00000000,,2.10000000,,0.00300000,0,,,limit_order,cancelled,no_position_left_for_reduce_only,310261790960407359T620,1580431470
2026-10-03 03:54:53.715461+05:30 IST Asia/Kolkata,C-BTC-86200-031026,3,buy,0.00000000/3.00000000,,2.10000000,,0.00300000,0,,,limit_order,cancelled,no_position_left_for_reduce_only,310261790960407359T619,1580431258
2026-10-03 03:54:23.538775+05:30 IST Asia/Kolkata,C-BTC-86200-031026,3,buy,0.00000000/3.00000000,,2.10000000,,0.00300000,0,,,limit_order,cancelled,no_position_left_for_reduce_only,310261790960407359T618,1580431054
2026-10-03 03:53:54.551126+05:30 IST Asia/Kolkata,C-BTC-86200-031026,3,buy,0.00000000/3.00000000,,2.10000000,,0.00300000,0,,,limit_order,cancelled,no_position_left_for_reduce_only,310261790960407359T617,1580430906
2026-10-03 03:53:25.872568+05:30 IST Asia/Kolkata,C-BTC-86200-031026,3,buy,0.00000000/3.00000000,,2.10000000,,0.00300000,0,,,limit_order,cancelled,no_position_left_for_reduce_only,310261790960407359T616,1580430748
2026-10-03 03:52:56.220090+05:30 IST Asia/Kolkata,C-BTC-86200-031026,3,buy,0.00000000/3.00000000,,2.10000000,,0.00300000,0,,,limit_order,cancelled,no_position_left_for_reduce_only,310261790960407359T615,1580430610
2026-10-03 03:52:27.738311+05:30 IST Asia/Kolkata,C-BTC-86200-031026,3,buy,0.00000000/3.00000000,,2.10000000,,0.00300000,0,,,limit_order,cancelled,no_position_left_for_reduce_only,310261790960407359T614,1580430472
2026-10-03 03:51:59.211380+05:30 IST Asia/Kolkata,C-BTC-86200-031026,3,buy,0.00000000/3.00000000,,2.10000000,,0.00300000,0,,,limit_order,cancelled,no_position_left_for_reduce_only,310261790960407359T613,1580430105
2026-10-03 03:51:31.953771+05:30 IST Asia/Kolkata,C-BTC-86200-031026,3,buy,0.00000000/3.00000000,,2.10000000,,0.00300000,0,,,limit_order,cancelled,no_position_left_for_reduce_only,310261790960407359T612,1580429727
2026-10-03 03:51:03.213752+05:30 IST Asia/Kolkata,C-BTC-86200-031026,3,buy,0.00000000/3.00000000,,2.10000000,,0.00300000,0,,,limit_order,cancelled,no_position_left_for_reduce_only,310261790960407359T611,1580429413
2026-10-03 03:50:34.723460+05:30 IST Asia/Kolkata,C-BTC-86200-031026,3,buy,0.00000000/3.00000000,,2.10000000,,0.00300000,0,,,limit_order,cancelled,no_position_left_for_reduce_only,310261790960407359T610,1580429262
2026-10-03 03:50:05.610444+05:30 IST Asia/Kolkata,C-BTC-86200-031026,3,buy,0.00000000/3.00000000,,2.10000000,,0.00300000,0,,,limit_order,cancelled,no_position_left_for_reduce_only,310261790960407359T609,1580429085
2026-10-03 03:49:37.012119+05:30 IST Asia/Kolkata,C-BTC-86200-031026,3,buy,0.00000000/3.00000000,,2.10000000,,0.00300000,0,,,limit_order,cancelled,no_position_left_for_reduce_only,310261790960407359T608,1580428915
2026-10-03 03:49:08.144620+05:30 IST Asia/Kolkata,C-BTC-86200-031026,3,buy,0.00000000/3.00000000,,2.10000000,,0.00300000,0,,,limit_order,cancelled,no_position_left_for_reduce_only,310261790960407359T607,1580428755
2026-10-03 03:48:38.732365+05:30 IST Asia/Kolkata,C-BTC-86200-031026,3,buy,0.00000000/3.00000000,,2.10000000,,0.00300000,0,,,limit_order,cancelled,no_position_left_for_reduce_only,310261790960407359T606,1580428556
2026-10-03 03:48:10.385411+05:30 IST Asia/Kolkata,C-BTC-86200-031026,3,buy,0.00000000/3.00000000,,2.10000000,,0.00300000,0,,,limit_order,cancelled,no_position_left_for_reduce_only,310261790960407359T605,1580428385
2026-10-03 03:47:42.010983+05:30 IST Asia/Kolkata,C-BTC-86200-031026,3,buy,0.00000000/3.00000000,,2.10000000,,0.00300000,0,,,limit_order,cancelled,no_position_left_for_reduce_only,310261790960407359T604,1580428195
2026-10-03 03:47:11.915782+05:30 IST Asia/Kolkata,C-BTC-86200-031026,3,buy,0.00000000/3.00000000,,2.10000000,,0.00300000,0,,,limit_order,cancelled,no_position_left_for_reduce_only,310261790960407359T603,1580428041
2026-10-03 03:46:43.923147+05:30 IST Asia/Kolkata,C-BTC-86200-031026,3,buy,0.00000000/3.00000000,,2.10000000,,0.00300000,0,,,limit_order,cancelled,no_position_left_for_reduce_only,310261790960407359T602,1580427849
2026-10-03 03:46:13.115302+05:30 IST Asia/Kolkata,C-BTC-86200-031026,3,buy,0.00000000/3.00000000,,2.10000000,,0.00300000,0,,,limit_order,cancelled,no_position_left_for_reduce_only,310261790960407359T601,1580427608
2026-10-03 03:45:44.707381+05:30 IST Asia/Kolkata,C-BTC-86200-031026,3,buy,0.00000000/3.00000000,,2.10000000,,0.00300000,0,,,limit_order,cancelled,no_position_left_for_reduce_only,310261790960407359T600,1580427402
2026-10-03 03:45:15.612987+05:30 IST Asia/Kolkata,C-BTC-86200-031026,3,buy,0.00000000/3.00000000,,2.10000000,,0.00300000,0,,,limit_order,cancelled,no_position_left_for_reduce_only,310261790960407359T599,1580427196
2026-10-03 03:44:47.628271+05:30 IST Asia/Kolkata,C-BTC-86200-031026,3,buy,0.00000000/3.00000000,,2.10000000,,0.00300000,0,,,limit_order,cancelled,no_position_left_for_reduce_only,310261790960407359T598,1580426974
2026-10-03 03:44:18.343700+05:30 IST Asia/Kolkata,C-BTC-86200-031026,3,buy,0.00000000/3.00000000,,2.10000000,,0.00300000,0,,,limit_order,cancelled,no_position_left_for_reduce_only,310261790960407359T597,1580426724
2026-10-03 03:43:50.011503+05:30 IST Asia/Kolkata,C-BTC-86200-031026,3,buy,0.00000000/3.00000000,,2.10000000,,0.00300000,0,,,limit_order,cancelled,no_position_left_for_reduce_only,310261790960407359T596,1580426582
2026-10-03 03:43:21.043880+05:30 IST Asia/Kolkata,C-BTC-86200-031026,3,buy,0.00000000/3.00000000,,2.10000000,,0.00300000,0,,,limit_order,cancelled,no_position_left_for_reduce_only,310261790960407359T595,1580426390
2026-10-03 03:42:52.604245+05:30 IST Asia/Kolkata,C-BTC-86200-031026,3,buy,0.00000000/3.00000000,,2.10000000,,0.00300000,0,,,limit_order,cancelled,no_position_left_for_reduce_only,310261790960407359T594,1580426200
2026-10-03 03:42:22.995626+05:30 IST Asia/Kolkata,C-BTC-86200-031026,3,buy,0.00000000/3.00000000,,2.10000000,,0.00300000,0,,,limit_order,cancelled,no_position_left_for_reduce_only,310261790960407359T593,1580425998
2026-10-03 03:41:54.540778+05:30 IST Asia/Kolkata,C-BTC-86200-031026,3,buy,0.00000000/3.00000000,,2.10000000,,0.00300000,0,,,limit_order,cancelled,no_position_left_for_reduce_only,310261790960407359T592,1580425862
2026-10-03 03:41:26.027688+05:30 IST Asia/Kolkata,C-BTC-86200-031026,3,buy,0.00000000/3.00000000,,2.10000000,,0.00300000,0,,,limit_order,cancelled,no_position_left_for_reduce_only,310261790960407359T591,1580425732
2026-10-03 03:40:57.991504+05:30 IST Asia/Kolkata,C-BTC-86200-031026,3,buy,0.00000000/3.00000000,,2.10000000,,0.00300000,0,,,limit_order,cancelled,no_position_left_for_reduce_only,310261790960407359T590,1580425604
2026-10-03 03:40:27.972705+05:30 IST Asia/Kolkata,C-BTC-86200-031026,3,buy,0.00000000/3.00000000,,2.10000000,,0.00300000,0,,,limit_order,cancelled,no_position_left_for_reduce_only,310261790960407359T589,1580425472
2026-10-03 03:39:59.811573+05:30 IST Asia/Kolkata,C-BTC-86200-031026,3,buy,0.00000000/3.00000000,,2.10000000,,0.00300000,0,,,limit_order,cancelled,no_position_left_for_reduce_only,310261790960407359T588,1580425340
2026-10-03 03:39:29.920191+05:30 IST Asia/Kolkata,C-BTC-86200-031026,3,buy,0.00000000/3.00000000,,2.10000000,,0.00300000,0,,,limit_order,cancelled,no_position_left_for_reduce_only,310261790960407359T587,1580425230
2026-10-03 03:39:02.514817+05:30 IST Asia/Kolkata,C-BTC-86200-031026,3,buy,0.00000000/3.00000000,,2.10000000,,0.00300000,0,,,limit_order,cancelled,no_position_left_for_reduce_only,310261790960407359T586,1580425101
2026-10-03 03:38:33.952581+05:30 IST Asia/Kolkata,C-BTC-86200-031026,3,buy,0.00000000/3.00000000,,2.10000000,,0.00300000,0,,,limit_order,cancelled,no_position_left_for_reduce_only,310261790960407359T585,1580424963
2026-10-03 03:38:06.183333+05:30 IST Asia/Kolkata,C-BTC-86200-031026,3,buy,0.00000000/3.00000000,,2.10000000,,0.00300000,0,,,limit_order,cancelled,no_position_left_for_reduce_only,310261790960407359T584,1580424812
2026-10-03 03:37:36.916406+05:30 IST Asia/Kolkata,C-BTC-86200-031026,3,buy,0.00000000/3.00000000,,2.10000000,,0.00300000,0,,,limit_order,cancelled,no_position_left_for_reduce_only,310261790960407359T583,1580424596
2026-10-03 03:37:08.427033+05:30 IST Asia/Kolkata,C-BTC-86200-031026,3,buy,0.00000000/3.00000000,,2.10000000,,0.00300000,0,,,limit_order,cancelled,no_position_left_for_reduce_only,310261790960407359T582,1580424336
2026-10-03 03:36:38.840645+05:30 IST Asia/Kolkata,C-BTC-86200-031026,3,buy,0.00000000/3.00000000,,2.10000000,,0.00300000,0,,,limit_order,cancelled,no_position_left_for_reduce_only,310261790960407359T581,1580424121
2026-10-03 03:36:11.202215+05:30 IST Asia/Kolkata,C-BTC-86200-031026,3,buy,0.00000000/3.00000000,,2.10000000,,0.00300000,0,,,limit_order,cancelled,no_position_left_for_reduce_only,310261790960407359T580,1580423930
2026-10-03 03:35:42.388554+05:30 IST Asia/Kolkata,C-BTC-86200-031026,3,buy,0.00000000/3.00000000,,2.10000000,,0.00300000,0,,,limit_order,cancelled,no_position_left_for_reduce_only,310261790960407359T579,1580423772
2026-10-03 03:35:14.664166+05:30 IST Asia/Kolkata,C-BTC-86200-031026,3,buy,0.00000000/3.00000000,,2.10000000,,0.00300000,0,,,limit_order,cancelled,no_position_left_for_reduce_only,310261790960407359T578,1580423578
2026-10-03 03:34:45.387976+05:30 IST Asia/Kolkata,C-BTC-86200-031026,3,buy,0.00000000/3.00000000,,2.10000000,,0.00300000,0,,,limit_order,cancelled,no_position_left_for_reduce_only,310261790960407359T577,1580423303
2026-10-03 03:34:18.168029+05:30 IST Asia/Kolkata,C-BTC-86200-031026,3,buy,0.00000000/3.00000000,,2.10000000,,0.00300000,0,,,limit_order,cancelled,no_position_left_for_reduce_only,310261790960407359T576,1580423006
2026-10-03 03:33:50.817089+05:30 IST Asia/Kolkata,C-BTC-86200-031026,3,buy,0.00000000/3.00000000,,2.10000000,,0.00300000,0,,,limit_order,cancelled,no_position_left_for_reduce_only,310261790960407359T575,1580422815
2026-10-03 03:33:23.339073+05:30 IST Asia/Kolkata,C-BTC-86200-031026,3,buy,0.00000000/3.00000000,,2.10000000,,0.00300000,0,,,limit_order,cancelled,no_position_left_for_reduce_only,310261790960407359T574,1580422622
2026-10-03 03:32:55.946841+05:30 IST Asia/Kolkata,C-BTC-86200-031026,3,buy,0.00000000/3.00000000,,2.10000000,,0.00300000,0,,,limit_order,cancelled,no_position_left_for_reduce_only,310261790960407359T573,1580422396
2026-10-03 03:32:28.776231+05:30 IST Asia/Kolkata,C-BTC-86200-031026,3,buy,0.00000000/3.00000000,,2.10000000,,0.00300000,0,,,limit_order,cancelled,no_position_left_for_reduce_only,310261790960407359T572,1580421894
2026-10-03 03:32:00.975882+05:30 IST Asia/Kolkata,C-BTC-86200-031026,3,buy,0.00000000/3.00000000,,2.10000000,,0.00300000,0,,,limit_order,cancelled,no_position_left_for_reduce_only,310261790960407359T571,1580421679
2026-10-03 03:31:32.379999+05:30 IST Asia/Kolkata,C-BTC-86200-031026,3,buy,0.00000000/3.00000000,,2.10000000,,0.00300000,0,,,limit_order,cancelled,no_position_left_for_reduce_only,310261790960407359T570,1580421435
2026-10-03 03:31:04.700295+05:30 IST Asia/Kolkata,C-BTC-86200-031026,3,buy,0.00000000/3.00000000,,2.10000000,,0.00300000,0,,,limit_order,cancelled,no_position_left_for_reduce_only,310261790960407359T569,1580421214
2026-10-03 03:30:38.023006+05:30 IST Asia/Kolkata,C-BTC-86200-031026,3,buy,0.00000000/3.00000000,,2.10000000,,0.00300000,0,,,limit_order,cancelled,no_position_left_for_reduce_only,310261790960407359T568,1580420998
2026-10-03 03:30:09.726873+05:30 IST Asia/Kolkata,C-BTC-86200-031026,3,buy,0.00000000/3.00000000,,2.10000000,,0.00300000,0,,,limit_order,cancelled,no_position_left_for_reduce_only,310261790960407359T567,1580420753
2026-10-03 03:29:41.520721+05:30 IST Asia/Kolkata,C-BTC-86200-031026,3,buy,0.00000000/3.00000000,,2.10000000,,0.00300000,0,,,limit_order,cancelled,no_position_left_for_reduce_only,310261790960407359T566,1580420491
2026-10-03 03:29:13.235205+05:30 IST Asia/Kolkata,C-BTC-86200-031026,3,buy,0.00000000/3.00000000,,2.10000000,,0.00300000,0,,,limit_order,cancelled,no_position_left_for_reduce_only,310261790960407359T565,1580420348
2026-10-03 03:28:45.921564+05:30 IST Asia/Kolkata,C-BTC-86200-031026,3,buy,0.00000000/3.00000000,,2.10000000,,0.00300000,0,,,limit_order,cancelled,no_position_left_for_reduce_only,310261790960407359T564,1580420182
2026-10-03 03:28:16.700132+05:30 IST Asia/Kolkata,C-BTC-86200-031026,3,buy,0.00000000/3.00000000,,2.10000000,,0.00300000,0,,,limit_order,cancelled,no_position_left_for_reduce_only,310261790960407359T563,1580420042
2026-10-03 03:27:49.611481+05:30 IST Asia/Kolkata,C-BTC-86200-031026,3,buy,0.00000000/3.00000000,,2.10000000,,0.00300000,0,,,limit_order,cancelled,no_position_left_for_reduce_only,310261790960407359T562,1580419869
2026-10-03 03:27:21.915653+05:30 IST Asia/Kolkata,C-BTC-86200-031026,3,buy,0.00000000/3.00000000,,2.10000000,,0.00300000,0,,,limit_order,cancelled,no_position_left_for_reduce_only,310261790960407359T561,1580419721
2026-10-03 03:26:53.687724+05:30 IST Asia/Kolkata,C-BTC-86200-031026,3,buy,0.00000000/3.00000000,,2.10000000,,0.00300000,0,,,limit_order,cancelled,no_position_left_for_reduce_only,310261790960407359T560,1580419513
2026-10-03 03:26:24.751652+05:30 IST Asia/Kolkata,C-BTC-86200-031026,3,buy,0.00000000/3.00000000,,2.10000000,,0.00300000,0,,,limit_order,cancelled,no_position_left_for_reduce_only,310261790960407359T559,1580419221
2026-10-03 03:25:56.458967+05:30 IST Asia/Kolkata,C-BTC-86200-031026,3,buy,0.00000000/3.00000000,,2.10000000,,0.00300000,0,,,limit_order,cancelled,no_position_left_for_reduce_only,310261790960407359T558,1580418817
2026-10-03 03:25:28.663541+05:30 IST Asia/Kolkata,C-BTC-86200-031026,3,buy,0.00000000/3.00000000,,2.10000000,,0.00300000,0,,,limit_order,cancelled,no_position_left_for_reduce_only,310261790960407359T557,1580418631
2026-10-03 03:25:00.924195+05:30 IST Asia/Kolkata,C-BTC-86200-031026,3,buy,0.00000000/3.00000000,,2.10000000,,0.00300000,0,,,limit_order,cancelled,no_position_left_for_reduce_only,310261790960407359T556,1580418493
2026-10-03 03:24:31.707315+05:30 IST Asia/Kolkata,C-BTC-86200-031026,3,buy,0.00000000/3.00000000,,2.10000000,,0.00300000,0,,,limit_order,cancelled,no_position_left_for_reduce_only,310261790960407359T555,1580418296
2026-10-03 03:24:03.689605+05:30 IST Asia/Kolkata,C-BTC-86200-031026,3,buy,0.00000000/3.00000000,,2.10000000,,0.00300000,0,,,limit_order,cancelled,no_position_left_for_reduce_only,310261790960407359T554,1580418118
2026-10-03 03:23:34.682706+05:30 IST Asia/Kolkata,C-BTC-86200-031026,3,buy,0.00000000/3.00000000,,2.10000000,,0.00300000,0,,,limit_order,cancelled,no_position_left_for_reduce_only,310261790960407359T553,1580417731
2026-10-03 03:23:07.371373+05:30 IST Asia/Kolkata,C-BTC-86200-031026,3,buy,0.00000000/3.00000000,,2.10000000,,0.00300000,0,,,limit_order,cancelled,no_position_left_for_reduce_only,310261790960407359T552,1580417473
2026-10-03 03:22:38.606506+05:30 IST Asia/Kolkata,C-BTC-86200-031026,3,buy,0.00000000/3.00000000,,2.10000000,,0.00300000,0,,,limit_order,cancelled,no_position_left_for_reduce_only,310261790960407359T551,1580417278
2026-10-03 03:22:11.180299+05:30 IST Asia/Kolkata,C-BTC-86200-031026,3,buy,0.00000000/3.00000000,,2.10000000,,0.00300000,0,,,limit_order,cancelled,no_position_left_for_reduce_only,310261790960407359T550,1580417088
2026-10-03 03:21:42.603725+05:30 IST Asia/Kolkata,C-BTC-86200-031026,3,buy,0.00000000/3.00000000,,2.10000000,,0.00300000,0,,,limit_order,cancelled,no_position_left_for_reduce_only,310261790960407359T549,1580416795
2026-10-03 03:21:14.222879+05:30 IST Asia/Kolkata,C-BTC-86200-031026,3,buy,0.00000000/3.00000000,,2.10000000,,0.00300000,0,,,limit_order,cancelled,no_position_left_for_reduce_only,310261790960407359T548,1580416157
2026-10-03 03:20:46.564052+05:30 IST Asia/Kolkata,C-BTC-86200-031026,3,buy,0.00000000/3.00000000,,2.10000000,,0.00300000,0,,,limit_order,cancelled,no_position_left_for_reduce_only,310261790960407359T547,1580415457
2026-10-03 03:20:18.105271+05:30 IST Asia/Kolkata,C-BTC-86200-031026,3,buy,0.00000000/3.00000000,,2.10000000,,0.00300000,0,,,limit_order,cancelled,no_position_left_for_reduce_only,310261790960407359T546,1580414981
2026-10-03 03:19:49.528447+05:30 IST Asia/Kolkata,C-BTC-86200-031026,3,buy,0.00000000/3.00000000,,2.10000000,,0.00300000,0,,,limit_order,cancelled,no_position_left_for_reduce_only,310261790960407359T545,1580414765
2026-10-03 03:19:22.055674+05:30 IST Asia/Kolkata,C-BTC-86200-031026,3,buy,0.00000000/3.00000000,,2.10000000,,0.00300000,0,,,limit_order,cancelled,no_position_left_for_reduce_only,310261790960407359T544,1580414526
2026-10-03 03:18:53.442948+05:30 IST Asia/Kolkata,C-BTC-86200-031026,3,buy,0.00000000/3.00000000,,2.10000000,,0.00300000,0,,,limit_order,cancelled,no_position_left_for_reduce_only,310261790960407359T543,1580414034
2026-10-03 03:18:25.818777+05:30 IST Asia/Kolkata,C-BTC-86200-031026,3,buy,0.00000000/3.00000000,,2.10000000,,0.00300000,0,,,limit_order,cancelled,no_position_left_for_reduce_only,310261790960407359T542,1580413711
2026-10-03 03:17:58.979792+05:30 IST Asia/Kolkata,C-BTC-86200-031026,3,buy,0.00000000/3.00000000,,2.10000000,,0.00300000,0,,,limit_order,cancelled,no_position_left_for_reduce_only,310261790960407359T541,1580413118
2026-10-03 03:17:31.202786+05:30 IST Asia/Kolkata,C-BTC-86200-031026,3,buy,0.00000000/3.00000000,,2.10000000,,0.00300000,0,,,limit_order,cancelled,no_position_left_for_reduce_only,310261790960407359T540,1580412789
2026-10-03 03:17:03.425922+05:30 IST Asia/Kolkata,C-BTC-86200-031026,3,buy,0.00000000/3.00000000,,2.10000000,,0.00300000,0,,,limit_order,cancelled,no_position_left_for_reduce_only,310261790960407359T539,1580412500
2026-10-03 03:16:36.479151+05:30 IST Asia/Kolkata,C-BTC-86200-031026,3,buy,0.00000000/3.00000000,,2.10000000,,0.00300000,0,,,limit_order,cancelled,no_position_left_for_reduce_only,310261790960407359T538,1580412319
2026-10-03 03:16:07.450607+05:30 IST Asia/Kolkata,C-BTC-86200-031026,3,buy,0.00000000/3.00000000,,2.10000000,,0.00300000,0,,,limit_order,cancelled,no_position_left_for_reduce_only,310261790960407359T537,1580412069
2026-10-03 03:15:40.223299+05:30 IST Asia/Kolkata,C-BTC-86200-031026,3,buy,0.00000000/3.00000000,,2.10000000,,0.00300000,0,,,limit_order,cancelled,no_position_left_for_reduce_only,310261790960407359T536,1580411877
2026-10-03 03:15:11.027669+05:30 IST Asia/Kolkata,C-BTC-86200-031026,3,buy,0.00000000/3.00000000,,2.10000000,,0.00300000,0,,,limit_order,cancelled,no_position_left_for_reduce_only,310261790960407359T535,1580411558
2026-10-03 03:14:43.146440+05:30 IST Asia/Kolkata,C-BTC-86200-031026,3,buy,0.00000000/3.00000000,,2.10000000,,0.00300000,0,,,limit_order,cancelled,no_position_left_for_reduce_only,310261790960407359T534,1580411212
2026-10-03 03:14:14.868049+05:30 IST Asia/Kolkata,C-BTC-86200-031026,3,buy,0.00000000/3.00000000,,2.10000000,,0.00300000,0,,,limit_order,cancelled,no_position_left_for_reduce_only,310261790960407359T533,1580410615
2026-10-03 03:13:47.811811+05:30 IST Asia/Kolkata,C-BTC-86200-031026,3,buy,0.00000000/3.00000000,,2.10000000,,0.00300000,0,,,limit_order,cancelled,no_position_left_for_reduce_only,310261790960407359T532,1580408920
2026-10-03 03:13:19.401158+05:30 IST Asia/Kolkata,C-BTC-86200-031026,3,buy,0.00000000/3.00000000,,2.10000000,,0.00300000,0,,,limit_order,cancelled,no_position_left_for_reduce_only,310261790960407359T531,1580408662
2026-10-03 03:12:51.910898+05:30 IST Asia/Kolkata,C-BTC-86200-031026,3,buy,0.00000000/3.00000000,,2.10000000,,0.00300000,0,,,limit_order,cancelled,no_position_left_for_reduce_only,310261790960407359T530,1580408376
2026-10-03 03:12:22.359497+05:30 IST Asia/Kolkata,C-BTC-86200-031026,3,buy,0.00000000/3.00000000,,2.10000000,,0.00300000,0,,,limit_order,cancelled,no_position_left_for_reduce_only,310261790960407359T529,1580406967
2026-10-03 03:11:54.847784+05:30 IST Asia/Kolkata,C-BTC-86200-031026,3,buy,0.00000000/3.00000000,,2.10000000,,0.00300000,0,,,limit_order,cancelled,no_position_left_for_reduce_only,310261790960407359T528,1580406532
2026-10-03 03:11:27.426553+05:30 IST Asia/Kolkata,C-BTC-86200-031026,3,buy,0.00000000/3.00000000,,2.10000000,,0.00300000,0,,,limit_order,cancelled,no_position_left_for_reduce_only,310261790960407359T527,1580405837
2026-10-03 03:10:59.130002+05:30 IST Asia/Kolkata,C-BTC-86200-031026,3,buy,0.00000000/3.00000000,,2.10000000,,0.00300000,0,,,limit_order,cancelled,no_position_left_for_reduce_only,310261790960407359T526,1580405169
2026-10-03 03:10:31.330638+05:30 IST Asia/Kolkata,C-BTC-86200-031026,3,buy,0.00000000/3.00000000,,2.10000000,,0.00300000,0,,,limit_order,cancelled,no_position_left_for_reduce_only,310261790960407359T525,1580404537
2026-10-03 03:10:04.008099+05:30 IST Asia/Kolkata,C-BTC-86200-031026,3,buy,0.00000000/3.00000000,,2.10000000,,0.00300000,0,,,limit_order,cancelled,no_position_left_for_reduce_only,310261790960407359T524,1580404201
2026-10-03 03:09:35.263968+05:30 IST Asia/Kolkata,C-BTC-86200-031026,3,buy,0.00000000/3.00000000,,2.10000000,,0.00300000,0,,,limit_order,cancelled,no_position_left_for_reduce_only,310261790960407359T523,1580403013
2026-10-03 03:09:08.121182+05:30 IST Asia/Kolkata,C-BTC-86200-031026,3,buy,0.00000000/3.00000000,,2.10000000,,0.00300000,0,,,limit_order,cancelled,no_position_left_for_reduce_only,310261790960407359T522,1580402559
2026-10-03 03:08:38.539289+05:30 IST Asia/Kolkata,C-BTC-86200-031026,3,buy,0.00000000/3.00000000,,2.10000000,,0.00300000,0,,,limit_order,cancelled,no_position_left_for_reduce_only,310261790960407359T521,1580402265
2026-10-03 03:08:09.860065+05:30 IST Asia/Kolkata,C-BTC-86200-031026,3,buy,0.00000000/3.00000000,,2.10000000,,0.00300000,0,,,limit_order,cancelled,no_position_left_for_reduce_only,310261790960407359T520,1580401989
2026-10-03 03:07:40.271200+05:30 IST Asia/Kolkata,C-BTC-86200-031026,3,buy,0.00000000/3.00000000,,2.10000000,,0.00300000,0,,,limit_order,cancelled,no_position_left_for_reduce_only,310261790960407359T519,1580401693
2026-10-03 03:07:13.019547+05:30 IST Asia/Kolkata,C-BTC-86200-031026,3,buy,0.00000000/3.00000000,,2.10000000,,0.00300000,0,,,limit_order,cancelled,no_position_left_for_reduce_only,310261790960407359T518,1580401420
2026-10-03 03:06:43.846123+05:30 IST Asia/Kolkata,C-BTC-86200-031026,3,buy,0.00000000/3.00000000,,2.10000000,,0.00300000,0,,,limit_order,cancelled,no_position_left_for_reduce_only,310261790960407359T517,1580401010
2026-10-03 03:06:14.987433+05:30 IST Asia/Kolkata,C-BTC-86200-031026,3,buy,0.00000000/3.00000000,,2.10000000,,0.00300000,0,,,limit_order,cancelled,no_position_left_for_reduce_only,310261790960407359T516,1580400691
2026-10-03 03:05:46.430692+05:30 IST Asia/Kolkata,C-BTC-86200-031026,3,buy,0.00000000/3.00000000,,2.10000000,,0.00300000,0,,,limit_order,cancelled,no_position_left_for_reduce_only,310261790960407359T515,1580400390
2026-10-03 03:05:17.751368+05:30 IST Asia/Kolkata,C-BTC-86200-031026,3,buy,0.00000000/3.00000000,,2.10000000,,0.00300000,0,,,limit_order,cancelled,no_position_left_for_reduce_only,310261790960407359T514,1580400094
2026-10-03 03:04:49.219028+05:30 IST Asia/Kolkata,C-BTC-86200-031026,3,buy,0.00000000/3.00000000,,2.10000000,,0.00300000,0,,,limit_order,cancelled,no_position_left_for_reduce_only,310261790960407359T513,1580399868
2026-10-03 03:04:21.936998+05:30 IST Asia/Kolkata,C-BTC-86200-031026,3,buy,0.00000000/3.00000000,,2.10000000,,0.00300000,0,,,limit_order,cancelled,no_position_left_for_reduce_only,310261790960407359T512,1580399617
2026-10-03 03:03:53.180652+05:30 IST Asia/Kolkata,C-BTC-86200-031026,3,buy,0.00000000/3.00000000,,2.10000000,,0.00300000,0,,,limit_order,cancelled,no_position_left_for_reduce_only,310261790960407359T511,1580399357
2026-10-03 03:03:25.523548+05:30 IST Asia/Kolkata,C-BTC-86200-031026,3,buy,0.00000000/3.00000000,,2.10000000,,0.00300000,0,,,limit_order,cancelled,no_position_left_for_reduce_only,310261790960407359T510,1580399152
2026-10-03 03:02:57.857529+05:30 IST Asia/Kolkata,C-BTC-86200-031026,3,buy,0.00000000/3.00000000,,2.10000000,,0.00300000,0,,,limit_order,cancelled,no_position_left_for_reduce_only,310261790960407359T509,1580398946
2026-10-03 03:02:30.468085+05:30 IST Asia/Kolkata,C-BTC-86200-031026,3,buy,0.00000000/3.00000000,,2.10000000,,0.00300000,0,,,limit_order,cancelled,no_position_left_for_reduce_only,310261790960407359T508,1580398728
2026-10-03 03:02:02.212321+05:30 IST Asia/Kolkata,C-BTC-86200-031026,3,buy,0.00000000/3.00000000,,2.10000000,,0.00300000,0,,,limit_order,cancelled,no_position_left_for_reduce_only,310261790960407359T507,1580398496
2026-10-03 03:01:36.023806+05:30 IST Asia/Kolkata,C-BTC-86200-031026,3,buy,0.00000000/3.00000000,,2.10000000,,0.00300000,0,,,limit_order,cancelled,no_position_left_for_reduce_only,310261790960407359T506,1580398302
2026-10-03 03:01:07.115817+05:30 IST Asia/Kolkata,C-BTC-86200-031026,3,buy,0.00000000/3.00000000,,2.10000000,,0.00300000,0,,,limit_order,cancelled,no_position_left_for_reduce_only,310261790960407359T505,1580397998
2026-10-03 03:00:38.655952+05:30 IST Asia/Kolkata,C-BTC-86200-031026,3,buy,0.00000000/3.00000000,,2.10000000,,0.00300000,0,,,limit_order,cancelled,no_position_left_for_reduce_only,310261790960407359T504,1580397671
2026-10-03 03:00:11.099386+05:30 IST Asia/Kolkata,C-BTC-86200-031026,3,buy,0.00000000/3.00000000,,2.10000000,,0.00300000,0,,,limit_order,cancelled,no_position_left_for_reduce_only,310261790960407359T503,1580397459
2026-10-03 02:59:43.615864+05:30 IST Asia/Kolkata,C-BTC-86200-031026,3,buy,0.00000000/3.00000000,,2.10000000,,0.00300000,0,,,limit_order,cancelled,no_position_left_for_reduce_only,310261790960407359T502,1580397104
2026-10-03 02:59:15.000439+05:30 IST Asia/Kolkata,C-BTC-86200-031026,3,buy,0.00000000/3.00000000,,2.10000000,,0.00300000,0,,,limit_order,cancelled,no_position_left_for_reduce_only,310261790960407359T501,1580396846
2026-10-03 02:58:47.659071+05:30 IST Asia/Kolkata,C-BTC-86200-031026,3,buy,0.00000000/3.00000000,,2.10000000,,0.00300000,0,,,limit_order,cancelled,no_position_left_for_reduce_only,310261790960407359T500,1580396574
2026-10-03 02:58:19.039631+05:30 IST Asia/Kolkata,C-BTC-86200-031026,3,buy,0.00000000/3.00000000,,2.10000000,,0.00300000,0,,,limit_order,cancelled,no_position_left_for_reduce_only,310261790960407359T499,1580396390
2026-10-03 02:57:50.549402+05:30 IST Asia/Kolkata,C-BTC-86200-031026,3,buy,0.00000000/3.00000000,,2.10000000,,0.00300000,0,,,limit_order,cancelled,no_position_left_for_reduce_only,310261790960407359T498,1580396145
2026-10-03 02:57:23.238554+05:30 IST Asia/Kolkata,C-BTC-86200-031026,3,buy,0.00000000/3.00000000,,2.10000000,,0.00300000,0,,,limit_order,cancelled,no_position_left_for_reduce_only,310261790960407359T497,1580395897
2026-10-03 02:56:54.747706+05:30 IST Asia/Kolkata,C-BTC-86200-031026,3,buy,0.00000000/3.00000000,,2.10000000,,0.00300000,0,,,limit_order,cancelled,no_position_left_for_reduce_only,310261790960407359T496,1580395623
2026-10-03 02:56:27.008096+05:30 IST Asia/Kolkata,C-BTC-86200-031026,3,buy,0.00000000/3.00000000,,2.10000000,,0.00300000,0,,,limit_order,cancelled,no_position_left_for_reduce_only,310261790960407359T495,1580394600
2026-10-03 02:55:59.480977+05:30 IST Asia/Kolkata,C-BTC-86200-031026,3,buy,0.00000000/3.00000000,,2.10000000,,0.00300000,0,,,limit_order,cancelled,no_position_left_for_reduce_only,310261790960407359T494,1580394108
2026-10-03 02:55:29.484417+05:30 IST Asia/Kolkata,C-BTC-86200-031026,3,buy,0.00000000/3.00000000,,2.10000000,,0.00300000,0,,,limit_order,cancelled,no_position_left_for_reduce_only,310261790960407359T493,1580393891
2026-10-03 02:55:02.432023+05:30 IST Asia/Kolkata,C-BTC-86200-031026,3,buy,0.00000000/3.00000000,,2.10000000,,0.00300000,0,,,limit_order,cancelled,no_position_left_for_reduce_only,310261790960407359T492,1580393646
2026-10-03 02:54:32.908350+05:30 IST Asia/Kolkata,C-BTC-86200-031026,3,buy,0.00000000/3.00000000,,2.10000000,,0.00300000,0,,,limit_order,cancelled,no_position_left_for_reduce_only,310261790960407359T491,1580393364
2026-10-03 02:54:05.724077+05:30 IST Asia/Kolkata,C-BTC-86200-031026,3,buy,0.00000000/3.00000000,,2.10000000,,0.00300000,0,,,limit_order,cancelled,no_position_left_for_reduce_only,310261790960407359T490,1580393102
2026-10-03 02:53:36.891364+05:30 IST Asia/Kolkata,C-BTC-86200-031026,3,buy,0.00000000/3.00000000,,2.10000000,,0.00300000,0,,,limit_order,cancelled,no_position_left_for_reduce_only,310261790960407359T489,1580392872
2026-10-03 02:53:08.482443+05:30 IST Asia/Kolkata,C-BTC-86200-031026,3,buy,0.00000000/3.00000000,,2.10000000,,0.00300000,0,,,limit_order,cancelled,no_position_left_for_reduce_only,310261790960407359T488,1580392655
2026-10-03 02:52:39.892254+05:30 IST Asia/Kolkata,C-BTC-86200-031026,3,buy,0.00000000/3.00000000,,2.10000000,,0.00300000,0,,,limit_order,cancelled,no_position_left_for_reduce_only,310261790960407359T487,1580392431
2026-10-03 02:52:11.404018+05:30 IST Asia/Kolkata,C-BTC-86200-031026,3,buy,0.00000000/3.00000000,,2.10000000,,0.00300000,0,,,limit_order,cancelled,no_position_left_for_reduce_only,310261790960407359T486,1580392189
2026-10-03 02:51:43.432956+05:30 IST Asia/Kolkata,C-BTC-86200-031026,3,buy,0.00000000/3.00000000,,2.10000000,,0.00300000,0,,,limit_order,cancelled,no_position_left_for_reduce_only,310261790960407359T485,1580391949
2026-10-03 02:51:15.822642+05:30 IST Asia/Kolkata,C-BTC-86200-031026,3,buy,0.00000000/3.00000000,,2.10000000,,0.00300000,0,,,limit_order,cancelled,no_position_left_for_reduce_only,310261790960407359T484,1580391720
2026-10-03 02:50:47.815015+05:30 IST Asia/Kolkata,C-BTC-86200-031026,3,buy,0.00000000/3.00000000,,2.10000000,,0.00300000,0,,,limit_order,cancelled,no_position_left_for_reduce_only,310261790960407359T483,1580391494
2026-10-03 02:50:20.067105+05:30 IST Asia/Kolkata,C-BTC-86200-031026,3,buy,0.00000000/3.00000000,,2.10000000,,0.00300000,0,,,limit_order,cancelled,no_position_left_for_reduce_only,310261790960407359T482,1580391238
2026-10-03 02:49:50.090800+05:30 IST Asia/Kolkata,C-BTC-86200-031026,3,buy,0.00000000/3.00000000,,2.10000000,,0.00300000,0,,,limit_order,cancelled,no_position_left_for_reduce_only,310261790960407359T481,1580390964
2026-10-03 02:49:20.995321+05:30 IST Asia/Kolkata,C-BTC-86200-031026,3,buy,0.00000000/3.00000000,,2.10000000,,0.00300000,0,,,limit_order,cancelled,no_position_left_for_reduce_only,310261790960407359T480,1580390721
2026-10-03 02:48:52.735643+05:30 IST Asia/Kolkata,C-BTC-86200-031026,3,buy,0.00000000/3.00000000,,2.10000000,,0.00300000,0,,,limit_order,cancelled,no_position_left_for_reduce_only,310261790960407359T479,1580390461
2026-10-03 02:48:25.391222+05:30 IST Asia/Kolkata,C-BTC-86200-031026,3,buy,0.00000000/3.00000000,,2.10000000,,0.00300000,0,,,limit_order,cancelled,no_position_left_for_reduce_only,310261790960407359T478,1580390113
2026-10-03 02:47:56.425271+05:30 IST Asia/Kolkata,C-BTC-86200-031026,3,buy,0.00000000/3.00000000,,2.10000000,,0.00300000,0,,,limit_order,cancelled,no_position_left_for_reduce_only,310261790960407359T477,1580389669
2026-10-03 02:47:29.059968+05:30 IST Asia/Kolkata,C-BTC-86200-031026,3,buy,0.00000000/3.00000000,,2.10000000,,0.00300000,0,,,limit_order,cancelled,no_position_left_for_reduce_only,310261790960407359T476,1580389383
2026-10-03 02:46:59.274964+05:30 IST Asia/Kolkata,C-BTC-86200-031026,3,buy,0.00000000/3.00000000,,2.10000000,,0.00300000,0,,,limit_order,cancelled,no_position_left_for_reduce_only,310261790960407359T475,1580388955
2026-10-03 02:46:32.096127+05:30 IST Asia/Kolkata,C-BTC-86200-031026,3,buy,0.00000000/3.00000000,,2.10000000,,0.00300000,0,,,limit_order,cancelled,no_position_left_for_reduce_only,310261790960407359T474,1580387955
2026-10-03 02:46:02.731769+05:30 IST Asia/Kolkata,C-BTC-86200-031026,3,buy,0.00000000/3.00000000,,2.10000000,,0.00300000,0,,,limit_order,cancelled,no_position_left_for_reduce_only,310261790960407359T473,1580387527
2026-10-03 02:45:35.231376+05:30 IST Asia/Kolkata,C-BTC-86200-031026,3,buy,0.00000000/3.00000000,,2.10000000,,0.00300000,0,,,limit_order,cancelled,no_position_left_for_reduce_only,310261790960407359T472,1580386958
2026-10-03 02:45:06.944034+05:30 IST Asia/Kolkata,C-BTC-86200-031026,3,buy,0.00000000/3.00000000,,2.10000000,,0.00300000,0,,,limit_order,cancelled,no_position_left_for_reduce_only,310261790960407359T471,1580386690
2026-10-03 02:44:39.217740+05:30 IST Asia/Kolkata,C-BTC-86200-031026,3,buy,0.00000000/3.00000000,,2.10000000,,0.00300000,0,,,limit_order,cancelled,no_position_left_for_reduce_only,310261790960407359T470,1580386408
2026-10-03 02:44:11.222797+05:30 IST Asia/Kolkata,C-BTC-86200-031026,3,buy,0.00000000/3.00000000,,2.10000000,,0.00300000,0,,,limit_order,cancelled,no_position_left_for_reduce_only,310261790960407359T469,1580386158
2026-10-03 02:43:44.435383+05:30 IST Asia/Kolkata,C-BTC-86200-031026,3,buy,0.00000000/3.00000000,,2.10000000,,0.00300000,0,,,limit_order,cancelled,no_position_left_for_reduce_only,310261790960407359T468,1580385949
2026-10-03 02:43:14.823886+05:30 IST Asia/Kolkata,C-BTC-86200-031026,3,buy,0.00000000/3.00000000,,2.10000000,,0.00300000,0,,,limit_order,cancelled,no_position_left_for_reduce_only,310261790960407359T467,1580385732
2026-10-03 02:42:46.832702+05:30 IST Asia/Kolkata,C-BTC-86200-031026,3,buy,0.00000000/3.00000000,,2.10000000,,0.00300000,0,,,limit_order,cancelled,no_position_left_for_reduce_only,310261790960407359T466,1580385531
2026-10-03 02:42:18.701626+05:30 IST Asia/Kolkata,C-BTC-86200-031026,3,buy,0.00000000/3.00000000,,2.10000000,,0.00300000,0,,,limit_order,cancelled,no_position_left_for_reduce_only,310261790960407359T465,1580385326
2026-10-03 02:41:50.302721+05:30 IST Asia/Kolkata,C-BTC-86200-031026,3,buy,0.00000000/3.00000000,,2.10000000,,0.00300000,0,,,limit_order,cancelled,no_position_left_for_reduce_only,310261790960407359T464,1580385087
2026-10-03 02:41:22.607890+05:30 IST Asia/Kolkata,C-BTC-86200-031026,3,buy,0.00000000/3.00000000,,2.10000000,,0.00300000,0,,,limit_order,cancelled,no_position_left_for_reduce_only,310261790960407359T463,1580384777
2026-10-03 02:40:53.800266+05:30 IST Asia/Kolkata,C-BTC-86200-031026,3,buy,0.00000000/3.00000000,,2.10000000,,0.00300000,0,,,limit_order,cancelled,no_position_left_for_reduce_only,310261790960407359T462,1580384434
2026-10-03 02:40:23.530679+05:30 IST Asia/Kolkata,C-BTC-86200-031026,3,buy,0.00000000/3.00000000,,2.10000000,,0.00300000,0,,,limit_order,cancelled,no_position_left_for_reduce_only,310261790960407359T461,1580384086
2026-10-03 02:39:56.053013+05:30 IST Asia/Kolkata,C-BTC-86200-031026,3,buy,0.00000000/3.00000000,,2.10000000,,0.00300000,0,,,limit_order,cancelled,no_position_left_for_reduce_only,310261790960407359T460,1580383555
2026-10-03 02:39:27.996407+05:30 IST Asia/Kolkata,C-BTC-86200-031026,3,buy,0.00000000/3.00000000,,2.10000000,,0.00300000,0,,,limit_order,cancelled,no_position_left_for_reduce_only,310261790960407359T459,1580383267
2026-10-03 02:39:01.060251+05:30 IST Asia/Kolkata,C-BTC-86200-031026,3,buy,0.00000000/3.00000000,,2.10000000,,0.00300000,0,,,limit_order,cancelled,no_position_left_for_reduce_only,310261790960407359T458,1580382985
2026-10-03 02:38:32.486887+05:30 IST Asia/Kolkata,C-BTC-86200-031026,3,buy,0.00000000/3.00000000,,2.10000000,,0.00300000,0,,,limit_order,cancelled,no_position_left_for_reduce_only,310261790960407359T457,1580382681
2026-10-03 02:38:04.062803+05:30 IST Asia/Kolkata,C-BTC-86200-031026,3,buy,0.00000000/3.00000000,,2.10000000,,0.00300000,0,,,limit_order,cancelled,no_position_left_for_reduce_only,310261790960407359T456,1580382372
2026-10-03 02:37:35.518867+05:30 IST Asia/Kolkata,C-BTC-86200-031026,3,buy,0.00000000/3.00000000,,2.10000000,,0.00300000,0,,,limit_order,cancelled,no_position_left_for_reduce_only,310261790960407359T455,1580381998
2026-10-03 02:37:07.323823+05:30 IST Asia/Kolkata,C-BTC-86200-031026,3,buy,0.00000000/3.00000000,,2.10000000,,0.00300000,0,,,limit_order,cancelled,no_position_left_for_reduce_only,310261790960407359T454,1580381673
2026-10-03 02:36:37.078507+05:30 IST Asia/Kolkata,C-BTC-86200-031026,3,buy,0.00000000/3.00000000,,2.10000000,,0.00300000,0,,,limit_order,cancelled,no_position_left_for_reduce_only,310261790960407359T453,1580381411
2026-10-03 02:36:07.994504+05:30 IST Asia/Kolkata,C-BTC-86200-031026,3,buy,0.00000000/3.00000000,,2.10000000,,0.00300000,0,,,limit_order,cancelled,no_position_left_for_reduce_only,310261790960407359T452,1580381060
2026-10-03 02:35:40.599625+05:30 IST Asia/Kolkata,C-BTC-86200-031026,3,buy,0.00000000/3.00000000,,2.10000000,,0.00300000,0,,,limit_order,cancelled,no_position_left_for_reduce_only,310261790960407359T451,1580380767
2026-10-03 02:35:12.793452+05:30 IST Asia/Kolkata,C-BTC-86200-031026,3,buy,0.00000000/3.00000000,,2.10000000,,0.00300000,0,,,limit_order,cancelled,no_position_left_for_reduce_only,310261790960407359T450,1580380423
2026-10-03 02:34:50.363801+05:30 IST Asia/Kolkata,C-BTC-86200-031026,3,buy,0.00000000/3.00000000,,2.10000000,,0.00300000,0,,,limit_order,cancelled,no_position_left_for_reduce_only,310261790960407359T449,1580380173
2026-10-03 02:34:28.632589+05:30 IST Asia/Kolkata,C-BTC-86200-031026,3,buy,0.00000000/3.00000000,,2.10000000,,0.00300000,0,,,limit_order,cancelled,no_position_left_for_reduce_only,310261790960407359T448,1580379915
2026-10-03 02:34:05.501273+05:30 IST Asia/Kolkata,C-BTC-86200-031026,3,buy,0.00000000/3.00000000,,2.10000000,,0.00300000,0,,,limit_order,cancelled,no_position_left_for_reduce_only,310261790960407359T447,1580379696
2026-10-03 02:33:42.923517+05:30 IST Asia/Kolkata,C-BTC-86200-031026,3,buy,0.00000000/3.00000000,,2.10000000,,0.00300000,0,,,limit_order,cancelled,no_position_left_for_reduce_only,310261790960407359T446,1580379458
2026-10-03 02:33:19.327887+05:30 IST Asia/Kolkata,C-BTC-86200-031026,3,buy,0.00000000/3.00000000,,2.10000000,,0.00300000,0,,,limit_order,cancelled,no_position_left_for_reduce_only,310261790960407359T445,1580379186
2026-10-03 02:32:55.980422+05:30 IST Asia/Kolkata,C-BTC-86200-031026,3,buy,0.00000000/3.00000000,,2.10000000,,0.00300000,0,,,limit_order,cancelled,no_position_left_for_reduce_only,310261790960407359T444,1580378878
2026-10-03 02:32:33.595181+05:30 IST Asia/Kolkata,C-BTC-86200-031026,3,buy,0.00000000/3.00000000,,2.10000000,,0.00300000,0,,,limit_order,cancelled,no_position_left_for_reduce_only,310261790960407359T443,1580378546
2026-10-03 02:32:11.247001+05:30 IST Asia/Kolkata,C-BTC-86200-031026,3,buy,0.00000000/3.00000000,,2.10000000,,0.00300000,0,,,limit_order,cancelled,no_position_left_for_reduce_only,310261790960407359T442,1580378099
2026-10-03 02:31:49.053201+05:30 IST Asia/Kolkata,C-BTC-86200-031026,3,buy,0.00000000/3.00000000,,2.10000000,,0.00300000,0,,,limit_order,cancelled,no_position_left_for_reduce_only,310261790960407359T441,1580377696
2026-10-03 02:31:25.963906+05:30 IST Asia/Kolkata,C-BTC-86200-031026,3,buy,0.00000000/3.00000000,,2.10000000,,0.00300000,0,,,limit_order,cancelled,no_position_left_for_reduce_only,310261790960407359T440,1580377207
2026-10-03 02:31:02.473215+05:30 IST Asia/Kolkata,C-BTC-86200-031026,3,buy,0.00000000/3.00000000,,2.10000000,,0.00300000,0,,,limit_order,cancelled,no_position_left_for_reduce_only,310261790960407359T439,1580376620
2026-10-03 02:30:39.834934+05:30 IST Asia/Kolkata,C-BTC-86200-031026,3,buy,0.00000000/3.00000000,,2.10000000,,0.00300000,0,,,limit_order,cancelled,no_position_left_for_reduce_only,310261790960407359T438,1580376210
2026-10-03 02:30:17.259865+05:30 IST Asia/Kolkata,C-BTC-86200-031026,3,buy,0.00000000/3.00000000,,2.10000000,,0.00300000,0,,,limit_order,cancelled,no_position_left_for_reduce_only,310261790960407359T437,1580375866
2026-10-03 02:29:54.947267+05:30 IST Asia/Kolkata,C-BTC-86200-031026,3,buy,0.00000000/3.00000000,,2.10000000,,0.00300000,0,,,limit_order,cancelled,no_position_left_for_reduce_only,310261790960407359T436,1580375364
2026-10-03 02:29:31.173205+05:30 IST Asia/Kolkata,C-BTC-86200-031026,3,buy,0.00000000/3.00000000,,2.10000000,,0.00300000,0,,,limit_order,cancelled,no_position_left_for_reduce_only,310261790960407359T435,1580374835
2026-10-03 02:29:08.712274+05:30 IST Asia/Kolkata,C-BTC-86200-031026,3,buy,0.00000000/3.00000000,,2.10000000,,0.00300000,0,,,limit_order,cancelled,no_position_left_for_reduce_only,310261790960407359T434,1580374326
2026-10-03 02:28:44.179864+05:30 IST Asia/Kolkata,C-BTC-86200-031026,3,buy,0.00000000/3.00000000,,2.10000000,,0.00300000,0,,,limit_order,cancelled,no_position_left_for_reduce_only,310261790960407359T433,1580374101
2026-10-03 02:28:21.988008+05:30 IST Asia/Kolkata,C-BTC-86200-031026,3,buy,0.00000000/3.00000000,,2.10000000,,0.00300000,0,,,limit_order,cancelled,no_position_left_for_reduce_only,310261790960407359T432,1580373902
2026-10-03 02:27:58.460254+05:30 IST Asia/Kolkata,C-BTC-86200-031026,3,buy,0.00000000/3.00000000,,2.10000000,,0.00300000,0,,,limit_order,cancelled,no_position_left_for_reduce_only,310261790960407359T431,1580373620
2026-10-03 02:27:35.695735+05:30 IST Asia/Kolkata,C-BTC-86200-031026,3,buy,0.00000000/3.00000000,,2.10000000,,0.00300000,0,,,limit_order,cancelled,no_position_left_for_reduce_only,310261790960407359T430,1580373389
2026-10-03 02:27:13.148758+05:30 IST Asia/Kolkata,C-BTC-86200-031026,3,buy,0.00000000/3.00000000,,2.10000000,,0.00300000,0,,,limit_order,cancelled,no_position_left_for_reduce_only,310261790960407359T429,1580373175
2026-10-03 02:26:50.699626+05:30 IST Asia/Kolkata,C-BTC-86200-031026,3,buy,0.00000000/3.00000000,,2.10000000,,0.00300000,0,,,limit_order,cancelled,no_position_left_for_reduce_only,310261790960407359T428,1580372966
2026-10-03 02:26:28.200953+05:30 IST Asia/Kolkata,C-BTC-86200-031026,3,buy,0.00000000/3.00000000,,2.10000000,,0.00300000,0,,,limit_order,cancelled,no_position_left_for_reduce_only,310261790960407359T427,1580372779
2026-10-03 02:26:05.470862+05:30 IST Asia/Kolkata,C-BTC-86200-031026,3,buy,0.00000000/3.00000000,,2.10000000,,0.00300000,0,,,limit_order,cancelled,no_position_left_for_reduce_only,310261790960407359T426,1580372493
2026-10-03 02:25:42.228227+05:30 IST Asia/Kolkata,C-BTC-86200-031026,3,buy,0.00000000/3.00000000,,2.10000000,,0.00300000,0,,,limit_order,cancelled,no_position_left_for_reduce_only,310261790960407359T425,1580372235
2026-10-03 02:25:18.886887+05:30 IST Asia/Kolkata,C-BTC-86200-031026,3,buy,0.00000000/3.00000000,,2.10000000,,0.00300000,0,,,limit_order,cancelled,no_position_left_for_reduce_only,310261790960407359T424,1580371950
2026-10-03 02:24:56.102374+05:30 IST Asia/Kolkata,C-BTC-86200-031026,3,buy,0.00000000/3.00000000,,2.10000000,,0.00300000,0,,,limit_order,cancelled,no_position_left_for_reduce_only,310261790960407359T423,1580371630
2026-10-03 02:24:33.130753+05:30 IST Asia/Kolkata,C-BTC-86200-031026,3,buy,0.00000000/3.00000000,,2.10000000,,0.00300000,0,,,limit_order,cancelled,no_position_left_for_reduce_only,310261790960407359T422,1580371354
2026-10-03 02:24:09.068674+05:30 IST Asia/Kolkata,C-BTC-86200-031026,3,buy,0.00000000/3.00000000,,2.10000000,,0.00300000,0,,,limit_order,cancelled,no_position_left_for_reduce_only,310261790960407359T421,1580371066
2026-10-03 02:23:46.712768+05:30 IST Asia/Kolkata,C-BTC-86200-031026,3,buy,0.00000000/3.00000000,,2.10000000,,0.00300000,0,,,limit_order,cancelled,no_position_left_for_reduce_only,310261790960407359T420,1580370790
2026-10-03 02:23:23.035931+05:30 IST Asia/Kolkata,C-BTC-86200-031026,3,buy,0.00000000/3.00000000,,2.10000000,,0.00300000,0,,,limit_order,cancelled,no_position_left_for_reduce_only,310261790960407359T419,1580370516
2026-10-03 02:22:59.584928+05:30 IST Asia/Kolkata,C-BTC-86200-031026,3,buy,0.00000000/3.00000000,,2.10000000,,0.00300000,0,,,limit_order,cancelled,no_position_left_for_reduce_only,310261790960407359T418,1580370154
2026-10-03 02:22:37.024776+05:30 IST Asia/Kolkata,C-BTC-86200-031026,3,buy,0.00000000/3.00000000,,2.10000000,,0.00300000,0,,,limit_order,cancelled,no_position_left_for_reduce_only,310261790960407359T417,1580369843
2026-10-03 02:22:15.063367+05:30 IST Asia/Kolkata,C-BTC-86200-031026,3,buy,0.00000000/3.00000000,,2.10000000,,0.00300000,0,,,limit_order,cancelled,no_position_left_for_reduce_only,310261790960407359T416,1580369555
2026-10-03 02:21:51.965525+05:30 IST Asia/Kolkata,C-BTC-86200-031026,3,buy,0.00000000/3.00000000,,2.10000000,,0.00300000,0,,,limit_order,cancelled,no_position_left_for_reduce_only,310261790960407359T415,1580369145
2026-10-03 02:21:29.816016+05:30 IST Asia/Kolkata,C-BTC-86200-031026,3,buy,0.00000000/3.00000000,,2.10000000,,0.00300000,0,,,limit_order,cancelled,no_position_left_for_reduce_only,310261790960407359T414,1580368696
2026-10-03 02:21:07.442726+05:30 IST Asia/Kolkata,C-BTC-86200-031026,3,buy,0.00000000/3.00000000,,2.10000000,,0.00300000,0,,,limit_order,cancelled,no_position_left_for_reduce_only,310261790960407359T413,1580368368
2026-10-03 02:20:43.575633+05:30 IST Asia/Kolkata,C-BTC-86200-031026,3,buy,0.00000000/3.00000000,,2.10000000,,0.00300000,0,,,limit_order,cancelled,no_position_left_for_reduce_only,310261790960407359T412,1580368040
2026-10-03 02:20:20.663916+05:30 IST Asia/Kolkata,C-BTC-86200-031026,3,buy,0.00000000/3.00000000,,2.10000000,,0.00300000,0,,,limit_order,cancelled,no_position_left_for_reduce_only,310261790960407359T411,1580367724
2026-10-03 02:19:57.183637+05:30 IST Asia/Kolkata,C-BTC-86200-031026,3,buy,0.00000000/3.00000000,,2.10000000,,0.00300000,0,,,limit_order,cancelled,no_position_left_for_reduce_only,310261790960407359T410,1580367395
2026-10-03 02:19:33.218284+05:30 IST Asia/Kolkata,C-BTC-86200-031026,3,buy,0.00000000/3.00000000,,2.10000000,,0.00300000,0,,,limit_order,cancelled,no_position_left_for_reduce_only,310261790960407359T409,1580367136
2026-10-03 02:19:10.439773+05:30 IST Asia/Kolkata,C-BTC-86200-031026,3,buy,0.00000000/3.00000000,,2.10000000,,0.00300000,0,,,limit_order,cancelled,no_position_left_for_reduce_only,310261790960407359T408,1580366827
2026-10-03 02:18:46.937441+05:30 IST Asia/Kolkata,C-BTC-86200-031026,3,buy,0.00000000/3.00000000,,2.10000000,,0.00300000,0,,,limit_order,cancelled,no_position_left_for_reduce_only,310261790960407359T407,1580366501
2026-10-03 02:18:24.458387+05:30 IST Asia/Kolkata,C-BTC-86200-031026,3,buy,0.00000000/3.00000000,,2.10000000,,0.00300000,0,,,limit_order,cancelled,no_position_left_for_reduce_only,310261790960407359T406,1580366219
2026-10-03 02:18:01.760752+05:30 IST Asia/Kolkata,C-BTC-86200-031026,3,buy,0.00000000/3.00000000,,2.10000000,,0.00300000,0,,,limit_order,cancelled,no_position_left_for_reduce_only,310261790960407359T405,1580365963
2026-10-03 02:17:38.415203+05:30 IST Asia/Kolkata,C-BTC-86200-031026,3,buy,0.00000000/3.00000000,,2.10000000,,0.00300000,0,,,limit_order,cancelled,no_position_left_for_reduce_only,310261790960407359T404,1580365605
2026-10-03 02:17:14.888460+05:30 IST Asia/Kolkata,C-BTC-86200-031026,3,buy,0.00000000/3.00000000,,2.10000000,,0.00300000,0,,,limit_order,cancelled,no_position_left_for_reduce_only,310261790960407359T403,1580365173
2026-10-03 02:16:51.911434+05:30 IST Asia/Kolkata,C-BTC-86200-031026,3,buy,0.00000000/3.00000000,,2.10000000,,0.00300000,0,,,limit_order,cancelled,no_position_left_for_reduce_only,310261790960407359T402,1580364820
2026-10-03 02:16:27.858253+05:30 IST Asia/Kolkata,C-BTC-86200-031026,3,buy,0.00000000/3.00000000,,2.10000000,,0.00300000,0,,,limit_order,cancelled,no_position_left_for_reduce_only,310261790960407359T401,1580364428
2026-10-03 02:16:06.107166+05:30 IST Asia/Kolkata,C-BTC-86200-031026,3,buy,0.00000000/3.00000000,,2.10000000,,0.00300000,0,,,limit_order,cancelled,no_position_left_for_reduce_only,310261790960407359T400,1580364138
2026-10-03 06:02:39.144831+05:30 IST Asia/Kolkata,C-BTC-85200-031026,3,buy,0.00000000/3.00000000,,3.30000000,,0.00300000,0,,,limit_order,cancelled,cancelled_by_user,310261790973905158T0,1580363510
2026-10-03 02:15:41.239349+05:30 IST Asia/Kolkata,C-BTC-86200-031026,3,buy,0.00000000/3.00000000,,2.10000000,,0.00300000,0,,,limit_order,cancelled,no_position_left_for_reduce_only,310261790960407359T399,1580363486
2026-10-03 02:15:18.749184+05:30 IST Asia/Kolkata,C-BTC-86200-031026,3,buy,0.00000000/3.00000000,,2.10000000,,0.00300000,0,,,limit_order,cancelled,no_position_left_for_reduce_only,310261790960407359T398,1580362839
2026-10-03 02:15:15.905120+05:30 IST Asia/Kolkata,C-BTC-85200-031026,3,sell,3.00000000/0.00000000,33.00000000,32.00000000,,0.00300000,0.0040887,0.099,-0,limit_order,closed,,310261790973905158E0,1580362632
2026-10-03 02:14:54.716485+05:30 IST Asia/Kolkata,C-BTC-86200-031026,3,buy,0.00000000/3.00000000,,2.10000000,,0.00300000,0,,,limit_order,cancelled,no_position_left_for_reduce_only,310261790960407359T397,1580362342
2026-10-03 02:14:33.269463+05:30 IST Asia/Kolkata,C-BTC-86200-031026,3,buy,0.00000000/3.00000000,,2.10000000,,0.00300000,0,,,limit_order,cancelled,no_position_left_for_reduce_only,310261790960407359T396,1580361992
2026-10-03 02:14:10.684169+05:30 IST Asia/Kolkata,C-BTC-86200-031026,3,buy,0.00000000/3.00000000,,2.10000000,,0.00300000,0,,,limit_order,cancelled,no_position_left_for_reduce_only,310261790960407359T395,1580361351
2026-10-03 02:13:48.189565+05:30 IST Asia/Kolkata,C-BTC-85400-031026,3,buy,3.00000000/0.00000000,21.00000000,383.00000000,,0.00300000,0.0026019,-0.063,0.07145454,market_order,closed,,310261790972626515X1,1580360972
2026-10-03 02:13:44.960107+05:30 IST Asia/Kolkata,C-BTC-86200-031026,3,buy,0.00000000/3.00000000,,2.10000000,,0.00300000,0,,,limit_order,cancelled,no_position_left_for_reduce_only,310261790960407359T394,1580360907
2026-10-03 02:13:20.667980+05:30 IST Asia/Kolkata,C-BTC-86200-031026,3,buy,0.00000000/3.00000000,,2.10000000,,0.00300000,0,,,limit_order,cancelled,no_position_left_for_reduce_only,310261790960407359T393,1580360544
2026-10-03 02:12:59.186535+05:30 IST Asia/Kolkata,C-BTC-86200-031026,3,buy,0.00000000/3.00000000,,2.10000000,,0.00300000,0,,,limit_order,cancelled,no_position_left_for_reduce_only,310261790960407359T392,1580360072
2026-10-03 02:12:36.651379+05:30 IST Asia/Kolkata,C-BTC-86200-031026,3,buy,0.00000000/3.00000000,,2.10000000,,0.00300000,0,,,limit_order,cancelled,no_position_left_for_reduce_only,310261790960407359T391,1580359739
2026-10-03 02:12:14.595789+05:30 IST Asia/Kolkata,C-BTC-86200-031026,3,buy,0.00000000/3.00000000,,2.10000000,,0.00300000,0,,,limit_order,cancelled,no_position_left_for_reduce_only,310261790960407359T390,1580359371
2026-10-03 02:11:50.621419+05:30 IST Asia/Kolkata,C-BTC-86200-031026,3,buy,0.00000000/3.00000000,,2.10000000,,0.00300000,0,,,limit_order,cancelled,no_position_left_for_reduce_only,310261790960407359T389,1580358877
2026-10-03 02:11:27.528676+05:30 IST Asia/Kolkata,C-BTC-86200-031026,3,buy,0.00000000/3.00000000,,2.10000000,,0.00300000,0,,,limit_order,cancelled,no_position_left_for_reduce_only,310261790960407359T388,1580357485
2026-10-03 02:11:03.620714+05:30 IST Asia/Kolkata,C-BTC-86200-031026,3,buy,0.00000000/3.00000000,,2.10000000,,0.00300000,0,,,limit_order,cancelled,no_position_left_for_reduce_only,310261790960407359T387,1580357203
2026-10-03 02:10:41.191899+05:30 IST Asia/Kolkata,C-BTC-86200-031026,3,buy,0.00000000/3.00000000,,2.10000000,,0.00300000,0,,,limit_order,cancelled,no_position_left_for_reduce_only,310261790960407359T386,1580356984
2026-10-03 02:10:18.829132+05:30 IST Asia/Kolkata,C-BTC-86200-031026,3,buy,0.00000000/3.00000000,,2.10000000,,0.00300000,0,,,limit_order,cancelled,no_position_left_for_reduce_only,310261790960407359T385,1580356734
2026-10-03 02:09:56.383937+05:30 IST Asia/Kolkata,C-BTC-86200-031026,3,buy,0.00000000/3.00000000,,2.10000000,,0.00300000,0,,,limit_order,cancelled,no_position_left_for_reduce_only,310261790960407359T384,1580356473
2026-10-03 02:09:32.574542+05:30 IST Asia/Kolkata,C-BTC-86200-031026,3,buy,0.00000000/3.00000000,,2.10000000,,0.00300000,0,,,limit_order,cancelled,no_position_left_for_reduce_only,310261790960407359T383,1580356250
2026-10-03 02:09:10.972221+05:30 IST Asia/Kolkata,C-BTC-86200-031026,3,buy,0.00000000/3.00000000,,2.10000000,,0.00300000,0,,,limit_order,cancelled,no_position_left_for_reduce_only,310261790960407359T382,1580356041
2026-10-03 02:08:48.827131+05:30 IST Asia/Kolkata,C-BTC-86200-031026,3,buy,0.00000000/3.00000000,,2.10000000,,0.00300000,0,,,limit_order,cancelled,no_position_left_for_reduce_only,310261790960407359T381,1580355781
2026-10-03 02:08:26.127443+05:30 IST Asia/Kolkata,C-BTC-86200-031026,3,buy,0.00000000/3.00000000,,2.10000000,,0.00300000,0,,,limit_order,cancelled,no_position_left_for_reduce_only,310261790960407359T380,1580355594
2026-10-03 02:08:02.591601+05:30 IST Asia/Kolkata,C-BTC-86200-031026,3,buy,0.00000000/3.00000000,,2.10000000,,0.00300000,0,,,limit_order,cancelled,no_position_left_for_reduce_only,310261790960407359T379,1580355356
2026-10-03 02:07:39.084368+05:30 IST Asia/Kolkata,C-BTC-86200-031026,3,buy,0.00000000/3.00000000,,2.10000000,,0.00300000,0,,,limit_order,cancelled,no_position_left_for_reduce_only,310261790960407359T378,1580355089
2026-10-03 02:07:16.750751+05:30 IST Asia/Kolkata,C-BTC-86200-031026,3,buy,0.00000000/3.00000000,,2.10000000,,0.00300000,0,,,limit_order,cancelled,no_position_left_for_reduce_only,310261790960407359T377,1580354803
2026-10-03 02:06:54.088363+05:30 IST Asia/Kolkata,C-BTC-86200-031026,3,buy,0.00000000/3.00000000,,2.10000000,,0.00300000,0,,,limit_order,cancelled,no_position_left_for_reduce_only,310261790960407359T376,1580354437
2026-10-03 02:06:32.064348+05:30 IST Asia/Kolkata,C-BTC-86200-031026,3,buy,0.00000000/3.00000000,,2.10000000,,0.00300000,0,,,limit_order,cancelled,no_position_left_for_reduce_only,310261790960407359T375,1580354025
2026-10-03 02:06:09.042691+05:30 IST Asia/Kolkata,C-BTC-86200-031026,3,buy,0.00000000/3.00000000,,2.10000000,,0.00300000,0,,,limit_order,cancelled,no_position_left_for_reduce_only,310261790960407359T374,1580353691
2026-10-03 02:05:44.512833+05:30 IST Asia/Kolkata,C-BTC-86200-031026,3,buy,0.00000000/3.00000000,,2.10000000,,0.00300000,0,,,limit_order,cancelled,no_position_left_for_reduce_only,310261790960407359T373,1580353304
2026-10-03 02:05:21.019750+05:30 IST Asia/Kolkata,C-BTC-86200-031026,3,buy,0.00000000/3.00000000,,2.10000000,,0.00300000,0,,,limit_order,cancelled,no_position_left_for_reduce_only,310261790960407359T372,1580352928
2026-10-03 02:04:58.439908+05:30 IST Asia/Kolkata,C-BTC-86200-031026,3,buy,0.00000000/3.00000000,,2.10000000,,0.00300000,0,,,limit_order,cancelled,no_position_left_for_reduce_only,310261790960407359T371,1580352536
2026-10-03 02:04:35.016836+05:30 IST Asia/Kolkata,C-BTC-86200-031026,3,buy,0.00000000/3.00000000,,2.10000000,,0.00300000,0,,,limit_order,cancelled,no_position_left_for_reduce_only,310261790960407359T370,1580352129
2026-10-03 02:04:12.420038+05:30 IST Asia/Kolkata,C-BTC-86200-031026,3,buy,0.00000000/3.00000000,,2.10000000,,0.00300000,0,,,limit_order,cancelled,no_position_left_for_reduce_only,310261790960407359T369,1580351797
2026-10-03 02:03:49.987540+05:30 IST Asia/Kolkata,C-BTC-86200-031026,3,buy,0.00000000/3.00000000,,2.10000000,,0.00300000,0,,,limit_order,cancelled,no_position_left_for_reduce_only,310261790960407359T368,1580351463
2026-10-03 02:03:27.661777+05:30 IST Asia/Kolkata,C-BTC-86200-031026,3,buy,0.00000000/3.00000000,,2.10000000,,0.00300000,0,,,limit_order,cancelled,no_position_left_for_reduce_only,310261790960407359T367,1580351155
2026-10-03 02:03:05.231042+05:30 IST Asia/Kolkata,C-BTC-86200-031026,3,buy,0.00000000/3.00000000,,2.10000000,,0.00300000,0,,,limit_order,cancelled,no_position_left_for_reduce_only,310261790960407359T366,1580350615
2026-10-03 02:02:41.962532+05:30 IST Asia/Kolkata,C-BTC-86200-031026,3,buy,0.00000000/3.00000000,,2.10000000,,0.00300000,0,,,limit_order,cancelled,no_position_left_for_reduce_only,310261790960407359T365,1580350258
2026-10-03 02:02:19.348392+05:30 IST Asia/Kolkata,C-BTC-86200-031026,3,buy,0.00000000/3.00000000,,2.10000000,,0.00300000,0,,,limit_order,cancelled,no_position_left_for_reduce_only,310261790960407359T364,1580350000
2026-10-03 02:01:56.055991+05:30 IST Asia/Kolkata,C-BTC-86200-031026,3,buy,0.00000000/3.00000000,,2.10000000,,0.00300000,0,,,limit_order,cancelled,no_position_left_for_reduce_only,310261790960407359T363,1580349698
2026-10-03 02:01:33.952091+05:30 IST Asia/Kolkata,C-BTC-86200-031026,3,buy,0.00000000/3.00000000,,2.10000000,,0.00300000,0,,,limit_order,cancelled,no_position_left_for_reduce_only,310261790960407359T362,1580349397
2026-10-03 02:01:11.948120+05:30 IST Asia/Kolkata,C-BTC-86200-031026,3,buy,0.00000000/3.00000000,,2.10000000,,0.00300000,0,,,limit_order,cancelled,no_position_left_for_reduce_only,310261790960407359T361,1580349100
2026-10-03 02:00:49.954576+05:30 IST Asia/Kolkata,C-BTC-86200-031026,3,buy,0.00000000/3.00000000,,2.10000000,,0.00300000,0,,,limit_order,cancelled,no_position_left_for_reduce_only,310261790960407359T360,1580348723
2026-10-03 02:00:27.820518+05:30 IST Asia/Kolkata,C-BTC-86200-031026,3,buy,0.00000000/3.00000000,,2.10000000,,0.00300000,0,,,limit_order,cancelled,no_position_left_for_reduce_only,310261790960407359T359,1580348406
2026-10-03 02:00:04.167061+05:30 IST Asia/Kolkata,C-BTC-86200-031026,3,buy,0.00000000/3.00000000,,2.10000000,,0.00300000,0,,,limit_order,cancelled,no_position_left_for_reduce_only,310261790960407359T358,1580347917
2026-10-03 01:59:38.651661+05:30 IST Asia/Kolkata,C-BTC-86200-031026,3,buy,0.00000000/3.00000000,,2.10000000,,0.00300000,0,,,limit_order,cancelled,no_position_left_for_reduce_only,310261790960407359T357,1580347306
2026-10-03 01:59:17.044133+05:30 IST Asia/Kolkata,C-BTC-86200-031026,3,buy,0.00000000/3.00000000,,2.10000000,,0.00300000,0,,,limit_order,cancelled,no_position_left_for_reduce_only,310261790960407359T356,1580346801
2026-10-03 01:58:53.568380+05:30 IST Asia/Kolkata,C-BTC-86200-031026,3,buy,0.00000000/3.00000000,,2.10000000,,0.00300000,0,,,limit_order,cancelled,no_position_left_for_reduce_only,310261790960407359T355,1580345156
2026-10-03 01:58:30.628490+05:30 IST Asia/Kolkata,C-BTC-86200-031026,3,buy,0.00000000/3.00000000,,2.10000000,,0.00300000,0,,,limit_order,cancelled,no_position_left_for_reduce_only,310261790960407359T354,1580343322
2026-10-03 01:58:07.956105+05:30 IST Asia/Kolkata,C-BTC-86200-031026,3,buy,0.00000000/3.00000000,,2.10000000,,0.00300000,0,,,limit_order,cancelled,no_position_left_for_reduce_only,310261790960407359T353,1580342038
2026-10-03 01:57:44.600539+05:30 IST Asia/Kolkata,C-BTC-86200-031026,3,buy,0.00000000/3.00000000,,2.10000000,,0.00300000,0,,,limit_order,cancelled,no_position_left_for_reduce_only,310261790960407359T352,1580341056
2026-10-03 01:57:21.530783+05:30 IST Asia/Kolkata,C-BTC-86200-031026,3,buy,0.00000000/3.00000000,,2.10000000,,0.00300000,0,,,limit_order,cancelled,no_position_left_for_reduce_only,310261790960407359T351,1580340772
2026-10-03 01:56:58.960261+05:30 IST Asia/Kolkata,C-BTC-86200-031026,3,buy,0.00000000/3.00000000,,2.10000000,,0.00300000,0,,,limit_order,cancelled,no_position_left_for_reduce_only,310261790960407359T350,1580340413
2026-10-03 01:56:36.295831+05:30 IST Asia/Kolkata,C-BTC-86200-031026,3,buy,0.00000000/3.00000000,,2.10000000,,0.00300000,0,,,limit_order,cancelled,no_position_left_for_reduce_only,310261790960407359T349,1580340128
2026-10-03 01:56:13.039151+05:30 IST Asia/Kolkata,C-BTC-86200-031026,3,buy,0.00000000/3.00000000,,2.10000000,,0.00300000,0,,,limit_order,cancelled,no_position_left_for_reduce_only,310261790960407359T348,1580339746
2026-10-03 01:55:49.527506+05:30 IST Asia/Kolkata,C-BTC-86200-031026,3,buy,0.00000000/3.00000000,,2.10000000,,0.00300000,0,,,limit_order,cancelled,no_position_left_for_reduce_only,310261790960407359T347,1580339352
2026-10-03 01:55:26.248287+05:30 IST Asia/Kolkata,C-BTC-86200-031026,3,buy,0.00000000/3.00000000,,2.10000000,,0.00300000,0,,,limit_order,cancelled,no_position_left_for_reduce_only,310261790960407359T346,1580338893
2026-10-03 01:55:04.169004+05:30 IST Asia/Kolkata,C-BTC-86200-031026,3,buy,0.00000000/3.00000000,,2.10000000,,0.00300000,0,,,limit_order,cancelled,no_position_left_for_reduce_only,310261790960407359T345,1580338448
2026-10-03 01:54:41.500425+05:30 IST Asia/Kolkata,C-BTC-86200-031026,3,buy,0.00000000/3.00000000,,2.10000000,,0.00300000,0,,,limit_order,cancelled,no_position_left_for_reduce_only,310261790960407359T344,1580337761
2026-10-03 01:54:19.232355+05:30 IST Asia/Kolkata,C-BTC-86200-031026,3,buy,0.00000000/3.00000000,,2.10000000,,0.00300000,0,,,limit_order,cancelled,no_position_left_for_reduce_only,310261790960407359T343,1580337333
2026-10-03 01:53:56.107589+05:30 IST Asia/Kolkata,C-BTC-86200-031026,3,buy,0.00000000/3.00000000,,2.10000000,,0.00300000,0,,,limit_order,cancelled,no_position_left_for_reduce_only,310261790960407359T342,1580336755
2026-10-03 02:13:46.981980+05:30 IST Asia/Kolkata,C-BTC-85400-031026,3,buy,0.00000000/3.00000000,,4.30000000,,0.00300000,0,,,limit_order,cancelled,cancelled_by_user,310261790972626515T0,1580336649
2026-10-03 01:53:48.947690+05:30 IST Asia/Kolkata,C-BTC-85400-031026,3,sell,3.00000000/0.00000000,43.00000000,42.00000000,,0.00300000,0.0053277,0.129,0,limit_order,closed,,310261790972626515E0,1580336570
2026-10-03 01:53:32.271864+05:30 IST Asia/Kolkata,C-BTC-86200-031026,3,buy,0.00000000/3.00000000,,2.10000000,,0.00300000,0,,,limit_order,cancelled,no_position_left_for_reduce_only,310261790960407359T341,1580336246
2026-10-03 01:53:08.731904+05:30 IST Asia/Kolkata,C-BTC-86200-031026,3,buy,0.00000000/3.00000000,,2.10000000,,0.00300000,0,,,limit_order,cancelled,no_position_left_for_reduce_only,310261790960407359T340,1580335570
2026-10-03 01:52:45.471615+05:30 IST Asia/Kolkata,C-BTC-86200-031026,3,buy,0.00000000/3.00000000,,2.10000000,,0.00300000,0,,,limit_order,cancelled,no_position_left_for_reduce_only,310261790960407359T339,1580335283
2026-10-03 01:52:24.238382+05:30 IST Asia/Kolkata,C-BTC-86200-031026,3,buy,0.00000000/3.00000000,,2.10000000,,0.00300000,0,,,limit_order,cancelled,no_position_left_for_reduce_only,310261790960407359T338,1580335080
2026-10-03 01:52:02.170655+05:30 IST Asia/Kolkata,C-BTC-86200-031026,3,buy,0.00000000/3.00000000,,2.10000000,,0.00300000,0,,,limit_order,cancelled,no_position_left_for_reduce_only,310261790960407359T337,1580334790
2026-10-03 01:51:41.015731+05:30 IST Asia/Kolkata,C-BTC-86200-031026,3,buy,0.00000000/3.00000000,,2.10000000,,0.00300000,0,,,limit_order,cancelled,no_position_left_for_reduce_only,310261790960407359T336,1580334597
2026-10-03 01:51:18.239473+05:30 IST Asia/Kolkata,C-BTC-86200-031026,3,buy,0.00000000/3.00000000,,2.10000000,,0.00300000,0,,,limit_order,cancelled,no_position_left_for_reduce_only,310261790960407359T335,1580334330
2026-10-03 01:50:56.113917+05:30 IST Asia/Kolkata,C-BTC-86200-031026,3,buy,0.00000000/3.00000000,,2.10000000,,0.00300000,0,,,limit_order,cancelled,no_position_left_for_reduce_only,310261790960407359T334,1580334031
2026-10-03 01:50:34.405355+05:30 IST Asia/Kolkata,C-BTC-86200-031026,3,buy,0.00000000/3.00000000,,2.10000000,,0.00300000,0,,,limit_order,cancelled,no_position_left_for_reduce_only,310261790960407359T333,1580333486
2026-10-03 01:50:11.735733+05:30 IST Asia/Kolkata,C-BTC-86200-031026,3,buy,0.00000000/3.00000000,,2.10000000,,0.00300000,0,,,limit_order,cancelled,no_position_left_for_reduce_only,310261790960407359T332,1580332898
2026-10-03 01:49:49.399755+05:30 IST Asia/Kolkata,C-BTC-86200-031026,3,buy,0.00000000/3.00000000,,2.10000000,,0.00300000,0,,,limit_order,cancelled,no_position_left_for_reduce_only,310261790960407359T331,1580332224
2026-10-03 01:49:26.348520+05:30 IST Asia/Kolkata,C-BTC-86200-031026,3,buy,0.00000000/3.00000000,,2.10000000,,0.00300000,0,,,limit_order,cancelled,no_position_left_for_reduce_only,310261790960407359T330,1580331892
2026-10-03 01:49:03.858736+05:30 IST Asia/Kolkata,C-BTC-86200-031026,3,buy,0.00000000/3.00000000,,2.10000000,,0.00300000,0,,,limit_order,cancelled,no_position_left_for_reduce_only,310261790960407359T329,1580331484
2026-10-03 01:48:41.625306+05:30 IST Asia/Kolkata,C-BTC-86200-031026,3,buy,0.00000000/3.00000000,,2.10000000,,0.00300000,0,,,limit_order,cancelled,no_position_left_for_reduce_only,310261790960407359T328,1580331119
2026-10-03 01:48:19.406886+05:30 IST Asia/Kolkata,C-BTC-86200-031026,3,buy,0.00000000/3.00000000,,2.10000000,,0.00300000,0,,,limit_order,cancelled,no_position_left_for_reduce_only,310261790960407359T327,1580330672
2026-10-03 01:47:57.630934+05:30 IST Asia/Kolkata,C-BTC-86200-031026,3,buy,0.00000000/3.00000000,,2.10000000,,0.00300000,0,,,limit_order,cancelled,no_position_left_for_reduce_only,310261790960407359T326,1580330334
2026-10-03 01:47:35.052304+05:30 IST Asia/Kolkata,C-BTC-86200-031026,3,buy,0.00000000/3.00000000,,2.10000000,,0.00300000,0,,,limit_order,cancelled,no_position_left_for_reduce_only,310261790960407359T325,1580330005
2026-10-03 01:47:13.851406+05:30 IST Asia/Kolkata,C-BTC-86200-031026,3,buy,0.00000000/3.00000000,,2.10000000,,0.00300000,0,,,limit_order,cancelled,no_position_left_for_reduce_only,310261790960407359T324,1580329750
2026-10-03 01:46:52.320216+05:30 IST Asia/Kolkata,C-BTC-86200-031026,3,buy,0.00000000/3.00000000,,2.10000000,,0.00300000,0,,,limit_order,cancelled,no_position_left_for_reduce_only,310261790960407359T323,1580329428
2026-10-03 01:46:30.320348+05:30 IST Asia/Kolkata,C-BTC-86200-031026,3,buy,0.00000000/3.00000000,,2.10000000,,0.00300000,0,,,limit_order,cancelled,no_position_left_for_reduce_only,310261790960407359T322,1580329145
2026-10-03 01:46:08.268040+05:30 IST Asia/Kolkata,C-BTC-86200-031026,3,buy,0.00000000/3.00000000,,2.10000000,,0.00300000,0,,,limit_order,cancelled,no_position_left_for_reduce_only,310261790960407359T321,1580328901
2026-10-03 01:45:46.771293+05:30 IST Asia/Kolkata,C-BTC-86200-031026,3,buy,0.00000000/3.00000000,,2.10000000,,0.00300000,0,,,limit_order,cancelled,no_position_left_for_reduce_only,310261790960407359T320,1580328549
2026-10-03 01:45:23.967110+05:30 IST Asia/Kolkata,C-BTC-86200-031026,3,buy,0.00000000/3.00000000,,2.10000000,,0.00300000,0,,,limit_order,cancelled,no_position_left_for_reduce_only,310261790960407359T319,1580328144
2026-10-03 01:45:02.692576+05:30 IST Asia/Kolkata,C-BTC-86200-031026,3,buy,0.00000000/3.00000000,,2.10000000,,0.00300000,0,,,limit_order,cancelled,no_position_left_for_reduce_only,310261790960407359T318,1580327768
2026-10-03 01:44:38.884338+05:30 IST Asia/Kolkata,C-BTC-86200-031026,3,buy,0.00000000/3.00000000,,2.10000000,,0.00300000,0,,,limit_order,cancelled,no_position_left_for_reduce_only,310261790960407359T317,1580327368
2026-10-03 01:44:16.673488+05:30 IST Asia/Kolkata,C-BTC-86200-031026,3,buy,0.00000000/3.00000000,,2.10000000,,0.00300000,0,,,limit_order,cancelled,no_position_left_for_reduce_only,310261790960407359T316,1580327109
2026-10-03 01:43:53.955719+05:30 IST Asia/Kolkata,C-BTC-86200-031026,3,buy,0.00000000/3.00000000,,2.10000000,,0.00300000,0,,,limit_order,cancelled,no_position_left_for_reduce_only,310261790960407359T315,1580326537
2026-10-03 01:43:31.728060+05:30 IST Asia/Kolkata,C-BTC-86200-031026,3,buy,0.00000000/3.00000000,,2.10000000,,0.00300000,0,,,limit_order,cancelled,no_position_left_for_reduce_only,310261790960407359T314,1580326005
2026-10-03 01:43:08.882572+05:30 IST Asia/Kolkata,C-BTC-86200-031026,3,buy,0.00000000/3.00000000,,2.10000000,,0.00300000,0,,,limit_order,cancelled,no_position_left_for_reduce_only,310261790960407359T313,1580325701
2026-10-03 01:42:45.355393+05:30 IST Asia/Kolkata,C-BTC-86200-031026,3,buy,0.00000000/3.00000000,,2.10000000,,0.00300000,0,,,limit_order,cancelled,no_position_left_for_reduce_only,310261790960407359T312,1580325207
2026-10-03 01:42:22.424671+05:30 IST Asia/Kolkata,C-BTC-86200-031026,3,buy,0.00000000/3.00000000,,2.10000000,,0.00300000,0,,,limit_order,cancelled,no_position_left_for_reduce_only,310261790960407359T311,1580324832
2026-10-03 01:41:59.480513+05:30 IST Asia/Kolkata,C-BTC-86200-031026,3,buy,0.00000000/3.00000000,,2.10000000,,0.00300000,0,,,limit_order,cancelled,no_position_left_for_reduce_only,310261790960407359T310,1580324449
2026-10-03 01:41:36.737024+05:30 IST Asia/Kolkata,C-BTC-86200-031026,3,buy,0.00000000/3.00000000,,2.10000000,,0.00300000,0,,,limit_order,cancelled,no_position_left_for_reduce_only,310261790960407359T309,1580323955
2026-10-03 01:41:14.084016+05:30 IST Asia/Kolkata,C-BTC-86200-031026,3,buy,0.00000000/3.00000000,,2.10000000,,0.00300000,0,,,limit_order,cancelled,no_position_left_for_reduce_only,310261790960407359T308,1580323577
2026-10-03 01:40:52.669040+05:30 IST Asia/Kolkata,C-BTC-86200-031026,3,buy,0.00000000/3.00000000,,2.10000000,,0.00300000,0,,,limit_order,cancelled,no_position_left_for_reduce_only,310261790960407359T307,1580323260
2026-10-03 01:40:29.976062+05:30 IST Asia/Kolkata,C-BTC-86200-031026,3,buy,0.00000000/3.00000000,,2.10000000,,0.00300000,0,,,limit_order,cancelled,no_position_left_for_reduce_only,310261790960407359T306,1580322847
2026-10-03 01:40:07.799244+05:30 IST Asia/Kolkata,C-BTC-86200-031026,3,buy,0.00000000/3.00000000,,2.10000000,,0.00300000,0,,,limit_order,cancelled,no_position_left_for_reduce_only,310261790960407359T305,1580322270
2026-10-03 01:39:45.171445+05:30 IST Asia/Kolkata,C-BTC-86200-031026,3,buy,0.00000000/3.00000000,,2.10000000,,0.00300000,0,,,limit_order,cancelled,no_position_left_for_reduce_only,310261790960407359T304,1580321836
2026-10-03 01:39:22.703990+05:30 IST Asia/Kolkata,C-BTC-86200-031026,3,buy,0.00000000/3.00000000,,2.10000000,,0.00300000,0,,,limit_order,cancelled,no_position_left_for_reduce_only,310261790960407359T303,1580321478
2026-10-03 01:39:00.004135+05:30 IST Asia/Kolkata,C-BTC-86200-031026,3,buy,0.00000000/3.00000000,,2.10000000,,0.00300000,0,,,limit_order,cancelled,no_position_left_for_reduce_only,310261790960407359T302,1580321096
2026-10-03 01:38:37.724192+05:30 IST Asia/Kolkata,C-BTC-86200-031026,3,buy,0.00000000/3.00000000,,2.10000000,,0.00300000,0,,,limit_order,cancelled,no_position_left_for_reduce_only,310261790960407359T301,1580320775
2026-10-03 01:38:15.330534+05:30 IST Asia/Kolkata,C-BTC-86200-031026,3,buy,0.00000000/3.00000000,,2.10000000,,0.00300000,0,,,limit_order,cancelled,no_position_left_for_reduce_only,310261790960407359T300,1580320414
2026-10-03 01:37:52.635188+05:30 IST Asia/Kolkata,C-BTC-86200-031026,3,buy,0.00000000/3.00000000,,2.10000000,,0.00300000,0,,,limit_order,cancelled,no_position_left_for_reduce_only,310261790960407359T299,1580320064
2026-10-03 01:37:30.213437+05:30 IST Asia/Kolkata,C-BTC-86200-031026,3,buy,0.00000000/3.00000000,,2.10000000,,0.00300000,0,,,limit_order,cancelled,no_position_left_for_reduce_only,310261790960407359T298,1580319740
2026-10-03 01:37:07.584193+05:30 IST Asia/Kolkata,C-BTC-86200-031026,3,buy,0.00000000/3.00000000,,2.10000000,,0.00300000,0,,,limit_order,cancelled,no_position_left_for_reduce_only,310261790960407359T297,1580319356
2026-10-03 01:36:45.364542+05:30 IST Asia/Kolkata,C-BTC-86200-031026,3,buy,0.00000000/3.00000000,,2.10000000,,0.00300000,0,,,limit_order,cancelled,no_position_left_for_reduce_only,310261790960407359T296,1580318921
2026-10-03 01:36:21.796143+05:30 IST Asia/Kolkata,C-BTC-86200-031026,3,buy,0.00000000/3.00000000,,2.10000000,,0.00300000,0,,,limit_order,cancelled,no_position_left_for_reduce_only,310261790960407359T295,1580317907
2026-10-03 01:35:59.318831+05:30 IST Asia/Kolkata,C-BTC-86200-031026,3,buy,0.00000000/3.00000000,,2.10000000,,0.00300000,0,,,limit_order,cancelled,no_position_left_for_reduce_only,310261790960407359T294,1580316836
2026-10-03 01:35:36.630395+05:30 IST Asia/Kolkata,C-BTC-86200-031026,3,buy,0.00000000/3.00000000,,2.10000000,,0.00300000,0,,,limit_order,cancelled,no_position_left_for_reduce_only,310261790960407359T293,1580316301
2026-10-03 01:35:14.901668+05:30 IST Asia/Kolkata,C-BTC-86200-031026,3,buy,0.00000000/3.00000000,,2.10000000,,0.00300000,0,,,limit_order,cancelled,no_position_left_for_reduce_only,310261790960407359T292,1580315869
2026-10-03 01:34:58.447704+05:30 IST Asia/Kolkata,C-BTC-86200-031026,3,buy,0.00000000/3.00000000,,2.10000000,,0.00300000,0,,,limit_order,cancelled,no_position_left_for_reduce_only,310261790960407359T291,1580315573
2026-10-03 01:34:43.514808+05:30 IST Asia/Kolkata,C-BTC-86200-031026,3,buy,0.00000000/3.00000000,,2.10000000,,0.00300000,0,,,limit_order,cancelled,no_position_left_for_reduce_only,310261790960407359T290,1580315346
2026-10-03 01:34:26.535465+05:30 IST Asia/Kolkata,C-BTC-86200-031026,3,buy,0.00000000/3.00000000,,2.10000000,,0.00300000,0,,,limit_order,cancelled,no_position_left_for_reduce_only,310261790960407359T289,1580315069
2026-10-03 01:34:12.002793+05:30 IST Asia/Kolkata,C-BTC-86200-031026,3,buy,0.00000000/3.00000000,,2.10000000,,0.00300000,0,,,limit_order,cancelled,no_position_left_for_reduce_only,310261790960407359T288,1580314785
2026-10-03 01:33:56.928239+05:30 IST Asia/Kolkata,C-BTC-86200-031026,3,buy,0.00000000/3.00000000,,2.10000000,,0.00300000,0,,,limit_order,cancelled,no_position_left_for_reduce_only,310261790960407359T287,1580314472
2026-10-03 01:33:43.423689+05:30 IST Asia/Kolkata,C-BTC-86200-031026,3,buy,0.00000000/3.00000000,,2.10000000,,0.00300000,0,,,limit_order,cancelled,no_position_left_for_reduce_only,310261790960407359T286,1580314224
2026-10-03 01:33:28.937968+05:30 IST Asia/Kolkata,C-BTC-86200-031026,3,buy,0.00000000/3.00000000,,2.10000000,,0.00300000,0,,,limit_order,cancelled,no_position_left_for_reduce_only,310261790960407359T285,1580313945
2026-10-03 01:33:13.561004+05:30 IST Asia/Kolkata,C-BTC-86200-031026,3,buy,0.00000000/3.00000000,,2.10000000,,0.00300000,0,,,limit_order,cancelled,no_position_left_for_reduce_only,310261790960407359T284,1580313596
2026-10-03 01:32:58.412149+05:30 IST Asia/Kolkata,C-BTC-86200-031026,3,buy,0.00000000/3.00000000,,2.10000000,,0.00300000,0,,,limit_order,cancelled,no_position_left_for_reduce_only,310261790960407359T283,1580313218
2026-10-03 01:32:43.460430+05:30 IST Asia/Kolkata,C-BTC-86200-031026,3,buy,0.00000000/3.00000000,,2.10000000,,0.00300000,0,,,limit_order,cancelled,no_position_left_for_reduce_only,310261790960407359T282,1580312894
2026-10-03 01:32:27.855304+05:30 IST Asia/Kolkata,C-BTC-86200-031026,3,buy,0.00000000/3.00000000,,2.10000000,,0.00300000,0,,,limit_order,cancelled,no_position_left_for_reduce_only,310261790960407359T281,1580312557
2026-10-03 01:32:13.065276+05:30 IST Asia/Kolkata,C-BTC-86200-031026,3,buy,0.00000000/3.00000000,,2.10000000,,0.00300000,0,,,limit_order,cancelled,no_position_left_for_reduce_only,310261790960407359T280,1580312186
2026-10-03 01:31:57.887228+05:30 IST Asia/Kolkata,C-BTC-86200-031026,3,buy,0.00000000/3.00000000,,2.10000000,,0.00300000,0,,,limit_order,cancelled,no_position_left_for_reduce_only,310261790960407359T279,1580311802
2026-10-03 01:31:44.385152+05:30 IST Asia/Kolkata,C-BTC-86200-031026,3,buy,0.00000000/3.00000000,,2.10000000,,0.00300000,0,,,limit_order,cancelled,no_position_left_for_reduce_only,310261790960407359T278,1580311445
2026-10-03 01:31:29.536510+05:30 IST Asia/Kolkata,C-BTC-86200-031026,3,buy,0.00000000/3.00000000,,2.10000000,,0.00300000,0,,,limit_order,cancelled,no_position_left_for_reduce_only,310261790960407359T277,1580308993
2026-10-03 01:31:12.263024+05:30 IST Asia/Kolkata,C-BTC-86200-031026,3,buy,0.00000000/3.00000000,,2.10000000,,0.00300000,0,,,limit_order,cancelled,no_position_left_for_reduce_only,310261790960407359T276,1580308520
2026-10-03 01:30:57.192074+05:30 IST Asia/Kolkata,C-BTC-86200-031026,3,buy,0.00000000/3.00000000,,2.10000000,,0.00300000,0,,,limit_order,cancelled,no_position_left_for_reduce_only,310261790960407359T275,1580308136
2026-10-03 01:30:42.731517+05:30 IST Asia/Kolkata,C-BTC-86200-031026,3,buy,0.00000000/3.00000000,,2.10000000,,0.00300000,0,,,limit_order,cancelled,no_position_left_for_reduce_only,310261790960407359T274,1580307813
2026-10-03 01:30:24.132375+05:30 IST Asia/Kolkata,C-BTC-86200-031026,3,buy,0.00000000/3.00000000,,2.10000000,,0.00300000,0,,,limit_order,cancelled,no_position_left_for_reduce_only,310261790960407359T273,1580307251
2026-10-03 01:30:10.396949+05:30 IST Asia/Kolkata,C-BTC-86200-031026,3,buy,0.00000000/3.00000000,,2.10000000,,0.00300000,0,,,limit_order,cancelled,no_position_left_for_reduce_only,310261790960407359T272,1580306463
2026-10-03 01:30:10.073625+05:30 IST Asia/Kolkata,C-BTC-85400-031026,3,sell,3.00000000/0.00000000,47.00000000,47.00000000,,0.00300000,0.0058233,0.141,-0,limit_order,closed,,310261790971208246E0,1580306451
2026-10-03 01:30:08.393921+05:30 IST Asia/Kolkata,C-BTC-85400-031026,3,sell,3.00000000/0.00000000,47.00000000,47.00000000,,0.00300000,0.0058233,0.141,-0,limit_order,closed,,310261790971205741E0,1580306387
2026-10-03 01:29:54.076862+05:30 IST Asia/Kolkata,C-BTC-86200-031026,3,buy,0.00000000/3.00000000,,2.10000000,,0.00300000,0,,,limit_order,cancelled,no_position_left_for_reduce_only,310261790960407359T271,1580305871
2026-10-03 01:29:39.143274+05:30 IST Asia/Kolkata,C-BTC-86200-031026,3,buy,0.00000000/3.00000000,,2.10000000,,0.00300000,0,,,limit_order,cancelled,no_position_left_for_reduce_only,310261790960407359T270,1580305584
2026-10-03 01:29:24.911085+05:30 IST Asia/Kolkata,C-BTC-86200-031026,3,buy,0.00000000/3.00000000,,2.10000000,,0.00300000,0,,,limit_order,cancelled,no_position_left_for_reduce_only,310261790960407359T269,1580305312
2026-10-03 01:29:10.119368+05:30 IST Asia/Kolkata,C-BTC-86200-031026,3,buy,0.00000000/3.00000000,,2.10000000,,0.00300000,0,,,limit_order,cancelled,no_position_left_for_reduce_only,310261790960407359T268,1580305056
2026-10-03 01:28:54.019805+05:30 IST Asia/Kolkata,C-BTC-86200-031026,3,buy,0.00000000/3.00000000,,2.10000000,,0.00300000,0,,,limit_order,cancelled,no_position_left_for_reduce_only,310261790960407359T267,1580304731
2026-10-03 01:28:40.928286+05:30 IST Asia/Kolkata,C-BTC-86200-031026,3,buy,0.00000000/3.00000000,,2.10000000,,0.00300000,0,,,limit_order,cancelled,no_position_left_for_reduce_only,310261790960407359T266,1580304514
2026-10-03 01:28:23.176447+05:30 IST Asia/Kolkata,C-BTC-86200-031026,3,buy,0.00000000/3.00000000,,2.10000000,,0.00300000,0,,,limit_order,cancelled,no_position_left_for_reduce_only,310261790960407359T265,1580303890
2026-10-03 01:28:09.788569+05:30 IST Asia/Kolkata,C-BTC-86200-031026,3,buy,0.00000000/3.00000000,,2.10000000,,0.00300000,0,,,limit_order,cancelled,no_position_left_for_reduce_only,310261790960407359T264,1580302246
2026-10-03 01:28:08.145837+05:30 IST Asia/Kolkata,C-BTC-85400-031026,3,sell,3.00000000/0.00000000,44.00000000,43.00000000,,0.00300000,0.0054516,0.132,0,limit_order,closed,,310261790971086712E0,1580300762
2026-10-03 01:28:06.408877+05:30 IST Asia/Kolkata,C-BTC-85400-031026,3,sell,3.00000000/0.00000000,43.00000000,43.00000000,,0.00300000,0.0053277,0.129,0,limit_order,closed,,310261790971084145E0,1580300571
2026-10-03 01:28:03.794195+05:30 IST Asia/Kolkata,C-BTC-85400-031026,3,sell,3.00000000/0.00000000,42.00000000,42.00000000,,0.00300000,0.0052038,0.126,0,limit_order,closed,,310261790971081456E0,1580300393
2026-10-03 01:27:51.342577+05:30 IST Asia/Kolkata,C-BTC-86200-031026,3,buy,0.00000000/3.00000000,,2.10000000,,0.00300000,0,,,limit_order,cancelled,no_position_left_for_reduce_only,310261790960407359T263,1580300125
2026-10-03 01:27:37.420649+05:30 IST Asia/Kolkata,C-BTC-86200-031026,3,buy,0.00000000/3.00000000,,2.10000000,,0.00300000,0,,,limit_order,cancelled,no_position_left_for_reduce_only,310261790960407359T262,1580299895
2026-10-03 01:27:25.068969+05:30 IST Asia/Kolkata,C-BTC-86200-031026,3,buy,0.00000000/3.00000000,,2.10000000,,0.00300000,0,,,limit_order,cancelled,no_position_left_for_reduce_only,310261790960407359T261,1580299740
2026-10-03 01:27:10.614930+05:30 IST Asia/Kolkata,C-BTC-86200-031026,3,buy,0.00000000/3.00000000,,2.10000000,,0.00300000,0,,,limit_order,cancelled,no_position_left_for_reduce_only,310261790960407359T260,1580299553
2026-10-03 01:26:56.399353+05:30 IST Asia/Kolkata,C-BTC-86200-031026,3,buy,0.00000000/3.00000000,,2.10000000,,0.00300000,0,,,limit_order,cancelled,no_position_left_for_reduce_only,310261790960407359T259,1580299330
2026-10-03 01:26:42.378789+05:30 IST Asia/Kolkata,C-BTC-86200-031026,3,buy,0.00000000/3.00000000,,2.10000000,,0.00300000,0,,,limit_order,cancelled,no_position_left_for_reduce_only,310261790960407359T258,1580299087
2026-10-03 01:26:27.822788+05:30 IST Asia/Kolkata,C-BTC-86200-031026,3,buy,0.00000000/3.00000000,,2.10000000,,0.00300000,0,,,limit_order,cancelled,no_position_left_for_reduce_only,310261790960407359T257,1580298876
2026-10-03 01:26:15.268415+05:30 IST Asia/Kolkata,C-BTC-86200-031026,3,buy,0.00000000/3.00000000,,2.10000000,,0.00300000,0,,,limit_order,cancelled,no_position_left_for_reduce_only,310261790960407359T256,1580298689
2026-10-03 01:26:01.896553+05:30 IST Asia/Kolkata,C-BTC-86200-031026,3,buy,0.00000000/3.00000000,,2.10000000,,0.00300000,0,,,limit_order,cancelled,no_position_left_for_reduce_only,310261790960407359T255,1580298477
2026-10-03 01:25:48.296880+05:30 IST Asia/Kolkata,C-BTC-86200-031026,3,buy,0.00000000/3.00000000,,2.10000000,,0.00300000,0,,,limit_order,cancelled,no_position_left_for_reduce_only,310261790960407359T254,1580298168
2026-10-03 01:25:35.554924+05:30 IST Asia/Kolkata,C-BTC-86200-031026,3,buy,0.00000000/3.00000000,,2.10000000,,0.00300000,0,,,limit_order,cancelled,no_position_left_for_reduce_only,310261790960407359T253,1580297952
2026-10-03 01:25:22.098590+05:30 IST Asia/Kolkata,C-BTC-86200-031026,3,buy,0.00000000/3.00000000,,2.10000000,,0.00300000,0,,,limit_order,cancelled,no_position_left_for_reduce_only,310261790960407359T252,1580297640
2026-10-03 01:25:08.492944+05:30 IST Asia/Kolkata,C-BTC-86200-031026,3,buy,0.00000000/3.00000000,,2.10000000,,0.00300000,0,,,limit_order,cancelled,no_position_left_for_reduce_only,310261790960407359T251,1580297370
2026-10-03 01:24:54.299409+05:30 IST Asia/Kolkata,C-BTC-86200-031026,3,buy,0.00000000/3.00000000,,2.10000000,,0.00300000,0,,,limit_order,cancelled,no_position_left_for_reduce_only,310261790960407359T250,1580297110
2026-10-03 01:24:41.288675+05:30 IST Asia/Kolkata,C-BTC-86200-031026,3,buy,0.00000000/3.00000000,,2.10000000,,0.00300000,0,,,limit_order,cancelled,no_position_left_for_reduce_only,310261790960407359T249,1580296873
2026-10-03 01:24:26.079279+05:30 IST Asia/Kolkata,C-BTC-86200-031026,3,buy,0.00000000/3.00000000,,2.10000000,,0.00300000,0,,,limit_order,cancelled,no_position_left_for_reduce_only,310261790960407359T248,1580296653
2026-10-03 01:24:13.283576+05:30 IST Asia/Kolkata,C-BTC-86200-031026,3,buy,0.00000000/3.00000000,,2.10000000,,0.00300000,0,,,limit_order,cancelled,no_position_left_for_reduce_only,310261790960407359T247,1580296483
2026-10-03 01:23:59.899794+05:30 IST Asia/Kolkata,C-BTC-86200-031026,3,buy,0.00000000/3.00000000,,2.10000000,,0.00300000,0,,,limit_order,cancelled,no_position_left_for_reduce_only,310261790960407359T246,1580296292
2026-10-03 01:23:44.772245+05:30 IST Asia/Kolkata,C-BTC-86200-031026,3,buy,0.00000000/3.00000000,,2.10000000,,0.00300000,0,,,limit_order,cancelled,no_position_left_for_reduce_only,310261790960407359T245,1580296084
2026-10-03 01:23:32.259429+05:30 IST Asia/Kolkata,C-BTC-86200-031026,3,buy,0.00000000/3.00000000,,2.10000000,,0.00300000,0,,,limit_order,cancelled,no_position_left_for_reduce_only,310261790960407359T244,1580295909
2026-10-03 01:23:19.587920+05:30 IST Asia/Kolkata,C-BTC-86200-031026,3,buy,0.00000000/3.00000000,,2.10000000,,0.00300000,0,,,limit_order,cancelled,no_position_left_for_reduce_only,310261790960407359T243,1580295730
2026-10-03 01:23:05.743895+05:30 IST Asia/Kolkata,C-BTC-86200-031026,3,buy,0.00000000/3.00000000,,2.10000000,,0.00300000,0,,,limit_order,cancelled,no_position_left_for_reduce_only,310261790960407359T242,1580295504
2026-10-03 01:22:50.719305+05:30 IST Asia/Kolkata,C-BTC-86200-031026,3,buy,0.00000000/3.00000000,,2.10000000,,0.00300000,0,,,limit_order,cancelled,no_position_left_for_reduce_only,310261790960407359T241,1580295221
2026-10-03 01:22:36.459872+05:30 IST Asia/Kolkata,C-BTC-86200-031026,3,buy,0.00000000/3.00000000,,2.10000000,,0.00300000,0,,,limit_order,cancelled,no_position_left_for_reduce_only,310261790960407359T240,1580295010
2026-10-03 01:22:22.254505+05:30 IST Asia/Kolkata,C-BTC-86200-031026,3,buy,0.00000000/3.00000000,,2.10000000,,0.00300000,0,,,limit_order,cancelled,no_position_left_for_reduce_only,310261790960407359T239,1580294792
2026-10-03 01:22:09.288350+05:30 IST Asia/Kolkata,C-BTC-86200-031026,3,buy,0.00000000/3.00000000,,2.10000000,,0.00300000,0,,,limit_order,cancelled,no_position_left_for_reduce_only,310261790960407359T238,1580294510
2026-10-03 01:21:55.023457+05:30 IST Asia/Kolkata,C-BTC-86200-031026,3,buy,0.00000000/3.00000000,,2.10000000,,0.00300000,0,,,limit_order,cancelled,no_position_left_for_reduce_only,310261790960407359T237,1580294192
2026-10-03 01:21:40.476177+05:30 IST Asia/Kolkata,C-BTC-86200-031026,3,buy,0.00000000/3.00000000,,2.10000000,,0.00300000,0,,,limit_order,cancelled,no_position_left_for_reduce_only,310261790960407359T236,1580293962
2026-10-03 01:21:27.179481+05:30 IST Asia/Kolkata,C-BTC-86200-031026,3,buy,0.00000000/3.00000000,,2.10000000,,0.00300000,0,,,limit_order,cancelled,no_position_left_for_reduce_only,310261790960407359T235,1580293728
2026-10-03 01:21:13.819606+05:30 IST Asia/Kolkata,C-BTC-86200-031026,3,buy,0.00000000/3.00000000,,2.10000000,,0.00300000,0,,,limit_order,cancelled,no_position_left_for_reduce_only,310261790960407359T234,1580293528
2026-10-03 01:21:00.202431+05:30 IST Asia/Kolkata,C-BTC-86200-031026,3,buy,0.00000000/3.00000000,,2.10000000,,0.00300000,0,,,limit_order,cancelled,no_position_left_for_reduce_only,310261790960407359T233,1580293283
2026-10-03 01:20:47.224528+05:30 IST Asia/Kolkata,C-BTC-86200-031026,3,buy,0.00000000/3.00000000,,2.10000000,,0.00300000,0,,,limit_order,cancelled,no_position_left_for_reduce_only,310261790960407359T232,1580293105
2026-10-03 01:20:33.953467+05:30 IST Asia/Kolkata,C-BTC-86200-031026,3,buy,0.00000000/3.00000000,,2.10000000,,0.00300000,0,,,limit_order,cancelled,no_position_left_for_reduce_only,310261790960407359T231,1580292870
2026-10-03 01:20:20.155737+05:30 IST Asia/Kolkata,C-BTC-86200-031026,3,buy,0.00000000/3.00000000,,2.10000000,,0.00300000,0,,,limit_order,cancelled,no_position_left_for_reduce_only,310261790960407359T230,1580292618
2026-10-03 01:20:07.234161+05:30 IST Asia/Kolkata,C-BTC-86200-031026,3,buy,0.00000000/3.00000000,,2.10000000,,0.00300000,0,,,limit_order,cancelled,no_position_left_for_reduce_only,310261790960407359T229,1580292431
2026-10-03 01:19:53.352175+05:30 IST Asia/Kolkata,C-BTC-86200-031026,3,buy,0.00000000/3.00000000,,2.10000000,,0.00300000,0,,,limit_order,cancelled,no_position_left_for_reduce_only,310261790960407359T228,1580292177
2026-10-03 01:19:38.618577+05:30 IST Asia/Kolkata,C-BTC-86200-031026,3,buy,0.00000000/3.00000000,,2.10000000,,0.00300000,0,,,limit_order,cancelled,no_position_left_for_reduce_only,310261790960407359T227,1580291943
2026-10-03 01:19:25.064319+05:30 IST Asia/Kolkata,C-BTC-86200-031026,3,buy,0.00000000/3.00000000,,2.10000000,,0.00300000,0,,,limit_order,cancelled,no_position_left_for_reduce_only,310261790960407359T226,1580291700
2026-10-03 01:19:10.496654+05:30 IST Asia/Kolkata,C-BTC-86200-031026,3,buy,0.00000000/3.00000000,,2.10000000,,0.00300000,0,,,limit_order,cancelled,no_position_left_for_reduce_only,310261790960407359T225,1580291446
2026-10-03 01:18:56.681638+05:30 IST Asia/Kolkata,C-BTC-86200-031026,3,buy,0.00000000/3.00000000,,2.10000000,,0.00300000,0,,,limit_order,cancelled,no_position_left_for_reduce_only,310261790960407359T224,1580291170
2026-10-03 01:18:43.300612+05:30 IST Asia/Kolkata,C-BTC-86200-031026,3,buy,0.00000000/3.00000000,,2.10000000,,0.00300000,0,,,limit_order,cancelled,no_position_left_for_reduce_only,310261790960407359T223,1580290882
2026-10-03 01:18:29.915512+05:30 IST Asia/Kolkata,C-BTC-86200-031026,3,buy,0.00000000/3.00000000,,2.10000000,,0.00300000,0,,,limit_order,cancelled,no_position_left_for_reduce_only,310261790960407359T222,1580290556
2026-10-03 01:18:15.127990+05:30 IST Asia/Kolkata,C-BTC-86200-031026,3,buy,0.00000000/3.00000000,,2.10000000,,0.00300000,0,,,limit_order,cancelled,no_position_left_for_reduce_only,310261790960407359T221,1580290199
2026-10-03 01:18:02.112784+05:30 IST Asia/Kolkata,C-BTC-86200-031026,3,buy,0.00000000/3.00000000,,2.10000000,,0.00300000,0,,,limit_order,cancelled,no_position_left_for_reduce_only,310261790960407359T220,1580289827
2026-10-03 01:17:48.908744+05:30 IST Asia/Kolkata,C-BTC-86200-031026,3,buy,0.00000000/3.00000000,,2.10000000,,0.00300000,0,,,limit_order,cancelled,no_position_left_for_reduce_only,310261790960407359T219,1580289499
2026-10-03 01:17:35.147708+05:30 IST Asia/Kolkata,C-BTC-86200-031026,3,buy,0.00000000/3.00000000,,2.10000000,,0.00300000,0,,,limit_order,cancelled,no_position_left_for_reduce_only,310261790960407359T218,1580289188
2026-10-03 01:17:21.111797+05:30 IST Asia/Kolkata,C-BTC-86200-031026,3,buy,0.00000000/3.00000000,,2.10000000,,0.00300000,0,,,limit_order,cancelled,no_position_left_for_reduce_only,310261790960407359T217,1580288913
2026-10-03 01:17:07.283688+05:30 IST Asia/Kolkata,C-BTC-86200-031026,3,buy,0.00000000/3.00000000,,2.10000000,,0.00300000,0,,,limit_order,cancelled,no_position_left_for_reduce_only,310261790960407359T216,1580288539
2026-10-03 01:16:52.287359+05:30 IST Asia/Kolkata,C-BTC-86200-031026,3,buy,0.00000000/3.00000000,,2.10000000,,0.00300000,0,,,limit_order,cancelled,no_position_left_for_reduce_only,310261790960407359T215,1580287492
2026-10-03 01:16:39.106470+05:30 IST Asia/Kolkata,C-BTC-86200-031026,3,buy,0.00000000/3.00000000,,2.10000000,,0.00300000,0,,,limit_order,cancelled,no_position_left_for_reduce_only,310261790960407359T214,1580287244
2026-10-03 01:16:25.828524+05:30 IST Asia/Kolkata,C-BTC-86200-031026,3,buy,0.00000000/3.00000000,,2.10000000,,0.00300000,0,,,limit_order,cancelled,no_position_left_for_reduce_only,310261790960407359T213,1580286996
2026-10-03 01:16:11.308176+05:30 IST Asia/Kolkata,C-BTC-86200-031026,3,buy,0.00000000/3.00000000,,2.10000000,,0.00300000,0,,,limit_order,cancelled,no_position_left_for_reduce_only,310261790960407359T212,1580286733
2026-10-03 01:15:57.307302+05:30 IST Asia/Kolkata,C-BTC-86200-031026,3,buy,0.00000000/3.00000000,,2.10000000,,0.00300000,0,,,limit_order,cancelled,no_position_left_for_reduce_only,310261790960407359T211,1580286493
2026-10-03 01:15:43.884320+05:30 IST Asia/Kolkata,C-BTC-86200-031026,3,buy,0.00000000/3.00000000,,2.10000000,,0.00300000,0,,,limit_order,cancelled,no_position_left_for_reduce_only,310261790960407359T210,1580286173
2026-10-03 01:15:29.135797+05:30 IST Asia/Kolkata,C-BTC-86200-031026,3,buy,0.00000000/3.00000000,,2.10000000,,0.00300000,0,,,limit_order,cancelled,no_position_left_for_reduce_only,310261790960407359T209,1580285805
2026-10-03 01:15:15.591890+05:30 IST Asia/Kolkata,C-BTC-86200-031026,3,buy,0.00000000/3.00000000,,2.10000000,,0.00300000,0,,,limit_order,cancelled,no_position_left_for_reduce_only,310261790960407359T208,1580285502
2026-10-03 01:15:02.887960+05:30 IST Asia/Kolkata,C-BTC-86200-031026,3,buy,0.00000000/3.00000000,,2.10000000,,0.00300000,0,,,limit_order,cancelled,no_position_left_for_reduce_only,310261790960407359T207,1580285202
2026-10-03 01:14:48.318398+05:30 IST Asia/Kolkata,C-BTC-86200-031026,3,buy,0.00000000/3.00000000,,2.10000000,,0.00300000,0,,,limit_order,cancelled,no_position_left_for_reduce_only,310261790960407359T206,1580284909
2026-10-03 01:14:35.098117+05:30 IST Asia/Kolkata,C-BTC-86200-031026,3,buy,0.00000000/3.00000000,,2.10000000,,0.00300000,0,,,limit_order,cancelled,no_position_left_for_reduce_only,310261790960407359T205,1580284610
2026-10-03 01:14:21.034910+05:30 IST Asia/Kolkata,C-BTC-86200-031026,3,buy,0.00000000/3.00000000,,2.10000000,,0.00300000,0,,,limit_order,cancelled,no_position_left_for_reduce_only,310261790960407359T204,1580284305
2026-10-03 01:14:06.394891+05:30 IST Asia/Kolkata,C-BTC-86200-031026,3,buy,0.00000000/3.00000000,,2.10000000,,0.00300000,0,,,limit_order,cancelled,no_position_left_for_reduce_only,310261790960407359T203,1580284060
2026-10-03 01:13:53.016863+05:30 IST Asia/Kolkata,C-BTC-86200-031026,3,buy,0.00000000/3.00000000,,2.10000000,,0.00300000,0,,,limit_order,cancelled,no_position_left_for_reduce_only,310261790960407359T202,1580283788
2026-10-03 01:13:39.247719+05:30 IST Asia/Kolkata,C-BTC-86200-031026,3,buy,0.00000000/3.00000000,,2.10000000,,0.00300000,0,,,limit_order,cancelled,no_position_left_for_reduce_only,310261790960407359T201,1580283547
2026-10-03 01:13:24.208517+05:30 IST Asia/Kolkata,C-BTC-86200-031026,3,buy,0.00000000/3.00000000,,2.10000000,,0.00300000,0,,,limit_order,cancelled,no_position_left_for_reduce_only,310261790960407359T200,1580283275
2026-10-03 01:13:09.996127+05:30 IST Asia/Kolkata,C-BTC-86200-031026,3,buy,0.00000000/3.00000000,,2.10000000,,0.00300000,0,,,limit_order,cancelled,no_position_left_for_reduce_only,310261790960407359T199,1580282999
2026-10-03 01:12:55.738713+05:30 IST Asia/Kolkata,C-BTC-86200-031026,3,buy,0.00000000/3.00000000,,2.10000000,,0.00300000,0,,,limit_order,cancelled,no_position_left_for_reduce_only,310261790960407359T198,1580282704
2026-10-03 01:12:40.909461+05:30 IST Asia/Kolkata,C-BTC-86200-031026,3,buy,0.00000000/3.00000000,,2.10000000,,0.00300000,0,,,limit_order,cancelled,no_position_left_for_reduce_only,310261790960407359T197,1580282434
2026-10-03 01:12:26.256348+05:30 IST Asia/Kolkata,C-BTC-86200-031026,3,buy,0.00000000/3.00000000,,2.10000000,,0.00300000,0,,,limit_order,cancelled,no_position_left_for_reduce_only,310261790960407359T196,1580282184
2026-10-03 01:12:10.740947+05:30 IST Asia/Kolkata,C-BTC-86200-031026,3,buy,0.00000000/3.00000000,,2.10000000,,0.00300000,0,,,limit_order,cancelled,no_position_left_for_reduce_only,310261790960407359T195,1580281846
2026-10-03 01:11:56.295805+05:30 IST Asia/Kolkata,C-BTC-86200-031026,3,buy,0.00000000/3.00000000,,2.10000000,,0.00300000,0,,,limit_order,cancelled,no_position_left_for_reduce_only,310261790960407359T194,1580281570
2026-10-03 01:11:42.607810+05:30 IST Asia/Kolkata,C-BTC-86200-031026,3,buy,0.00000000/3.00000000,,2.10000000,,0.00300000,0,,,limit_order,cancelled,no_position_left_for_reduce_only,310261790960407359T193,1580281311
2026-10-03 01:11:28.243513+05:30 IST Asia/Kolkata,C-BTC-86200-031026,3,buy,0.00000000/3.00000000,,2.10000000,,0.00300000,0,,,limit_order,cancelled,no_position_left_for_reduce_only,310261790960407359T192,1580281047
2026-10-03 01:11:14.411841+05:30 IST Asia/Kolkata,C-BTC-86200-031026,3,buy,0.00000000/3.00000000,,2.10000000,,0.00300000,0,,,limit_order,cancelled,no_position_left_for_reduce_only,310261790960407359T191,1580280685
2026-10-03 01:10:59.905217+05:30 IST Asia/Kolkata,C-BTC-86200-031026,3,buy,0.00000000/3.00000000,,2.10000000,,0.00300000,0,,,limit_order,cancelled,no_position_left_for_reduce_only,310261790960407359T190,1580280395
2026-10-03 01:10:43.300036+05:30 IST Asia/Kolkata,C-BTC-86200-031026,3,buy,0.00000000/3.00000000,,2.10000000,,0.00300000,0,,,limit_order,cancelled,no_position_left_for_reduce_only,310261790960407359T189,1580280049
2026-10-03 01:10:29.378386+05:30 IST Asia/Kolkata,C-BTC-86200-031026,3,buy,0.00000000/3.00000000,,2.10000000,,0.00300000,0,,,limit_order,cancelled,no_position_left_for_reduce_only,310261790960407359T188,1580279636
2026-10-03 01:10:16.603675+05:30 IST Asia/Kolkata,C-BTC-86200-031026,3,buy,0.00000000/3.00000000,,2.10000000,,0.00300000,0,,,limit_order,cancelled,no_position_left_for_reduce_only,310261790960407359T187,1580279362
2026-10-03 01:10:03.198424+05:30 IST Asia/Kolkata,C-BTC-86200-031026,3,buy,0.00000000/3.00000000,,2.10000000,,0.00300000,0,,,limit_order,cancelled,no_position_left_for_reduce_only,310261790960407359T186,1580279089
2026-10-03 01:09:48.148067+05:30 IST Asia/Kolkata,C-BTC-86200-031026,3,buy,0.00000000/3.00000000,,2.10000000,,0.00300000,0,,,limit_order,cancelled,no_position_left_for_reduce_only,310261790960407359T185,1580278836
2026-10-03 01:09:31.943030+05:30 IST Asia/Kolkata,C-BTC-86200-031026,3,buy,0.00000000/3.00000000,,2.10000000,,0.00300000,0,,,limit_order,cancelled,no_position_left_for_reduce_only,310261790960407359T184,1580278597
2026-10-03 01:09:17.271768+05:30 IST Asia/Kolkata,C-BTC-86200-031026,3,buy,0.00000000/3.00000000,,2.10000000,,0.00300000,0,,,limit_order,cancelled,no_position_left_for_reduce_only,310261790960407359T183,1580278329
2026-10-03 01:09:02.379190+05:30 IST Asia/Kolkata,C-BTC-86200-031026,3,buy,0.00000000/3.00000000,,2.10000000,,0.00300000,0,,,limit_order,cancelled,no_position_left_for_reduce_only,310261790960407359T182,1580278036
2026-10-03 01:08:47.396363+05:30 IST Asia/Kolkata,C-BTC-86200-031026,3,buy,0.00000000/3.00000000,,2.10000000,,0.00300000,0,,,limit_order,cancelled,no_position_left_for_reduce_only,310261790960407359T181,1580277723
2026-10-03 01:08:33.936554+05:30 IST Asia/Kolkata,C-BTC-86200-031026,3,buy,0.00000000/3.00000000,,2.10000000,,0.00300000,0,,,limit_order,cancelled,no_position_left_for_reduce_only,310261790960407359T180,1580277409
2026-10-03 01:08:19.582673+05:30 IST Asia/Kolkata,C-BTC-86200-031026,3,buy,0.00000000/3.00000000,,2.10000000,,0.00300000,0,,,limit_order,cancelled,no_position_left_for_reduce_only,310261790960407359T179,1580277153
2026-10-03 01:08:04.852163+05:30 IST Asia/Kolkata,C-BTC-86200-031026,3,buy,0.00000000/3.00000000,,2.10000000,,0.00300000,0,,,limit_order,cancelled,no_position_left_for_reduce_only,310261790960407359T178,1580276817
2026-10-03 01:07:50.531541+05:30 IST Asia/Kolkata,C-BTC-86200-031026,3,buy,0.00000000/3.00000000,,2.10000000,,0.00300000,0,,,limit_order,cancelled,no_position_left_for_reduce_only,310261790960407359T177,1580276562
2026-10-03 01:07:36.638887+05:30 IST Asia/Kolkata,C-BTC-86200-031026,3,buy,0.00000000/3.00000000,,2.10000000,,0.00300000,0,,,limit_order,cancelled,no_position_left_for_reduce_only,310261790960407359T176,1580276264
2026-10-03 01:07:21.255969+05:30 IST Asia/Kolkata,C-BTC-86200-031026,3,buy,0.00000000/3.00000000,,2.10000000,,0.00300000,0,,,limit_order,cancelled,no_position_left_for_reduce_only,310261790960407359T175,1580275900
2026-10-03 01:07:06.879986+05:30 IST Asia/Kolkata,C-BTC-86200-031026,3,buy,0.00000000/3.00000000,,2.10000000,,0.00300000,0,,,limit_order,cancelled,no_position_left_for_reduce_only,310261790960407359T174,1580275520
2026-10-03 01:06:53.019732+05:30 IST Asia/Kolkata,C-BTC-86200-031026,3,buy,0.00000000/3.00000000,,2.10000000,,0.00300000,0,,,limit_order,cancelled,no_position_left_for_reduce_only,310261790960407359T173,1580275200
2026-10-03 01:06:38.480345+05:30 IST Asia/Kolkata,C-BTC-86200-031026,3,buy,0.00000000/3.00000000,,2.10000000,,0.00300000,0,,,limit_order,cancelled,no_position_left_for_reduce_only,310261790960407359T172,1580274662
2026-10-03 01:06:24.927433+05:30 IST Asia/Kolkata,C-BTC-86200-031026,3,buy,0.00000000/3.00000000,,2.10000000,,0.00300000,0,,,limit_order,cancelled,no_position_left_for_reduce_only,310261790960407359T171,1580274382
2026-10-03 01:06:09.946720+05:30 IST Asia/Kolkata,C-BTC-86200-031026,3,buy,0.00000000/3.00000000,,2.10000000,,0.00300000,0,,,limit_order,cancelled,no_position_left_for_reduce_only,310261790960407359T170,1580274028
2026-10-03 01:05:56.220257+05:30 IST Asia/Kolkata,C-BTC-86200-031026,3,buy,0.00000000/3.00000000,,2.10000000,,0.00300000,0,,,limit_order,cancelled,no_position_left_for_reduce_only,310261790960407359T169,1580273742
2026-10-03 01:05:41.638987+05:30 IST Asia/Kolkata,C-BTC-86200-031026,3,buy,0.00000000/3.00000000,,2.10000000,,0.00300000,0,,,limit_order,cancelled,no_position_left_for_reduce_only,310261790960407359T168,1580273452
2026-10-03 01:05:26.638713+05:30 IST Asia/Kolkata,C-BTC-86200-031026,3,buy,0.00000000/3.00000000,,2.10000000,,0.00300000,0,,,limit_order,cancelled,no_position_left_for_reduce_only,310261790960407359T167,1580273126
2026-10-03 01:05:11.274698+05:30 IST Asia/Kolkata,C-BTC-86200-031026,3,buy,0.00000000/3.00000000,,2.10000000,,0.00300000,0,,,limit_order,cancelled,no_position_left_for_reduce_only,310261790960407359T166,1580272857
2026-10-03 01:04:55.738470+05:30 IST Asia/Kolkata,C-BTC-86200-031026,3,buy,0.00000000/3.00000000,,2.10000000,,0.00300000,0,,,limit_order,cancelled,no_position_left_for_reduce_only,310261790960407359T165,1580272404
2026-10-03 01:04:39.429458+05:30 IST Asia/Kolkata,C-BTC-86200-031026,3,buy,0.00000000/3.00000000,,2.10000000,,0.00300000,0,,,limit_order,cancelled,no_position_left_for_reduce_only,310261790960407359T164,1580272102
2026-10-03 01:04:25.895692+05:30 IST Asia/Kolkata,C-BTC-86200-031026,3,buy,0.00000000/3.00000000,,2.10000000,,0.00300000,0,,,limit_order,cancelled,no_position_left_for_reduce_only,310261790960407359T163,1580271856
2026-10-03 01:04:10.096103+05:30 IST Asia/Kolkata,C-BTC-86200-031026,3,buy,0.00000000/3.00000000,,2.10000000,,0.00300000,0,,,limit_order,cancelled,no_position_left_for_reduce_only,310261790960407359T162,1580271537
2026-10-03 01:03:56.087457+05:30 IST Asia/Kolkata,C-BTC-86200-031026,3,buy,0.00000000/3.00000000,,2.10000000,,0.00300000,0,,,limit_order,cancelled,no_position_left_for_reduce_only,310261790960407359T161,1580271165
2026-10-03 01:03:42.096560+05:30 IST Asia/Kolkata,C-BTC-86200-031026,3,buy,0.00000000/3.00000000,,2.10000000,,0.00300000,0,,,limit_order,cancelled,no_position_left_for_reduce_only,310261790960407359T160,1580270882
2026-10-03 01:03:27.396035+05:30 IST Asia/Kolkata,C-BTC-86200-031026,3,buy,0.00000000/3.00000000,,2.10000000,,0.00300000,0,,,limit_order,cancelled,no_position_left_for_reduce_only,310261790960407359T159,1580270588
2026-10-03 01:03:12.365138+05:30 IST Asia/Kolkata,C-BTC-86200-031026,3,buy,0.00000000/3.00000000,,2.10000000,,0.00300000,0,,,limit_order,cancelled,no_position_left_for_reduce_only,310261790960407359T158,1580270263
2026-10-03 01:02:58.523903+05:30 IST Asia/Kolkata,C-BTC-86200-031026,3,buy,0.00000000/3.00000000,,2.10000000,,0.00300000,0,,,limit_order,cancelled,no_position_left_for_reduce_only,310261790960407359T157,1580269856
2026-10-03 01:02:44.762756+05:30 IST Asia/Kolkata,C-BTC-86200-031026,3,buy,0.00000000/3.00000000,,2.10000000,,0.00300000,0,,,limit_order,cancelled,no_position_left_for_reduce_only,310261790960407359T156,1580269463
2026-10-03 01:02:30.444599+05:30 IST Asia/Kolkata,C-BTC-86200-031026,3,buy,0.00000000/3.00000000,,2.10000000,,0.00300000,0,,,limit_order,cancelled,no_position_left_for_reduce_only,310261790960407359T155,1580269178
2026-10-03 01:02:16.888377+05:30 IST Asia/Kolkata,C-BTC-86200-031026,3,buy,0.00000000/3.00000000,,2.10000000,,0.00300000,0,,,limit_order,cancelled,no_position_left_for_reduce_only,310261790960407359T154,1580268922
2026-10-03 01:02:02.815940+05:30 IST Asia/Kolkata,C-BTC-86200-031026,3,buy,0.00000000/3.00000000,,2.10000000,,0.00300000,0,,,limit_order,cancelled,no_position_left_for_reduce_only,310261790960407359T153,1580268620
2026-10-03 01:01:48.883774+05:30 IST Asia/Kolkata,C-BTC-86200-031026,3,buy,0.00000000/3.00000000,,2.10000000,,0.00300000,0,,,limit_order,cancelled,no_position_left_for_reduce_only,310261790960407359T152,1580268323
2026-10-03 01:01:33.947570+05:30 IST Asia/Kolkata,C-BTC-86200-031026,3,buy,0.00000000/3.00000000,,2.10000000,,0.00300000,0,,,limit_order,cancelled,no_position_left_for_reduce_only,310261790960407359T151,1580268044
2026-10-03 01:01:19.011727+05:30 IST Asia/Kolkata,C-BTC-86200-031026,3,buy,0.00000000/3.00000000,,2.10000000,,0.00300000,0,,,limit_order,cancelled,no_position_left_for_reduce_only,310261790960407359T150,1580267694
2026-10-03 01:01:04.560668+05:30 IST Asia/Kolkata,C-BTC-86200-031026,3,buy,0.00000000/3.00000000,,2.10000000,,0.00300000,0,,,limit_order,cancelled,no_position_left_for_reduce_only,310261790960407359T149,1580267362
2026-10-03 01:00:50.619213+05:30 IST Asia/Kolkata,C-BTC-86200-031026,3,buy,0.00000000/3.00000000,,2.10000000,,0.00300000,0,,,limit_order,cancelled,no_position_left_for_reduce_only,310261790960407359T148,1580266933
2026-10-03 01:00:36.788273+05:30 IST Asia/Kolkata,C-BTC-86200-031026,3,buy,0.00000000/3.00000000,,2.10000000,,0.00300000,0,,,limit_order,cancelled,no_position_left_for_reduce_only,310261790960407359T147,1580266563
2026-10-03 01:00:21.747792+05:30 IST Asia/Kolkata,C-BTC-86200-031026,3,buy,0.00000000/3.00000000,,2.10000000,,0.00300000,0,,,limit_order,cancelled,no_position_left_for_reduce_only,310261790960407359T146,1580266241
2026-10-03 01:00:07.436140+05:30 IST Asia/Kolkata,C-BTC-86200-031026,3,buy,0.00000000/3.00000000,,2.10000000,,0.00300000,0,,,limit_order,cancelled,no_position_left_for_reduce_only,310261790960407359T145,1580265907
2026-10-03 01:00:11.152874+05:30 IST Asia/Kolkata,C-BTC-85400-031026,3,sell,3.00000000/0.00000000,42.00000000,42.00000000,,0.00300000,0.0052038,0.126,0,limit_order,closed,,310261790969405121E0,1580265885
2026-10-03 00:59:54.119476+05:30 IST Asia/Kolkata,C-BTC-86200-031026,3,buy,0.00000000/3.00000000,,2.10000000,,0.00300000,0,,,limit_order,cancelled,no_position_left_for_reduce_only,310261790960407359T144,1580265432
2026-10-03 00:59:39.711973+05:30 IST Asia/Kolkata,C-BTC-86200-031026,3,buy,0.00000000/3.00000000,,2.10000000,,0.00300000,0,,,limit_order,cancelled,no_position_left_for_reduce_only,310261790960407359T143,1580265124
2026-10-03 00:59:25.517394+05:30 IST Asia/Kolkata,C-BTC-86200-031026,3,buy,0.00000000/3.00000000,,2.10000000,,0.00300000,0,,,limit_order,cancelled,no_position_left_for_reduce_only,310261790960407359T142,1580264850
2026-10-03 00:59:11.065961+05:30 IST Asia/Kolkata,C-BTC-86200-031026,3,buy,0.00000000/3.00000000,,2.10000000,,0.00300000,0,,,limit_order,cancelled,no_position_left_for_reduce_only,310261790960407359T141,1580264539
2026-10-03 00:58:56.599593+05:30 IST Asia/Kolkata,C-BTC-86200-031026,3,buy,0.00000000/3.00000000,,2.10000000,,0.00300000,0,,,limit_order,cancelled,no_position_left_for_reduce_only,310261790960407359T140,1580264235
2026-10-03 00:58:42.777013+05:30 IST Asia/Kolkata,C-BTC-86200-031026,3,buy,0.00000000/3.00000000,,2.10000000,,0.00300000,0,,,limit_order,cancelled,no_position_left_for_reduce_only,310261790960407359T139,1580263943
2026-10-03 00:58:29.574427+05:30 IST Asia/Kolkata,C-BTC-86200-031026,3,buy,0.00000000/3.00000000,,2.10000000,,0.00300000,0,,,limit_order,cancelled,no_position_left_for_reduce_only,310261790960407359T138,1580263666
2026-10-03 00:58:16.571510+05:30 IST Asia/Kolkata,C-BTC-86200-031026,3,buy,0.00000000/3.00000000,,2.10000000,,0.00300000,0,,,limit_order,cancelled,no_position_left_for_reduce_only,310261790960407359T137,1580263429
2026-10-03 00:58:02.768232+05:30 IST Asia/Kolkata,C-BTC-86200-031026,3,buy,0.00000000/3.00000000,,2.10000000,,0.00300000,0,,,limit_order,cancelled,no_position_left_for_reduce_only,310261790960407359T136,1580263124
2026-10-03 00:57:48.829141+05:30 IST Asia/Kolkata,C-BTC-86200-031026,3,buy,0.00000000/3.00000000,,2.10000000,,0.00300000,0,,,limit_order,cancelled,no_position_left_for_reduce_only,310261790960407359T135,1580262790
2026-10-03 00:57:35.494154+05:30 IST Asia/Kolkata,C-BTC-86200-031026,3,buy,0.00000000/3.00000000,,2.10000000,,0.00300000,0,,,limit_order,cancelled,no_position_left_for_reduce_only,310261790960407359T134,1580262474
2026-10-03 00:57:22.588239+05:30 IST Asia/Kolkata,C-BTC-86200-031026,3,buy,0.00000000/3.00000000,,2.10000000,,0.00300000,0,,,limit_order,cancelled,no_position_left_for_reduce_only,310261790960407359T133,1580262215
2026-10-03 00:57:07.956360+05:30 IST Asia/Kolkata,C-BTC-86200-031026,3,buy,0.00000000/3.00000000,,2.10000000,,0.00300000,0,,,limit_order,cancelled,no_position_left_for_reduce_only,310261790960407359T132,1580261929
2026-10-03 00:56:16.163304+05:30 IST Asia/Kolkata,C-BTC-86200-031026,3,buy,0.00000000/3.00000000,,2.10000000,,0.00300000,0,,,limit_order,cancelled,no_position_left_for_reduce_only,310261790960407359T131,1580260777
2026-10-03 00:55:55.004436+05:30 IST Asia/Kolkata,C-BTC-86200-031026,3,buy,0.00000000/3.00000000,,2.10000000,,0.00300000,0,,,limit_order,cancelled,no_position_left_for_reduce_only,310261790960407359T130,1580260277
2026-10-03 00:55:31.325621+05:30 IST Asia/Kolkata,C-BTC-86200-031026,3,buy,0.00000000/3.00000000,,2.10000000,,0.00300000,0,,,limit_order,cancelled,no_position_left_for_reduce_only,310261790960407359T129,1580259717
2026-10-03 00:55:07.164512+05:30 IST Asia/Kolkata,C-BTC-86200-031026,3,buy,0.00000000/3.00000000,,2.10000000,,0.00300000,0,,,limit_order,cancelled,no_position_left_for_reduce_only,310261790960407359T128,1580258938
2026-10-03 00:54:42.595401+05:30 IST Asia/Kolkata,C-BTC-86200-031026,3,buy,0.00000000/3.00000000,,2.10000000,,0.00300000,0,,,limit_order,cancelled,no_position_left_for_reduce_only,310261790960407359T127,1580258216
2026-10-03 00:54:21.171786+05:30 IST Asia/Kolkata,C-BTC-86200-031026,3,buy,0.00000000/3.00000000,,2.10000000,,0.00300000,0,,,limit_order,cancelled,no_position_left_for_reduce_only,310261790960407359T126,1580257532
2026-10-03 00:53:40.627041+05:30 IST Asia/Kolkata,C-BTC-86200-031026,3,buy,0.00000000/3.00000000,,2.10000000,,0.00300000,0,,,limit_order,cancelled,no_position_left_for_reduce_only,310261790960407359T125,1580256569
2026-10-03 00:53:19.826533+05:30 IST Asia/Kolkata,C-BTC-86200-031026,3,buy,0.00000000/3.00000000,,2.10000000,,0.00300000,0,,,limit_order,cancelled,no_position_left_for_reduce_only,310261790960407359T124,1580256118
2026-10-03 00:52:56.580930+05:30 IST Asia/Kolkata,C-BTC-86200-031026,3,buy,0.00000000/3.00000000,,2.10000000,,0.00300000,0,,,limit_order,cancelled,no_position_left_for_reduce_only,310261790960407359T123,1580255590
2026-10-03 00:52:33.048003+05:30 IST Asia/Kolkata,C-BTC-86200-031026,3,buy,0.00000000/3.00000000,,2.10000000,,0.00300000,0,,,limit_order,cancelled,no_position_left_for_reduce_only,310261790960407359T122,1580255041
2026-10-03 00:52:11.800764+05:30 IST Asia/Kolkata,C-BTC-86200-031026,3,buy,0.00000000/3.00000000,,2.10000000,,0.00300000,0,,,limit_order,cancelled,no_position_left_for_reduce_only,310261790960407359T121,1580254530
2026-10-03 00:51:48.809634+05:30 IST Asia/Kolkata,C-BTC-86200-031026,3,buy,0.00000000/3.00000000,,2.10000000,,0.00300000,0,,,limit_order,cancelled,no_position_left_for_reduce_only,310261790960407359T120,1580253988
2026-10-03 00:51:27.344201+05:30 IST Asia/Kolkata,C-BTC-86200-031026,3,buy,0.00000000/3.00000000,,2.10000000,,0.00300000,0,,,limit_order,cancelled,no_position_left_for_reduce_only,310261790960407359T119,1580253493
2026-10-03 00:51:03.999762+05:30 IST Asia/Kolkata,C-BTC-86200-031026,3,buy,0.00000000/3.00000000,,2.10000000,,0.00300000,0,,,limit_order,cancelled,no_position_left_for_reduce_only,310261790960407359T118,1580252929
2026-10-03 00:50:42.511730+05:30 IST Asia/Kolkata,C-BTC-86200-031026,3,buy,0.00000000/3.00000000,,2.10000000,,0.00300000,0,,,limit_order,cancelled,no_position_left_for_reduce_only,310261790960407359T117,1580252426
2026-10-03 00:50:19.767864+05:30 IST Asia/Kolkata,C-BTC-86200-031026,3,buy,0.00000000/3.00000000,,2.10000000,,0.00300000,0,,,limit_order,cancelled,no_position_left_for_reduce_only,310261790960407359T116,1580251862
2026-10-03 00:49:58.496233+05:30 IST Asia/Kolkata,C-BTC-86200-031026,3,buy,0.00000000/3.00000000,,2.10000000,,0.00300000,0,,,limit_order,cancelled,no_position_left_for_reduce_only,310261790960407359T115,1580251340
2026-10-03 00:49:36.528095+05:30 IST Asia/Kolkata,C-BTC-86200-031026,3,buy,0.00000000/3.00000000,,2.10000000,,0.00300000,0,,,limit_order,cancelled,no_position_left_for_reduce_only,310261790960407359T114,1580250909
2026-10-03 00:49:13.952487+05:30 IST Asia/Kolkata,C-BTC-86200-031026,3,buy,0.00000000/3.00000000,,2.10000000,,0.00300000,0,,,limit_order,cancelled,no_position_left_for_reduce_only,310261790960407359T113,1580250362
2026-10-03 00:48:50.685713+05:30 IST Asia/Kolkata,C-BTC-86200-031026,3,buy,0.00000000/3.00000000,,2.10000000,,0.00300000,0,,,limit_order,cancelled,no_position_left_for_reduce_only,310261790960407359T112,1580249618
2026-10-03 00:48:25.472036+05:30 IST Asia/Kolkata,C-BTC-86200-031026,3,buy,0.00000000/3.00000000,,2.10000000,,0.00300000,0,,,limit_order,cancelled,no_position_left_for_reduce_only,310261790960407359T111,1580248953
2026-10-03 00:47:59.636503+05:30 IST Asia/Kolkata,C-BTC-86200-031026,3,buy,0.00000000/3.00000000,,2.10000000,,0.00300000,0,,,limit_order,cancelled,no_position_left_for_reduce_only,310261790960407359T110,1580248084
2026-10-03 00:47:37.434394+05:30 IST Asia/Kolkata,C-BTC-86200-031026,3,buy,0.00000000/3.00000000,,2.10000000,,0.00300000,0,,,limit_order,cancelled,no_position_left_for_reduce_only,310261790960407359T109,1580247340
2026-10-03 00:47:15.195908+05:30 IST Asia/Kolkata,C-BTC-86200-031026,3,buy,0.00000000/3.00000000,,2.10000000,,0.00300000,0,,,limit_order,cancelled,no_position_left_for_reduce_only,310261790960407359T108,1580246621
2026-10-03 00:46:50.288896+05:30 IST Asia/Kolkata,C-BTC-86200-031026,3,buy,0.00000000/3.00000000,,2.10000000,,0.00300000,0,,,limit_order,cancelled,no_position_left_for_reduce_only,310261790960407359T107,1580245635
2026-10-03 00:46:26.896370+05:30 IST Asia/Kolkata,C-BTC-85600-031026,3,buy,3.00000000/0.00000000,26.00000000,330.70000000,,0.00300000,0.0032214,-0.078,0.063,market_order,closed,,310261790967672455X1,1580244570
2026-10-03 00:46:20.773111+05:30 IST Asia/Kolkata,C-BTC-86200-031026,3,buy,0.00000000/3.00000000,,2.10000000,,0.00300000,0,,,limit_order,cancelled,no_position_left_for_reduce_only,310261790960407359T106,1580244275
2026-10-03 00:45:57.280005+05:30 IST Asia/Kolkata,C-BTC-86200-031026,3,buy,0.00000000/3.00000000,,2.10000000,,0.00300000,0,,,limit_order,cancelled,no_position_left_for_reduce_only,310261790960407359T105,1580243442
2026-10-03 00:45:32.162992+05:30 IST Asia/Kolkata,C-BTC-86200-031026,3,buy,0.00000000/3.00000000,,2.10000000,,0.00300000,0,,,limit_order,cancelled,no_position_left_for_reduce_only,310261790960407359T104,1580242713
2026-10-03 00:45:08.196604+05:30 IST Asia/Kolkata,C-BTC-86200-031026,3,buy,0.00000000/3.00000000,,2.10000000,,0.00300000,0,,,limit_order,cancelled,no_position_left_for_reduce_only,310261790960407359T103,1580241968
2026-10-03 00:44:45.254949+05:30 IST Asia/Kolkata,C-BTC-86200-031026,3,buy,0.00000000/3.00000000,,2.10000000,,0.00300000,0,,,limit_order,cancelled,no_position_left_for_reduce_only,310261790960407359T102,1580241219
2026-10-03 00:44:20.624937+05:30 IST Asia/Kolkata,C-BTC-86200-031026,3,buy,0.00000000/3.00000000,,2.10000000,,0.00300000,0,,,limit_order,cancelled,no_position_left_for_reduce_only,310261790960407359T101,1580240632
2026-10-03 00:43:56.540520+05:30 IST Asia/Kolkata,C-BTC-86200-031026,3,buy,0.00000000/3.00000000,,2.10000000,,0.00300000,0,,,limit_order,cancelled,no_position_left_for_reduce_only,310261790960407359T100,1580239981
2026-10-03 00:43:32.664655+05:30 IST Asia/Kolkata,C-BTC-86200-031026,3,buy,0.00000000/3.00000000,,2.10000000,,0.00300000,0,,,limit_order,cancelled,no_position_left_for_reduce_only,310261790960407359T99,1580239333
2026-10-03 00:43:07.376933+05:30 IST Asia/Kolkata,C-BTC-86200-031026,3,buy,0.00000000/3.00000000,,2.10000000,,0.00300000,0,,,limit_order,cancelled,no_position_left_for_reduce_only,310261790960407359T98,1580238651
2026-10-03 00:42:44.449493+05:30 IST Asia/Kolkata,C-BTC-86200-031026,3,buy,0.00000000/3.00000000,,2.10000000,,0.00300000,0,,,limit_order,cancelled,no_position_left_for_reduce_only,310261790960407359T97,1580237999
2026-10-03 00:42:19.270544+05:30 IST Asia/Kolkata,C-BTC-86200-031026,3,buy,0.00000000/3.00000000,,2.10000000,,0.00300000,0,,,limit_order,cancelled,no_position_left_for_reduce_only,310261790960407359T96,1580237304
2026-10-03 00:41:55.108563+05:30 IST Asia/Kolkata,C-BTC-86200-031026,3,buy,0.00000000/3.00000000,,2.10000000,,0.00300000,0,,,limit_order,cancelled,no_position_left_for_reduce_only,310261790960407359T95,1580236611
2026-10-03 00:41:31.108270+05:30 IST Asia/Kolkata,C-BTC-86200-031026,3,buy,0.00000000/3.00000000,,2.10000000,,0.00300000,0,,,limit_order,cancelled,no_position_left_for_reduce_only,310261790960407359T94,1580236061
2026-10-03 00:41:04.959328+05:30 IST Asia/Kolkata,C-BTC-86200-031026,3,buy,0.00000000/3.00000000,,2.10000000,,0.00300000,0,,,limit_order,cancelled,no_position_left_for_reduce_only,310261790960407359T93,1580235318
2026-10-03 00:40:39.732061+05:30 IST Asia/Kolkata,C-BTC-86200-031026,3,buy,0.00000000/3.00000000,,2.10000000,,0.00300000,0,,,limit_order,cancelled,no_position_left_for_reduce_only,310261790960407359T92,1580234579
2026-10-03 00:40:18.596034+05:30 IST Asia/Kolkata,C-BTC-86200-031026,3,buy,0.00000000/3.00000000,,2.10000000,,0.00300000,0,,,limit_order,cancelled,no_position_left_for_reduce_only,310261790960407359T91,1580233974
2026-10-03 00:39:55.833488+05:30 IST Asia/Kolkata,C-BTC-86200-031026,3,buy,0.00000000/3.00000000,,2.10000000,,0.00300000,0,,,limit_order,cancelled,no_position_left_for_reduce_only,310261790960407359T90,1580233224
2026-10-03 00:39:31.022370+05:30 IST Asia/Kolkata,C-BTC-86200-031026,3,buy,0.00000000/3.00000000,,2.10000000,,0.00300000,0,,,limit_order,cancelled,no_position_left_for_reduce_only,310261790960407359T89,1580232489
2026-10-03 00:39:05.207743+05:30 IST Asia/Kolkata,C-BTC-86200-031026,3,buy,0.00000000/3.00000000,,2.10000000,,0.00300000,0,,,limit_order,cancelled,no_position_left_for_reduce_only,310261790960407359T88,1580231737
2026-10-03 00:38:41.195371+05:30 IST Asia/Kolkata,C-BTC-86200-031026,3,buy,0.00000000/3.00000000,,2.10000000,,0.00300000,0,,,limit_order,cancelled,no_position_left_for_reduce_only,310261790960407359T87,1580231140
2026-10-03 00:38:14.731015+05:30 IST Asia/Kolkata,C-BTC-86200-031026,3,buy,0.00000000/3.00000000,,2.10000000,,0.00300000,0,,,limit_order,cancelled,no_position_left_for_reduce_only,310261790960407359T86,1580230486
2026-10-03 00:37:50.807382+05:30 IST Asia/Kolkata,C-BTC-86200-031026,3,buy,0.00000000/3.00000000,,2.10000000,,0.00300000,0,,,limit_order,cancelled,no_position_left_for_reduce_only,310261790960407359T85,1580229847
2026-10-03 00:37:32.601446+05:30 IST Asia/Kolkata,C-BTC-85600-031026,3,buy,3.00000000/0.00000000,34.00000000,357.30000000,,0.00300000,0.0042126,-0.102,0.039,market_order,closed,,310261790967669446X1,1580229324
2026-10-03 00:37:24.228627+05:30 IST Asia/Kolkata,C-BTC-86200-031026,3,buy,0.00000000/3.00000000,,2.10000000,,0.00300000,0,,,limit_order,cancelled,no_position_left_for_reduce_only,310261790960407359T84,1580229025
2026-10-03 00:37:00.017938+05:30 IST Asia/Kolkata,C-BTC-86200-031026,3,buy,0.00000000/3.00000000,,2.10000000,,0.00300000,0,,,limit_order,cancelled,no_position_left_for_reduce_only,310261790960407359T83,1580228326
2026-10-03 00:36:37.612070+05:30 IST Asia/Kolkata,C-BTC-86200-031026,3,buy,0.00000000/3.00000000,,2.10000000,,0.00300000,0,,,limit_order,cancelled,no_position_left_for_reduce_only,310261790960407359T82,1580227747
2026-10-03 00:36:15.179338+05:30 IST Asia/Kolkata,C-BTC-86200-031026,3,buy,0.00000000/3.00000000,,2.10000000,,0.00300000,0,,,limit_order,cancelled,no_position_left_for_reduce_only,310261790960407359T81,1580227177
2026-10-03 00:35:53.796236+05:30 IST Asia/Kolkata,C-BTC-86200-031026,3,buy,0.00000000/3.00000000,,2.10000000,,0.00300000,0,,,limit_order,cancelled,no_position_left_for_reduce_only,310261790960407359T80,1580226612
2026-10-03 00:35:32.758611+05:30 IST Asia/Kolkata,C-BTC-86200-031026,3,buy,0.00000000/3.00000000,,2.10000000,,0.00300000,0,,,limit_order,cancelled,no_position_left_for_reduce_only,310261790960407359T79,1580225977
2026-10-03 00:35:11.693867+05:30 IST Asia/Kolkata,C-BTC-86200-031026,3,buy,0.00000000/3.00000000,,2.10000000,,0.00300000,0,,,limit_order,cancelled,no_position_left_for_reduce_only,310261790960407359T78,1580225308
2026-10-03 00:34:48.092914+05:30 IST Asia/Kolkata,C-BTC-86200-031026,3,buy,0.00000000/3.00000000,,2.10000000,,0.00300000,0,,,limit_order,cancelled,no_position_left_for_reduce_only,310261790960407359T77,1580224550
2026-10-03 00:34:25.833048+05:30 IST Asia/Kolkata,C-BTC-86200-031026,3,buy,0.00000000/3.00000000,,2.10000000,,0.00300000,0,,,limit_order,cancelled,no_position_left_for_reduce_only,310261790960407359T76,1580223908
2026-10-03 00:34:04.047013+05:30 IST Asia/Kolkata,C-BTC-86200-031026,3,buy,0.00000000/3.00000000,,2.10000000,,0.00300000,0,,,limit_order,cancelled,no_position_left_for_reduce_only,310261790960407359T75,1580223233
2026-10-03 00:33:41.283791+05:30 IST Asia/Kolkata,C-BTC-86200-031026,3,buy,0.00000000/3.00000000,,2.10000000,,0.00300000,0,,,limit_order,cancelled,no_position_left_for_reduce_only,310261790960407359T74,1580222533
2026-10-03 00:33:18.153026+05:30 IST Asia/Kolkata,C-BTC-86200-031026,3,buy,0.00000000/3.00000000,,2.10000000,,0.00300000,0,,,limit_order,cancelled,no_position_left_for_reduce_only,310261790960407359T73,1580221643
2026-10-03 00:32:55.932634+05:30 IST Asia/Kolkata,C-BTC-86200-031026,3,buy,0.00000000/3.00000000,,2.10000000,,0.00300000,0,,,limit_order,cancelled,no_position_left_for_reduce_only,310261790960407359T72,1580220840
2026-10-03 00:32:36.133210+05:30 IST Asia/Kolkata,C-BTC-86200-031026,3,buy,0.00000000/3.00000000,,2.10000000,,0.00300000,0,,,limit_order,cancelled,no_position_left_for_reduce_only,310261790960407359T71,1580220138
2026-10-03 00:46:24.302660+05:30 IST Asia/Kolkata,C-BTC-85600-031026,3,buy,0.00000000/3.00000000,,4.70000000,,0.00300000,0,,,limit_order,cancelled,cancelled_by_user,310261790967672455T0,1580219252
2026-10-03 00:32:09.375264+05:30 IST Asia/Kolkata,C-BTC-86200-031026,3,buy,0.00000000/3.00000000,,2.10000000,,0.00300000,0,,,limit_order,cancelled,no_position_left_for_reduce_only,310261790960407359T70,1580219090
2026-10-03 00:37:31.204564+05:30 IST Asia/Kolkata,C-BTC-85600-031026,3,buy,0.00000000/3.00000000,,4.70000000,,0.00300000,0,,,limit_order,cancelled,cancelled_by_user,310261790967669446T0,1580218109
2026-10-03 00:31:39.654767+05:30 IST Asia/Kolkata,C-BTC-86200-031026,3,buy,0.00000000/3.00000000,,2.10000000,,0.00300000,0,,,limit_order,cancelled,no_position_left_for_reduce_only,310261790960407359T69,1580217759
2026-10-03 00:31:23.287361+05:30 IST Asia/Kolkata,C-BTC-86200-031026,3,buy,0.00000000/3.00000000,,2.10000000,,0.00300000,0,,,limit_order,cancelled,no_position_left_for_reduce_only,310261790960407359T68,1580217069
2026-10-03 00:31:41.525401+05:30 IST Asia/Kolkata,C-BTC-85600-031026,3,sell,3.00000000/0.00000000,47.00000000,47.00000000,,0.00300000,0.0058233,0.141,-0,limit_order,closed,,310261790967674336E0,1580216785
2026-10-03 00:31:43.214080+05:30 IST Asia/Kolkata,C-BTC-85600-031026,3,sell,3.00000000/0.00000000,47.00000000,47.00000000,,0.00300000,0.0058233,0.141,-0,limit_order,closed,,310261790967672455E0,1580216712
2026-10-03 00:31:44.919052+05:30 IST Asia/Kolkata,C-BTC-85600-031026,3,sell,3.00000000/0.00000000,47.00000000,47.00000000,,0.00300000,0.0058233,0.141,-0,limit_order,closed,,310261790967670962E0,1580216636
2026-10-03 00:31:25.227960+05:30 IST Asia/Kolkata,C-BTC-85600-031026,3,sell,3.00000000/0.00000000,47.00000000,47.00000000,,0.00300000,0.0058233,0.141,-0,limit_order,closed,,310261790967669446E0,1580216545
2026-10-03 00:31:25.227355+05:30 IST Asia/Kolkata,C-BTC-85600-031026,3,sell,3.00000000/0.00000000,47.00000000,47.00000000,,0.00300000,0.0058233,0.141,-0,limit_order,closed,,310261790967667312E0,1580216468
2026-10-03 00:31:25.185120+05:30 IST Asia/Kolkata,C-BTC-85600-031026,3,sell,3.00000000/0.00000000,47.00000000,47.00000000,,0.00300000,0.0058233,0.141,-0,limit_order,closed,,310261790967664691E0,1580216379
2026-10-03 00:30:59.119387+05:30 IST Asia/Kolkata,C-BTC-86200-031026,3,buy,0.00000000/3.00000000,,2.10000000,,0.00300000,0,,,limit_order,cancelled,no_position_left_for_reduce_only,310261790960407359T67,1580215962
2026-10-03 00:30:44.049092+05:30 IST Asia/Kolkata,C-BTC-86200-031026,3,buy,0.00000000/3.00000000,,2.10000000,,0.00300000,0,,,limit_order,cancelled,no_position_left_for_reduce_only,310261790960407359T66,1580215304
2026-10-03 00:30:27.672314+05:30 IST Asia/Kolkata,C-BTC-86200-031026,3,buy,0.00000000/3.00000000,,2.10000000,,0.00300000,0,,,limit_order,cancelled,no_position_left_for_reduce_only,310261790960407359T65,1580214553
2026-10-03 00:30:10.991828+05:30 IST Asia/Kolkata,C-BTC-86200-031026,3,buy,0.00000000/3.00000000,,2.10000000,,0.00300000,0,,,limit_order,cancelled,no_position_left_for_reduce_only,310261790960407359T64,1580213871
2026-10-03 00:29:53.867540+05:30 IST Asia/Kolkata,C-BTC-86200-031026,3,buy,0.00000000/3.00000000,,2.10000000,,0.00300000,0,,,limit_order,cancelled,no_position_left_for_reduce_only,310261790960407359T63,1580213117
2026-10-03 00:29:36.564060+05:30 IST Asia/Kolkata,C-BTC-86200-031026,3,buy,0.00000000/3.00000000,,2.10000000,,0.00300000,0,,,limit_order,cancelled,no_position_left_for_reduce_only,310261790960407359T62,1580212566
2026-10-03 00:29:20.571167+05:30 IST Asia/Kolkata,C-BTC-86200-031026,3,buy,0.00000000/3.00000000,,2.10000000,,0.00300000,0,,,limit_order,cancelled,no_position_left_for_reduce_only,310261790960407359T61,1580212066
2026-10-03 00:29:06.811912+05:30 IST Asia/Kolkata,C-BTC-86200-031026,3,buy,0.00000000/3.00000000,,2.10000000,,0.00300000,0,,,limit_order,cancelled,no_position_left_for_reduce_only,310261790960407359T60,1580211578
2026-10-03 00:28:49.480750+05:30 IST Asia/Kolkata,C-BTC-86200-031026,3,buy,0.00000000/3.00000000,,2.10000000,,0.00300000,0,,,limit_order,cancelled,no_position_left_for_reduce_only,310261790960407359T59,1580210965
2026-10-03 00:28:32.743868+05:30 IST Asia/Kolkata,C-BTC-86200-031026,3,buy,0.00000000/3.00000000,,2.10000000,,0.00300000,0,,,limit_order,cancelled,no_position_left_for_reduce_only,310261790960407359T58,1580210366
2026-10-03 00:28:17.460386+05:30 IST Asia/Kolkata,C-BTC-86200-031026,3,buy,0.00000000/3.00000000,,2.10000000,,0.00300000,0,,,limit_order,cancelled,no_position_left_for_reduce_only,310261790960407359T57,1580209885
2026-10-03 00:28:01.696384+05:30 IST Asia/Kolkata,C-BTC-86200-031026,3,buy,0.00000000/3.00000000,,2.10000000,,0.00300000,0,,,limit_order,cancelled,no_position_left_for_reduce_only,310261790960407359T56,1580209366
2026-10-03 00:27:45.390448+05:30 IST Asia/Kolkata,C-BTC-86200-031026,3,buy,0.00000000/3.00000000,,2.10000000,,0.00300000,0,,,limit_order,cancelled,no_position_left_for_reduce_only,310261790960407359T55,1580208875
2026-10-03 00:27:29.723118+05:30 IST Asia/Kolkata,C-BTC-86200-031026,3,buy,0.00000000/3.00000000,,2.10000000,,0.00300000,0,,,limit_order,cancelled,no_position_left_for_reduce_only,310261790960407359T54,1580208217
2026-10-03 00:27:13.407594+05:30 IST Asia/Kolkata,C-BTC-86200-031026,3,buy,0.00000000/3.00000000,,2.10000000,,0.00300000,0,,,limit_order,cancelled,no_position_left_for_reduce_only,310261790960407359T53,1580207673
2026-10-03 00:26:57.019649+05:30 IST Asia/Kolkata,C-BTC-86200-031026,3,buy,0.00000000/3.00000000,,2.10000000,,0.00300000,0,,,limit_order,cancelled,no_position_left_for_reduce_only,310261790960407359T52,1580207184
2026-10-03 00:26:39.376543+05:30 IST Asia/Kolkata,C-BTC-86200-031026,3,buy,0.00000000/3.00000000,,2.10000000,,0.00300000,0,,,limit_order,cancelled,no_position_left_for_reduce_only,310261790960407359T51,1580206669
2026-10-03 00:26:22.191472+05:30 IST Asia/Kolkata,C-BTC-86200-031026,3,buy,0.00000000/3.00000000,,2.10000000,,0.00300000,0,,,limit_order,cancelled,no_position_left_for_reduce_only,310261790960407359T50,1580206195
2026-10-03 00:26:06.704148+05:30 IST Asia/Kolkata,C-BTC-86200-031026,3,buy,0.00000000/3.00000000,,2.10000000,,0.00300000,0,,,limit_order,cancelled,no_position_left_for_reduce_only,310261790960407359T49,1580205744
2026-10-03 00:25:48.678859+05:30 IST Asia/Kolkata,C-BTC-86200-031026,3,buy,0.00000000/3.00000000,,2.10000000,,0.00300000,0,,,limit_order,cancelled,no_position_left_for_reduce_only,310261790960407359T48,1580205141
2026-10-03 00:25:31.243387+05:30 IST Asia/Kolkata,C-BTC-86200-031026,3,buy,0.00000000/3.00000000,,2.10000000,,0.00300000,0,,,limit_order,cancelled,no_position_left_for_reduce_only,310261790960407359T47,1580204525
2026-10-03 00:25:13.642510+05:30 IST Asia/Kolkata,C-BTC-86200-031026,3,buy,0.00000000/3.00000000,,2.10000000,,0.00300000,0,,,limit_order,cancelled,no_position_left_for_reduce_only,310261790960407359T46,1580203932
2026-10-03 00:24:53.976125+05:30 IST Asia/Kolkata,C-BTC-86200-031026,3,buy,0.00000000/3.00000000,,2.10000000,,0.00300000,0,,,limit_order,cancelled,no_position_left_for_reduce_only,310261790960407359T45,1580203242
2026-10-03 00:24:35.633365+05:30 IST Asia/Kolkata,C-BTC-86200-031026,3,buy,0.00000000/3.00000000,,2.10000000,,0.00300000,0,,,limit_order,cancelled,no_position_left_for_reduce_only,310261790960407359T44,1580202745
2026-10-03 00:24:17.433065+05:30 IST Asia/Kolkata,C-BTC-86200-031026,3,buy,0.00000000/3.00000000,,2.10000000,,0.00300000,0,,,limit_order,cancelled,no_position_left_for_reduce_only,310261790960407359T43,1580202161
2026-10-03 00:24:00.895551+05:30 IST Asia/Kolkata,C-BTC-86200-031026,3,buy,0.00000000/3.00000000,,2.10000000,,0.00300000,0,,,limit_order,cancelled,no_position_left_for_reduce_only,310261790960407359T42,1580201516
2026-10-03 00:23:43.996599+05:30 IST Asia/Kolkata,C-BTC-86200-031026,3,buy,0.00000000/3.00000000,,2.10000000,,0.00300000,0,,,limit_order,cancelled,no_position_left_for_reduce_only,310261790960407359T41,1580200810
2026-10-03 00:23:27.508622+05:30 IST Asia/Kolkata,C-BTC-86200-031026,3,buy,0.00000000/3.00000000,,2.10000000,,0.00300000,0,,,limit_order,cancelled,no_position_left_for_reduce_only,310261790960407359T40,1580200051
2026-10-03 00:23:11.400378+05:30 IST Asia/Kolkata,C-BTC-86200-031026,3,buy,0.00000000/3.00000000,,2.10000000,,0.00300000,0,,,limit_order,cancelled,no_position_left_for_reduce_only,310261790960407359T39,1580199256
2026-10-03 00:22:54.147158+05:30 IST Asia/Kolkata,C-BTC-86200-031026,3,buy,0.00000000/3.00000000,,2.10000000,,0.00300000,0,,,limit_order,cancelled,no_position_left_for_reduce_only,310261790960407359T38,1580198345
2026-10-03 00:22:36.507732+05:30 IST Asia/Kolkata,C-BTC-86200-031026,3,buy,0.00000000/3.00000000,,2.10000000,,0.00300000,0,,,limit_order,cancelled,no_position_left_for_reduce_only,310261790960407359T37,1580197433
2026-10-03 00:22:19.567011+05:30 IST Asia/Kolkata,C-BTC-86200-031026,3,buy,0.00000000/3.00000000,,2.10000000,,0.00300000,0,,,limit_order,cancelled,no_position_left_for_reduce_only,310261790960407359T36,1580196561
2026-10-03 00:22:02.102813+05:30 IST Asia/Kolkata,C-BTC-86200-031026,3,buy,0.00000000/3.00000000,,2.10000000,,0.00300000,0,,,limit_order,cancelled,no_position_left_for_reduce_only,310261790960407359T35,1580195695
2026-10-03 00:21:46.835558+05:30 IST Asia/Kolkata,C-BTC-86200-031026,3,buy,0.00000000/3.00000000,,2.10000000,,0.00300000,0,,,limit_order,cancelled,no_position_left_for_reduce_only,310261790960407359T34,1580194874
2026-10-03 00:21:30.678630+05:30 IST Asia/Kolkata,C-BTC-86200-031026,3,buy,0.00000000/3.00000000,,2.10000000,,0.00300000,0,,,limit_order,cancelled,no_position_left_for_reduce_only,310261790960407359T33,1580194047
2026-10-03 00:21:15.184668+05:30 IST Asia/Kolkata,C-BTC-86200-031026,3,buy,0.00000000/3.00000000,,2.10000000,,0.00300000,0,,,limit_order,cancelled,no_position_left_for_reduce_only,310261790960407359T32,1580193136
2026-10-03 00:21:00.823470+05:30 IST Asia/Kolkata,C-BTC-86200-031026,3,buy,0.00000000/3.00000000,,2.10000000,,0.00300000,0,,,limit_order,cancelled,no_position_left_for_reduce_only,310261790960407359T31,1580192429
2026-10-03 00:20:46.957991+05:30 IST Asia/Kolkata,C-BTC-86200-031026,3,buy,0.00000000/3.00000000,,2.10000000,,0.00300000,0,,,limit_order,cancelled,no_position_left_for_reduce_only,310261790960407359T30,1580191927
2026-10-03 00:20:31.574755+05:30 IST Asia/Kolkata,C-BTC-86200-031026,3,buy,0.00000000/3.00000000,,2.10000000,,0.00300000,0,,,limit_order,cancelled,no_position_left_for_reduce_only,310261790960407359T29,1580191322
2026-10-03 00:20:18.701418+05:30 IST Asia/Kolkata,C-BTC-86200-031026,3,buy,0.00000000/3.00000000,,2.10000000,,0.00300000,0,,,limit_order,cancelled,no_position_left_for_reduce_only,310261790960407359T28,1580190888
2026-10-03 00:20:05.292404+05:30 IST Asia/Kolkata,C-BTC-86200-031026,3,buy,0.00000000/3.00000000,,2.10000000,,0.00300000,0,,,limit_order,cancelled,no_position_left_for_reduce_only,310261790960407359T27,1580190281
2026-10-03 00:19:50.752127+05:30 IST Asia/Kolkata,C-BTC-86200-031026,3,buy,0.00000000/3.00000000,,2.10000000,,0.00300000,0,,,limit_order,cancelled,no_position_left_for_reduce_only,310261790960407359T26,1580189730
2026-10-03 00:19:35.737765+05:30 IST Asia/Kolkata,C-BTC-86200-031026,3,buy,0.00000000/3.00000000,,2.10000000,,0.00300000,0,,,limit_order,cancelled,no_position_left_for_reduce_only,310261790960407359T25,1580189126
2026-10-03 00:19:20.595431+05:30 IST Asia/Kolkata,C-BTC-86200-031026,3,buy,0.00000000/3.00000000,,2.10000000,,0.00300000,0,,,limit_order,cancelled,no_position_left_for_reduce_only,310261790960407359T24,1580188368
2026-10-03 00:19:06.659396+05:30 IST Asia/Kolkata,C-BTC-86200-031026,3,buy,0.00000000/3.00000000,,2.10000000,,0.00300000,0,,,limit_order,cancelled,no_position_left_for_reduce_only,310261790960407359T23,1580187717
2026-10-03 00:18:52.099427+05:30 IST Asia/Kolkata,C-BTC-86200-031026,3,buy,0.00000000/3.00000000,,2.10000000,,0.00300000,0,,,limit_order,cancelled,no_position_left_for_reduce_only,310261790960407359T22,1580187042
2026-10-03 00:18:36.562032+05:30 IST Asia/Kolkata,C-BTC-86200-031026,3,buy,0.00000000/3.00000000,,2.10000000,,0.00300000,0,,,limit_order,cancelled,no_position_left_for_reduce_only,310261790960407359T21,1580186331
2026-10-03 00:18:21.256731+05:30 IST Asia/Kolkata,C-BTC-86200-031026,3,buy,0.00000000/3.00000000,,2.10000000,,0.00300000,0,,,limit_order,cancelled,no_position_left_for_reduce_only,310261790960407359T20,1580185551
2026-10-03 00:18:07.148457+05:30 IST Asia/Kolkata,C-BTC-86200-031026,3,buy,0.00000000/3.00000000,,2.10000000,,0.00300000,0,,,limit_order,cancelled,no_position_left_for_reduce_only,310261790960407359T19,1580184744
2026-10-03 00:17:51.668578+05:30 IST Asia/Kolkata,C-BTC-86200-031026,3,buy,0.00000000/3.00000000,,2.10000000,,0.00300000,0,,,limit_order,cancelled,no_position_left_for_reduce_only,310261790960407359T18,1580183738
2026-10-03 00:17:39.615830+05:30 IST Asia/Kolkata,C-BTC-86200-031026,3,buy,0.00000000/3.00000000,,2.10000000,,0.00300000,0,,,limit_order,cancelled,no_position_left_for_reduce_only,310261790960407359T17,1580182915
2026-10-03 00:16:50.791394+05:30 IST Asia/Kolkata,C-BTC-86200-031026,3,buy,0.00000000/3.00000000,,2.10000000,,0.00300000,0,,,limit_order,cancelled,no_position_left_for_reduce_only,310261790960407359T15,1580180195
2026-10-03 00:17:04.419495+05:30 IST Asia/Kolkata,C-BTC-85400-031026,3,sell,3.00000000/0.00000000,46.00000000,46.00000000,,0.00300000,0.0056994,0.138,0,limit_order,closed,,310261790966804611E0,1580180016
2026-10-03 00:17:08.317693+05:30 IST Asia/Kolkata,C-BTC-85400-031026,3,sell,3.00000000/0.00000000,46.00000000,46.00000000,,0.00300000,0.0056994,0.138,0,limit_order,closed,,310261790966802307E0,1580179889
2026-10-03 00:17:08.317074+05:30 IST Asia/Kolkata,C-BTC-85400-031026,3,sell,3.00000000/0.00000000,46.00000000,46.00000000,,0.00300000,0.0056994,0.138,0,limit_order,closed,,310261790966800526E0,1580179769
2026-10-03 00:16:49.901941+05:30 IST Asia/Kolkata,C-BTC-85400-031026,3,sell,3.00000000/0.00000000,47.00000000,47.00000000,,0.00300000,0.0058233,0.141,-0,limit_order,closed,,310261790966797797E0,1580179681
2026-10-03 00:13:57.625760+05:30 IST Asia/Kolkata,C-BTC-86000-031026,3,buy,3.00000000/0.00000000,22.00000000,269.10000000,,0.00300000,0.0027258,-0.066,0.064625,market_order,closed,,310261790961307190X1,1580170136
2026-10-03 00:13:45.601760+05:30 IST Asia/Kolkata,C-BTC-86000-031026,3,buy,3.00000000/0.00000000,25.00000000,296.90000000,,0.00300000,0.0030975,-0.075,0.055625,market_order,closed,,310261790962505186X1,1580169415
2026-10-03 00:12:29.117887+05:30 IST Asia/Kolkata,C-BTC-86000-031026,3,buy,3.00000000/0.00000000,23.90000000,236.80000000,,0.00300000,0.00296121,-0.0717,0.058925,market_order,closed,,310261790961308703X1,1580164465
2026-10-03 00:12:23.000133+05:30 IST Asia/Kolkata,C-BTC-86000-031026,3,buy,3.00000000/0.00000000,23.90000000,227.40000000,,0.00300000,0.00296121,-0.0717,0.058925,market_order,closed,,310261790961316203X1,1580164000
2026-10-03 00:12:17.534938+05:30 IST Asia/Kolkata,C-BTC-86000-031026,3,buy,3.00000000/0.00000000,23.90000000,227.40000000,,0.00300000,0.00296121,-0.0717,0.058925,market_order,closed,,310261790961312360X1,1580163542
2026-10-03 00:12:12.245358+05:30 IST Asia/Kolkata,C-BTC-86000-031026,3,buy,3.00000000/0.00000000,21.00000000,227.40000000,,0.00300000,0.0026019,-0.063,0.067625,market_order,closed,,310261790961552000X1,1580162971
2026-10-03 00:11:58.391658+05:30 IST Asia/Kolkata,C-BTC-85800-031026,3,buy,3.00000000/0.00000000,25.00000000,236.50000000,,0.00300000,0.0030975,-0.075,0.057,market_order,closed,,310261790962819327X1,1580161520
2026-10-03 00:11:52.756569+05:30 IST Asia/Kolkata,C-BTC-85600-031026,3,buy,3.00000000/0.00000000,31.00000000,343.90000000,,0.00300000,0.0038409,-0.093,0.015,market_order,closed,,310261790965807248X1,1580160980
2026-10-03 00:11:48.418568+05:30 IST Asia/Kolkata,C-BTC-85600-031026,3,buy,3.00000000/0.00000000,27.93333333,343.90000000,,0.00300000,0.00346094,-0.0838,0.0242,market_order,closed,,310261790965804465X1,1580160566
2026-10-03 00:11:41.240821+05:30 IST Asia/Kolkata,C-BTC-86200-031026,3,buy,0.00000000/3.00000000,,2.10000000,,0.00300000,0,,,limit_order,cancelled,no_position_left_for_reduce_only,310261790960407359T13,1580160012
2026-10-03 00:11:15.491407+05:30 IST Asia/Kolkata,C-BTC-86200-031026,3,buy,0.00000000/3.00000000,,2.10000000,,0.00300000,0,,,limit_order,cancelled,no_position_left_for_reduce_only,310261790960407359T12,1580158351
2026-10-03 00:13:43.064978+05:30 IST Asia/Kolkata,C-BTC-86000-031026,3,buy,0.00000000/3.00000000,,4.10000000,,0.00300000,0,,,limit_order,cancelled,cancelled_by_user,310261790962505186T1,1580156713
2026-10-03 00:10:46.572343+05:30 IST Asia/Kolkata,C-BTC-86200-031026,3,buy,0.00000000/3.00000000,,2.10000000,,0.00300000,0,,,limit_order,cancelled,no_position_left_for_reduce_only,310261790960407359T11,1580155840
2026-10-03 08:26:49.787620+05:30 IST Asia/Kolkata,C-BTC-86000-031026,3,buy,3.00000000/0.00000000,3.60000000,3.60000000,,0.00300000,0.00044604,-0.0108,0.119825,limit_order,closed,,310261790962684310T10,1580155489
2026-10-03 00:10:31.506052+05:30 IST Asia/Kolkata,C-BTC-86000-031026,3,buy,3.00000000/0.00000000,19.00000000,228.50000000,,0.00300000,0.0023541,-0.057,0.073625,market_order,closed,,310261790961304799X1,1580154399
2026-10-03 00:10:22.003300+05:30 IST Asia/Kolkata,C-BTC-86000-031026,3,buy,3.00000000/0.00000000,14.00000000,228.50000000,,0.00300000,0.0017346,-0.042,0.088625,market_order,closed,,310261790962271944X1,1580153414
2026-10-03 00:10:15.625557+05:30 IST Asia/Kolkata,C-BTC-86000-031026,3,buy,3.00000000/0.00000000,21.00000000,228.50000000,,0.00300000,0.0026019,-0.063,0.067625,market_order,closed,,310261790962264449X1,1580152540
2026-10-03 00:09:58.068639+05:30 IST Asia/Kolkata,C-BTC-86000-031026,3,buy,0.00000000/3.00000000,,3.60000000,,0.00300000,0,,,limit_order,cancelled,no_position_left_for_reduce_only,310261790962684310T9,1580148564
2026-10-03 00:09:55.821868+05:30 IST Asia/Kolkata,C-BTC-86200-031026,3,buy,0.00000000/3.00000000,,2.10000000,,0.00300000,0,,,limit_order,cancelled,no_position_left_for_reduce_only,310261790960407359T10,1580148257
2026-10-03 00:09:51.461084+05:30 IST Asia/Kolkata,P-BTC-83600-031026,3,buy,3.00000000/0.00000000,141.00000000,1084.60000000,,0.00300000,0.0174699,-0.423,-0.264,market_order,closed,,310261790952898682X1,1580147522
2026-10-03 00:09:16.179737+05:30 IST Asia/Kolkata,C-BTC-86200-031026,3,buy,0.00000000/3.00000000,,2.10000000,,0.00300000,0,,,limit_order,cancelled,no_position_left_for_reduce_only,310261790960407359T9,1580139716
2026-10-03 00:09:12.561482+05:30 IST Asia/Kolkata,C-BTC-86000-031026,3,buy,0.00000000/3.00000000,,3.60000000,,0.00300000,0,,,limit_order,cancelled,no_position_left_for_reduce_only,310261790962684310T8,1580139178
2026-10-03 00:08:43.500939+05:30 IST Asia/Kolkata,C-BTC-86000-031026,3,buy,0.00000000/3.00000000,,3.60000000,,0.00300000,0,,,limit_order,cancelled,no_position_left_for_reduce_only,310261790962684310T7,1580137148
2026-10-03 00:08:41.028538+05:30 IST Asia/Kolkata,C-BTC-86200-031026,3,buy,0.00000000/3.00000000,,2.10000000,,0.00300000,0,,,limit_order,cancelled,no_position_left_for_reduce_only,310261790960407359T8,1580137047
2026-10-03 00:08:12.356082+05:30 IST Asia/Kolkata,C-BTC-86200-031026,3,buy,0.00000000/3.00000000,,2.10000000,,0.00300000,0,,,limit_order,cancelled,no_position_left_for_reduce_only,310261790960407359T7,1580135715
2026-10-03 00:08:08.966892+05:30 IST Asia/Kolkata,C-BTC-86000-031026,3,buy,0.00000000/3.00000000,,3.60000000,,0.00300000,0,,,limit_order,cancelled,no_position_left_for_reduce_only,310261790962684310T6,1580135574
2026-10-03 00:07:38.680575+05:30 IST Asia/Kolkata,C-BTC-86000-031026,3,buy,0.00000000/3.00000000,,3.60000000,,0.00300000,0,,,limit_order,cancelled,no_position_left_for_reduce_only,310261790962684310T5,1580134362
2026-10-03 00:07:35.699227+05:30 IST Asia/Kolkata,C-BTC-86200-031026,3,buy,0.00000000/3.00000000,,2.10000000,,0.00300000,0,,,limit_order,cancelled,no_position_left_for_reduce_only,310261790960407359T6,1580134245
2026-10-03 00:07:07.136217+05:30 IST Asia/Kolkata,C-BTC-86200-031026,3,buy,0.00000000/3.00000000,,2.10000000,,0.00300000,0,,,limit_order,cancelled,no_position_left_for_reduce_only,310261790960407359T5,1580133146
2026-10-03 00:07:04.163414+05:30 IST Asia/Kolkata,C-BTC-86000-031026,3,buy,0.00000000/3.00000000,,3.60000000,,0.00300000,0,,,limit_order,cancelled,no_position_left_for_reduce_only,310261790962684310T4,1580133003
2026-10-03 00:06:37.498342+05:30 IST Asia/Kolkata,C-BTC-86000-031026,3,buy,0.00000000/3.00000000,,3.60000000,,0.00300000,0,,,limit_order,cancelled,no_position_left_for_reduce_only,310261790962684310T3,1580131925
2026-10-03 00:06:35.123350+05:30 IST Asia/Kolkata,C-BTC-86200-031026,3,buy,0.00000000/3.00000000,,2.10000000,,0.00300000,0,,,limit_order,cancelled,no_position_left_for_reduce_only,310261790960407359T4,1580131838
2026-10-03 00:06:08.163405+05:30 IST Asia/Kolkata,C-BTC-86200-031026,3,buy,0.00000000/3.00000000,,2.10000000,,0.00300000,0,,,limit_order,cancelled,no_position_left_for_reduce_only,310261790960407359T3,1580130511
2026-10-03 00:06:05.193555+05:30 IST Asia/Kolkata,C-BTC-86000-031026,3,buy,0.00000000/3.00000000,,3.60000000,,0.00300000,0,,,limit_order,cancelled,no_position_left_for_reduce_only,310261790962684310T2,1580130344
2026-10-03 00:05:45.866292+05:30 IST Asia/Kolkata,C-BTC-86000-031026,3,buy,3.00000000/0.00000000,24.00000000,306.60000000,,0.00300000,0.0029736,-0.072,0.058625,market_order,closed,,310261790962275246X1,1580129388
2026-10-03 00:05:39.202539+05:30 IST Asia/Kolkata,C-BTC-86000-031026,3,buy,0.00000000/3.00000000,,3.60000000,,0.00300000,0,,,limit_order,cancelled,no_position_left_for_reduce_only,310261790962684310T1,1580129016
2026-10-03 00:05:33.431357+05:30 IST Asia/Kolkata,C-BTC-86200-031026,3,buy,0.00000000/3.00000000,,2.10000000,,0.00300000,0,,,limit_order,cancelled,no_position_left_for_reduce_only,310261790960407359T2,1580128683
2026-10-03 00:05:28.337199+05:30 IST Asia/Kolkata,C-BTC-86200-031026,3,buy,0.00000000/3.00000000,,2.10000000,,0.00300000,0,,,limit_order,cancelled,no_position_left_for_reduce_only,310261790960407359T1,1580128268
2026-10-03 00:05:24.504991+05:30 IST Asia/Kolkata,C-BTC-86200-031026,3,buy,3.00000000/0.00000000,25.00000000,242.40000000,,0.00300000,0.0030975,-0.075,0.05199999,market_order,closed,,310261790960825322X1,1580127791
2026-10-03 00:05:07.644113+05:30 IST Asia/Kolkata,C-BTC-86000-031026,3,buy,3.00000000/0.00000000,27.00000000,337.50000000,,0.00300000,0.0033453,-0.081,0.049625,market_order,closed,,310261790962268798X1,1580126714
2026-10-03 00:11:46.428543+05:30 IST Asia/Kolkata,C-BTC-85600-031026,3,buy,0.00000000/3.00000000,,3.60000000,,0.00300000,0,,,limit_order,cancelled,cancelled_by_user,310261790965804465T0,1580119862
2026-10-03 00:11:50.711610+05:30 IST Asia/Kolkata,C-BTC-85600-031026,3,buy,0.00000000/3.00000000,,3.60000000,,0.00300000,0,,,limit_order,cancelled,cancelled_by_user,310261790965807248T0,1580119817
2026-10-03 00:00:53.107793+05:30 IST Asia/Kolkata,C-BTC-85600-031026,3,sell,3.00000000/0.00000000,36.00000000,35.00000000,,0.00300000,0.0044604,0.108,-0,limit_order,closed,,310261790965807248E0,1580117428
2026-10-03 00:00:54.818893+05:30 IST Asia/Kolkata,C-BTC-85600-031026,3,sell,3.00000000/0.00000000,36.00000000,35.00000000,,0.00300000,0.0044604,0.108,-0,limit_order,closed,,310261790965804465E0,1580117362
2026-10-02 23:47:58.178888+05:30 IST Asia/Kolkata,P-BTC-84000-031026,3,buy,3.00000000/0.00000000,83.00000000,884.30000000,,0.00300000,0.0102837,-0.249,-0.099,market_order,closed,,310261790964905375X1,1580093449
2026-10-02 23:47:56.250687+05:30 IST Asia/Kolkata,P-BTC-84000-031026,3,buy,0.00000000/3.00000000,,5.00000000,,0.00300000,0,,,limit_order,cancelled,cancelled_by_user,310261790964905375T0,1580085632
2026-10-02 23:45:07.465006+05:30 IST Asia/Kolkata,P-BTC-84000-031026,3,sell,3.00000000/0.00000000,50.00000000,48.00000000,,0.00300000,0.006195,0.15,-0,limit_order,closed,,310261790964905375E0,1580083179
2026-10-03 00:11:55.563882+05:30 IST Asia/Kolkata,C-BTC-85800-031026,3,buy,0.00000000/3.00000000,,4.40000000,,0.00300000,0,,,limit_order,cancelled,cancelled_by_user,310261790962819327T0,1579993024
2026-10-02 23:10:24.369321+05:30 IST Asia/Kolkata,C-BTC-85800-031026,3,sell,3.00000000/0.00000000,44.00000000,42.00000000,,0.00300000,0.0054516,0.132,-0,limit_order,closed,,310261790962822381E0,1579992371
2026-10-02 23:10:22.128791+05:30 IST Asia/Kolkata,C-BTC-85800-031026,3,sell,3.00000000/0.00000000,44.00000000,42.00000000,,0.00300000,0.0054516,0.132,-0,limit_order,closed,,310261790962819327E0,1579992256
2026-10-03 00:05:07.541874+05:30 IST Asia/Kolkata,C-BTC-86000-031026,3,buy,0.00000000/3.00000000,,3.60000000,,0.00300000,0,,,limit_order,cancelled,no_position_left_for_reduce_only,310261790962684310T0,1579988221
2026-10-02 23:08:32.158140+05:30 IST Asia/Kolkata,C-BTC-86000-031026,3,sell,3.00000000/0.00000000,36.00000000,35.00000000,,0.00300000,0.0044604,0.108,0,limit_order,closed,,310261790962684310E0,1579986456
2026-10-03 00:10:21.857028+05:30 IST Asia/Kolkata,C-BTC-86000-031026,3,buy,0.00000000/3.00000000,,4.10000000,,0.00300000,0,,,limit_order,cancelled,no_position_left_for_reduce_only,310261790962505186T0,1579981308
2026-10-03 05:26:37.803515+05:30 IST Asia/Kolkata,C-BTC-86000-031026,3,buy,3.00000000/0.00000000,4.40000000,4.40000000,,0.00300000,0.00054516,-0.0132,0.117425,limit_order,closed,,310261790962507708T0,1579981236
2026-10-02 23:05:19.191895+05:30 IST Asia/Kolkata,C-BTC-86000-031026,3,sell,3.00000000/0.00000000,44.50000000,44.50000000,,0.00300000,0.00551355,0.1335,-0,limit_order,closed,,310261790962507708E0,1579979968
2026-10-02 23:05:17.031422+05:30 IST Asia/Kolkata,C-BTC-86000-031026,3,sell,3.00000000/0.00000000,41.00000000,40.00000000,,0.00300000,0.0050799,0.123,0,limit_order,closed,,310261790962505186E0,1579979840
2026-10-03 05:29:42.921817+05:30 IST Asia/Kolkata,C-BTC-86000-031026,3,buy,3.00000000/0.00000000,4.10000000,4.10000000,,0.00300000,0.00050799,-0.0123,0.118325,limit_order,closed,,310261790962276817T0,1579972184
2026-10-03 05:26:37.803048+05:30 IST Asia/Kolkata,C-BTC-86000-031026,3,buy,3.00000000/0.00000000,4.40000000,4.40000000,,0.00300000,0.00054516,-0.0132,0.117425,limit_order,closed,,310261790962273682T0,1579971302
2026-10-03 00:05:43.624362+05:30 IST Asia/Kolkata,C-BTC-86000-031026,3,buy,0.00000000/3.00000000,,4.40000000,,0.00300000,0,,,limit_order,cancelled,cancelled_by_user,310261790962275246T0,1579971205
2026-10-03 00:10:13.181604+05:30 IST Asia/Kolkata,C-BTC-86000-031026,3,buy,0.00000000/3.00000000,,4.60000000,,0.00300000,0,,,limit_order,cancelled,cancelled_by_user,310261790962264449T0,1579970222
2026-10-03 05:26:37.759600+05:30 IST Asia/Kolkata,C-BTC-86000-031026,3,buy,3.00000000/0.00000000,4.60000000,4.60000000,,0.00300000,0.00056994,-0.0138,0.116825,limit_order,closed,,310261790962267248T0,1579970153
2026-10-02 23:01:40.628662+05:30 IST Asia/Kolkata,C-BTC-86000-031026,3,sell,3.00000000/0.00000000,41.00000000,41.00000000,,0.00300000,0.0050799,0.123,0,limit_order,closed,,310261790962276817E0,1579970062
2026-10-03 00:10:39.131253+05:30 IST Asia/Kolkata,C-BTC-86000-031026,3,buy,0.00000000/3.00000000,,4.80000000,,0.00300000,0,,,limit_order,cancelled,cancelled_by_user,310261790962268798T0,1579970035
2026-10-02 23:01:20.970990+05:30 IST Asia/Kolkata,C-BTC-86000-031026,3,sell,3.00000000/0.00000000,44.00000000,44.00000000,,0.00300000,0.0054516,0.132,0,limit_order,closed,,310261790962275246E0,1579969947
2026-10-03 00:10:41.440974+05:30 IST Asia/Kolkata,C-BTC-86000-031026,3,buy,0.00000000/3.00000000,,4.90000000,,0.00300000,0,,,limit_order,cancelled,cancelled_by_user,310261790962271944T0,1579969911
2026-10-02 23:01:20.924524+05:30 IST Asia/Kolkata,C-BTC-86000-031026,3,sell,3.00000000/0.00000000,44.00000000,44.00000000,,0.00300000,0.0054516,0.132,0,limit_order,closed,,310261790962273682E0,1579969868
2026-10-02 23:01:13.328801+05:30 IST Asia/Kolkata,C-BTC-86000-031026,3,sell,3.00000000/0.00000000,49.00000000,44.00000000,,0.00300000,0.0060711,0.147,-0,limit_order,closed,,310261790962271944E0,1579969721
2026-10-02 23:01:11.608008+05:30 IST Asia/Kolkata,C-BTC-86000-031026,3,sell,3.00000000/0.00000000,48.00000000,46.00000000,,0.00300000,0.0059472,0.144,-0,limit_order,closed,,310261790962268798E0,1579969610
2026-10-02 23:01:10.330904+05:30 IST Asia/Kolkata,C-BTC-86000-031026,3,sell,3.00000000/0.00000000,46.00000000,46.00000000,,0.00300000,0.0056994,0.138,-0,limit_order,closed,,310261790962267248E0,1579969487
2026-10-02 23:01:10.288697+05:30 IST Asia/Kolkata,C-BTC-86000-031026,3,sell,3.00000000/0.00000000,46.00000000,46.00000000,,0.00300000,0.0056994,0.138,-0,limit_order,closed,,310261790962264449E0,1579969412
2026-10-03 00:12:09.013413+05:30 IST Asia/Kolkata,C-BTC-86000-031026,3,buy,0.00000000/3.00000000,,5.30000000,,0.00300000,0,,,limit_order,cancelled,cancelled_by_user,310261790961552000T0,1579931665
2026-10-02 22:49:13.927896+05:30 IST Asia/Kolkata,C-BTC-86000-031026,3,sell,3.00000000/0.00000000,53.00000000,51.00000000,,0.00300000,0.0065667,0.159,-0,limit_order,closed,,310261790961552000E0,1579930174
2026-10-02 22:46:23.939427+05:30 IST Asia/Kolkata,C-BTC-86200-031026,3,buy,3.00000000/0.00000000,32.00000000,326.50000000,,0.00300000,0.0039648,-0.096,0.03099999,market_order,closed,,310261790960405049X1,1579920465
2026-10-02 22:46:18.265993+05:30 IST Asia/Kolkata,P-BTC-84200-031026,3,buy,3.00000000/0.00000000,103.00000000,1027.30000000,,0.00300000,0.0127617,-0.309,-0.1692,market_order,closed,,310261790960413323X1,1579919960
2026-10-02 22:46:10.065695+05:30 IST Asia/Kolkata,P-BTC-83800-031026,3,buy,3.00000000/0.00000000,73.00000000,498.90000000,,0.00300000,0.0090447,-0.219,-0.096,market_order,closed,,310261790961310273X1,1579919188
2026-10-02 22:46:08.615157+05:30 IST Asia/Kolkata,P-BTC-83800-031026,3,buy,0.00000000/3.00000000,,4.10000000,,0.00300000,0,,,limit_order,cancelled,cancelled_by_user,310261790961310273T0,1579918840
2026-10-03 00:12:14.929942+05:30 IST Asia/Kolkata,C-BTC-86000-031026,3,buy,0.00000000/3.00000000,,4.20000000,,0.00300000,0,,,limit_order,cancelled,cancelled_by_user,310261790961312360T0,1579918630
2026-10-02 22:46:02.652274+05:30 IST Asia/Kolkata,C-BTC-86000-031026,3,buy,3.00000000/0.00000000,40.00000000,503.70000000,,0.00300000,0.004956,-0.12,0.00249999,market_order,closed,,310261790961314388X1,1579918352
2026-10-02 22:45:59.560542+05:30 IST Asia/Kolkata,C-BTC-86000-031026,3,buy,0.00000000/3.00000000,,3.90000000,,0.00300000,0,,,limit_order,cancelled,cancelled_by_user,310261790961314388T0,1579917643
2026-10-02 22:45:44.333680+05:30 IST Asia/Kolkata,P-BTC-84200-031026,3,buy,3.00000000/0.00000000,83.00000000,836.30000000,,0.00300000,0.0102837,-0.249,-0.1092,market_order,closed,,310261790960411772X1,1579916080
2026-10-03 00:10:31.351555+05:30 IST Asia/Kolkata,C-BTC-86000-031026,3,buy,0.00000000/3.00000000,,4.10000000,,0.00300000,0,,,limit_order,cancelled,no_position_left_for_reduce_only,310261790961304799T0,1579915733
2026-10-03 00:12:20.781661+05:30 IST Asia/Kolkata,C-BTC-86000-031026,3,buy,0.00000000/3.00000000,,4.10000000,,0.00300000,0,,,limit_order,cancelled,cancelled_by_user,310261790961316203T0,1579915183
2026-10-02 22:45:19.747310+05:30 IST Asia/Kolkata,C-BTC-86000-031026,3,sell,3.00000000/0.00000000,41.00000000,41.00000000,,0.00300000,0.0050799,0.123,-0,limit_order,closed,,310261790961316203E0,1579914416
2026-10-03 00:13:55.412090+05:30 IST Asia/Kolkata,C-BTC-86000-031026,3,buy,0.00000000/3.00000000,,4.10000000,,0.00300000,0,,,limit_order,cancelled,cancelled_by_user,310261790961307190T0,1579914313
2026-10-02 22:45:31.824383+05:30 IST Asia/Kolkata,C-BTC-86000-031026,3,sell,3.00000000/0.00000000,39.00000000,39.00000000,,0.00300000,0.0048321,0.117,0,limit_order,closed,,310261790961314388E0,1579914288
2026-10-03 00:12:27.118025+05:30 IST Asia/Kolkata,C-BTC-86000-031026,3,buy,0.00000000/3.00000000,,4.10000000,,0.00300000,0,,,limit_order,cancelled,cancelled_by_user,310261790961308703T0,1579914191
2026-10-02 22:45:34.342674+05:30 IST Asia/Kolkata,C-BTC-86000-031026,3,sell,3.00000000/0.00000000,42.00000000,40.00000000,,0.00300000,0.0052038,0.126,-0,limit_order,closed,,310261790961312360E0,1579914182
2026-10-02 22:45:36.684309+05:30 IST Asia/Kolkata,P-BTC-83800-031026,3,sell,3.00000000/0.00000000,41.00000000,41.00000000,,0.00300000,0.0050799,0.123,-0,limit_order,closed,,310261790961310273E0,1579914047
2026-10-02 22:45:10.719338+05:30 IST Asia/Kolkata,C-BTC-86000-031026,3,sell,3.00000000/0.00000000,41.00000000,41.00000000,,0.00300000,0.0050799,0.123,-0,limit_order,closed,,310261790961308703E0,1579913875
2026-10-02 22:45:10.674884+05:30 IST Asia/Kolkata,C-BTC-86000-031026,3,sell,3.00000000/0.00000000,41.00000000,41.00000000,,0.00300000,0.0050799,0.123,-0,limit_order,closed,,310261790961307190E0,1579913751
2026-10-02 22:45:19.705305+05:30 IST Asia/Kolkata,C-BTC-86000-031026,3,sell,3.00000000/0.00000000,41.00000000,41.00000000,,0.00300000,0.0050799,0.123,-0,limit_order,closed,,310261790961304799E0,1579913653
2026-10-02 22:45:06.738409+05:30 IST Asia/Kolkata,P-BTC-84200-031026,3,buy,3.00000000/0.00000000,78.00000000,765.60000000,,0.00300000,0.0096642,-0.234,-0.0942,market_order,closed,,310261790959908507X1,1579913630
2026-10-02 22:44:55.481477+05:30 IST Asia/Kolkata,P-BTC-84200-031026,3,buy,3.00000000/0.00000000,74.00000000,765.60000000,,0.00300000,0.0091686,-0.222,-0.0822,market_order,closed,,310261790959911021X1,1579912741
2026-10-02 22:44:38.913821+05:30 IST Asia/Kolkata,P-BTC-84400-031026,3,buy,3.00000000/0.00000000,97.00000000,1024.90000000,,0.00300000,0.0120183,-0.291,-0.144,market_order,closed,,310261790960525208X1,1579911296
2026-10-02 22:44:34.516090+05:30 IST Asia/Kolkata,P-BTC-84400-031026,3,buy,3.00000000/0.00000000,97.00000000,1024.90000000,,0.00300000,0.0120183,-0.291,-0.144,market_order,closed,,310261790960608773X1,1579911013
2026-10-02 22:44:21.161176+05:30 IST Asia/Kolkata,P-BTC-84200-031026,3,buy,3.00000000/0.00000000,68.00000000,717.40000000,,0.00300000,0.0084252,-0.204,-0.0642,market_order,closed,,310261790960409404X1,1579910018
2026-10-03 07:41:23.863720+05:30 IST Asia/Kolkata,C-BTC-86200-031026,3,buy,3.00000000/0.00000000,2.10000000,2.10000000,,0.00300000,0.00026019,-0.0063,0.1207,limit_order,closed,,310261790960825322T0,1579894745
2026-10-02 22:37:17.474486+05:30 IST Asia/Kolkata,C-BTC-86200-031026,3,sell,3.00000000/0.00000000,38.00000000,36.00000000,,0.00300000,0.0047082,0.114,0,limit_order,closed,,310261790960825322E0,1579893960
2026-10-02 22:44:32.295046+05:30 IST Asia/Kolkata,P-BTC-84400-031026,3,buy,0.00000000/3.00000000,,2.60000000,,0.00300000,0,,,limit_order,cancelled,cancelled_by_user,310261790960608773T0,1579880069
2026-10-02 22:33:39.523865+05:30 IST Asia/Kolkata,P-BTC-84400-031026,3,sell,3.00000000/0.00000000,51.00000000,51.00000000,,0.00300000,0.0063189,0.153,-0,limit_order,closed,,310261790960608773E0,1579879461
2026-10-02 22:44:36.493211+05:30 IST Asia/Kolkata,P-BTC-84400-031026,3,buy,0.00000000/3.00000000,,2.40000000,,0.00300000,0,,,limit_order,cancelled,cancelled_by_user,310261790960525208T0,1579877145
2026-10-02 22:32:29.536904+05:30 IST Asia/Kolkata,P-BTC-84400-031026,3,sell,3.00000000/0.00000000,47.00000000,47.00000000,,0.00300000,0.0058233,0.141,-0,limit_order,closed,,310261790960525208E0,1579875801
2026-10-03 00:05:24.398733+05:30 IST Asia/Kolkata,C-BTC-86200-031026,3,buy,0.00000000/3.00000000,,2.10000000,,0.00300000,0,,,limit_order,cancelled,no_position_left_for_reduce_only,310261790960407359T0,1579872336
2026-10-02 22:44:18.793517+05:30 IST Asia/Kolkata,P-BTC-84200-031026,3,buy,0.00000000/3.00000000,,2.30000000,,0.00300000,0,,,limit_order,cancelled,cancelled_by_user,310261790960409404T0,1579872015
2026-10-02 22:45:42.899746+05:30 IST Asia/Kolkata,P-BTC-84200-031026,3,buy,0.00000000/3.00000000,,2.30000000,,0.00300000,0,,,limit_order,cancelled,cancelled_by_user,310261790960411772T0,1579871946
2026-10-02 22:46:15.072880+05:30 IST Asia/Kolkata,P-BTC-84200-031026,3,buy,0.00000000/3.00000000,,2.30000000,,0.00300000,0,,,limit_order,cancelled,cancelled_by_user,310261790960413323T0,1579871891
2026-10-02 22:46:21.379764+05:30 IST Asia/Kolkata,C-BTC-86200-031026,3,buy,0.00000000/3.00000000,,2.40000000,,0.00300000,0,,,limit_order,cancelled,cancelled_by_user,310261790960405049T0,1579871310
2026-10-02 22:30:23.754921+05:30 IST Asia/Kolkata,P-BTC-84200-031026,3,sell,3.00000000/0.00000000,45.00000000,45.00000000,,0.00300000,0.0055755,0.135,0,limit_order,closed,,310261790960413323E0,1579871296
2026-10-02 22:30:24.255051+05:30 IST Asia/Kolkata,P-BTC-84200-031026,3,sell,3.00000000/0.00000000,45.00000000,45.00000000,,0.00300000,0.0055755,0.135,0,limit_order,closed,,310261790960411772E0,1579871221
2026-10-02 22:30:25.903635+05:30 IST Asia/Kolkata,P-BTC-84200-031026,3,sell,3.00000000/0.00000000,46.00000000,45.00000000,,0.00300000,0.0056994,0.138,0,limit_order,closed,,310261790960409404E0,1579871165
2026-10-02 22:30:40.501646+05:30 IST Asia/Kolkata,C-BTC-86200-031026,3,sell,3.00000000/0.00000000,42.00000000,42.00000000,,0.00300000,0.0052038,0.126,0,limit_order,closed,,310261790960407359E0,1579871079
2026-10-02 22:30:08.651117+05:30 IST Asia/Kolkata,C-BTC-86200-031026,3,sell,3.00000000/0.00000000,47.00000000,47.00000000,,0.00300000,0.0058233,0.141,-0,limit_order,closed,,310261790960405049E0,1579871012
2026-10-02 22:45:04.718357+05:30 IST Asia/Kolkata,P-BTC-84200-031026,3,buy,0.00000000/3.00000000,,2.40000000,,0.00300000,0,,,limit_order,cancelled,cancelled_by_user,310261790959908507T0,1579851739
2026-10-02 22:44:53.733822+05:30 IST Asia/Kolkata,P-BTC-84200-031026,3,buy,0.00000000/3.00000000,,2.50000000,,0.00300000,0,,,limit_order,cancelled,cancelled_by_user,310261790959911021T0,1579851690
2026-10-02 22:21:52.520839+05:30 IST Asia/Kolkata,P-BTC-84200-031026,3,sell,3.00000000/0.00000000,50.00000000,45.00000000,,0.00300000,0.006195,0.15,-0,limit_order,closed,,310261790959911021E0,1579851539
2026-10-02 22:21:50.717042+05:30 IST Asia/Kolkata,P-BTC-84200-031026,3,sell,3.00000000/0.00000000,47.00000000,43.00000000,,0.00300000,0.0058233,0.141,-0,limit_order,closed,,310261790959908507E0,1579851441
2026-10-02 22:12:10.429699+05:30 IST Asia/Kolkata,C-BTC-87600-031026,3,buy,3.00000000/0.00000000,10.00000000,175.40000000,,0.00300000,0.001239,-0.03,0.129,market_order,closed,,310261790953205883X1,1579822861
2026-10-02 23:46:09.165500+05:30 IST Asia/Kolkata,C-BTC-87400-031026,3,buy,3.00000000/0.00000000,2.70000000,2.70000000,,0.00300000,0.00033453,-0.0081,0.1509,limit_order,closed,,310261790954105911T0,1579493745
2026-10-02 20:45:09.532617+05:30 IST Asia/Kolkata,C-BTC-87400-031026,3,sell,3.00000000/0.00000000,53.00000000,53.00000000,,0.00300000,0.0065667,0.159,-0,limit_order,closed,,310261790954105911E0,1579492896
2026-10-02 20:35:55.287396+05:30 IST Asia/Kolkata,C-BTC-88000-031026,3,buy,3.00000000/0.00000000,26.00000000,296.20000000,,0.00300000,0.0032214,-0.078,0.06883333,market_order,closed,,310261790952338252X1,1579456967
2026-10-02 22:12:08.695668+05:30 IST Asia/Kolkata,C-BTC-87600-031026,3,buy,0.00000000/3.00000000,,2.70000000,,0.00300000,0,,,limit_order,cancelled,cancelled_by_user,310261790953205883T0,1579431955
2026-10-02 23:38:06.286294+05:30 IST Asia/Kolkata,C-BTC-87600-031026,3,buy,3.00000000/0.00000000,2.70000000,2.70000000,,0.00300000,0.00033453,-0.0081,0.1509,limit_order,closed,,310261790953209043T0,1579431853
2026-10-02 20:30:12.427224+05:30 IST Asia/Kolkata,C-BTC-87600-031026,3,sell,3.00000000/0.00000000,53.00000000,53.00000000,,0.00300000,0.0065667,0.159,-0,limit_order,closed,,310261790953209043E0,1579431376
2026-10-02 20:30:12.385134+05:30 IST Asia/Kolkata,C-BTC-87600-031026,3,sell,3.00000000/0.00000000,53.00000000,53.00000000,,0.00300000,0.0065667,0.159,-0,limit_order,closed,,310261790953205883E0,1579431257
2026-10-02 20:25:29.625323+05:30 IST Asia/Kolkata,C-BTC-88800-031026,3,buy,3.00000000/0.00000000,18.00000000,277.70000000,,0.00300000,0.0022302,-0.054,0.12,market_order,closed,,310261790950629385X1,1579404721
2026-10-02 20:25:21.894074+05:30 IST Asia/Kolkata,C-BTC-88000-031026,3,buy,3.00000000/0.00000000,37.00000000,295.00000000,,0.00300000,0.0045843,-0.111,0.03583333,market_order,closed,,310261790952334663X1,1579403543
2026-10-03 00:09:51.349998+05:30 IST Asia/Kolkata,P-BTC-83600-031026,3,buy,0.00000000/3.00000000,,2.70000000,,0.00300000,0,,,limit_order,cancelled,no_position_left_for_reduce_only,310261790952898682T0,1579402504
2026-10-02 20:25:07.073696+05:30 IST Asia/Kolkata,P-BTC-83600-031026,3,sell,3.00000000/0.00000000,53.00000000,53.00000000,,0.00300000,0.0065667,0.159,-0,limit_order,closed,,310261790952898682E0,1579399562
2026-10-02 20:24:45.990769+05:30 IST Asia/Kolkata,P-BTC-84000-031026,3,buy,3.00000000/0.00000000,75.00000000,420.50000000,,0.00300000,0.0092925,-0.225,-0.087,market_order,closed,,310261790952305081X1,1579397070
2026-10-02 20:35:53.757975+05:30 IST Asia/Kolkata,C-BTC-88000-031026,3,buy,0.00000000/3.00000000,,2.20000000,,0.00300000,0,,,limit_order,cancelled,cancelled_by_user,310261790952338252T0,1579368223
2026-10-02 22:08:43.115988+05:30 IST Asia/Kolkata,C-BTC-88000-031026,3,buy,3.00000000/0.00000000,2.40000000,2.40000000,,0.00300000,0.00029736,-0.0072,0.13963333,limit_order,closed,,310261790952332178T0,1579366653
2026-10-02 20:25:19.874230+05:30 IST Asia/Kolkata,C-BTC-88000-031026,3,buy,0.00000000/3.00000000,,2.40000000,,0.00300000,0,,,limit_order,cancelled,cancelled_by_user,310261790952334663T0,1579366562
2026-10-02 22:08:43.115529+05:30 IST Asia/Kolkata,C-BTC-88000-031026,3,buy,3.00000000/0.00000000,2.40000000,2.40000000,,0.00300000,0.00029736,-0.0072,0.13963333,limit_order,closed,,310261790952336187T0,1579366484
2026-10-02 20:16:11.426411+05:30 IST Asia/Kolkata,C-BTC-88000-031026,3,sell,3.00000000/0.00000000,43.00000000,40.00000000,,0.00300000,0.0053277,0.129,0,limit_order,closed,,310261790952338252E0,1579366266
2026-10-02 20:15:39.939641+05:30 IST Asia/Kolkata,C-BTC-88000-031026,3,sell,3.00000000/0.00000000,48.00000000,48.00000000,,0.00300000,0.0059472,0.144,0,limit_order,closed,,310261790952336187E0,1579366201
2026-10-02 20:15:39.939117+05:30 IST Asia/Kolkata,C-BTC-88000-031026,3,sell,3.00000000/0.00000000,48.00000000,48.00000000,,0.00300000,0.0059472,0.144,0,limit_order,closed,,310261790952334663E0,1579366118
2026-10-02 20:15:39.894647+05:30 IST Asia/Kolkata,C-BTC-88000-031026,3,sell,3.00000000/0.00000000,48.00000000,48.00000000,,0.00300000,0.0059472,0.144,0,limit_order,closed,,310261790952332178E0,1579366045
2026-10-02 20:24:44.561884+05:30 IST Asia/Kolkata,P-BTC-84000-031026,3,buy,0.00000000/3.00000000,,2.30000000,,0.00300000,0,,,limit_order,cancelled,cancelled_by_user,310261790952305081T0,1579365718
2026-10-02 20:15:16.594882+05:30 IST Asia/Kolkata,P-BTC-84000-031026,3,sell,3.00000000/0.00000000,46.00000000,46.00000000,,0.00300000,0.0056994,0.138,-0,limit_order,closed,,310261790952305081E0,1579364757
2026-10-02 20:04:33.661704+05:30 IST Asia/Kolkata,C-BTC-88800-031026,3,buy,3.00000000/0.00000000,17.00000000,315.20000000,,0.00300000,0.0021063,-0.051,0.123,market_order,closed,,310261790950624780X1,1579327931
2026-10-02 20:04:10.356724+05:30 IST Asia/Kolkata,P-BTC-84000-031026,3,buy,3.00000000/0.00000000,50.00000000,388.70000000,,0.00300000,0.006195,-0.15,-0.0105,market_order,closed,,310261790951408974X1,1579325027
2026-10-02 20:03:45.257514+05:30 IST Asia/Kolkata,P-BTC-84000-031026,3,buy,3.00000000/0.00000000,50.00000000,373.50000000,,0.00300000,0.006195,-0.15,-0.0105,market_order,closed,,310261790951406044X1,1579323087
2026-10-02 20:02:16.477460+05:30 IST Asia/Kolkata,P-BTC-83800-031026,3,buy,3.00000000/0.00000000,40.00000000,364.60000000,,0.00300000,0.004956,-0.12,0.016875,market_order,closed,,310261790946388577X1,1579316935
2026-10-02 20:04:08.930301+05:30 IST Asia/Kolkata,P-BTC-84000-031026,3,buy,0.00000000/3.00000000,,2.20000000,,0.00300000,0,,,limit_order,cancelled,cancelled_by_user,310261790951408974T0,1579311939
2026-10-02 21:41:50.614992+05:30 IST Asia/Kolkata,C-BTC-88200-031026,3,buy,3.00000000/0.00000000,2.20000000,2.20000000,,0.00300000,0.00027258,-0.0066,0.1254,limit_order,closed,,310261790951422353T0,1579311725
2026-10-02 21:41:50.614521+05:30 IST Asia/Kolkata,C-BTC-88200-031026,3,buy,3.00000000/0.00000000,2.20000000,2.20000000,,0.00300000,0.00027258,-0.0066,0.1254,limit_order,closed,,310261790951423978T0,1579311564
2026-10-02 21:41:50.613816+05:30 IST Asia/Kolkata,C-BTC-88200-031026,3,buy,3.00000000/0.00000000,2.20000000,2.20000000,,0.00300000,0.00027258,-0.0066,0.1254,limit_order,closed,,310261790951418142T0,1579310693
2026-10-02 21:41:50.613282+05:30 IST Asia/Kolkata,C-BTC-88200-031026,3,buy,3.00000000/0.00000000,2.20000000,2.20000000,,0.00300000,0.00027258,-0.0066,0.1254,limit_order,closed,,310261790951420359T0,1579310501
2026-10-02 20:00:38.806421+05:30 IST Asia/Kolkata,P-BTC-83800-031026,3,buy,3.00000000/0.00000000,43.00000000,394.60000000,,0.00300000,0.0053277,-0.129,0.007875,market_order,closed,,310261790946386979X1,1579309574
2026-10-02 22:08:43.115015+05:30 IST Asia/Kolkata,C-BTC-88000-031026,3,buy,3.00000000/0.00000000,2.80000000,2.80000000,,0.00300000,0.00034692,-0.0084,0.13843333,limit_order,closed,,310261790951413108T0,1579308767
2026-10-02 22:08:43.071480+05:30 IST Asia/Kolkata,C-BTC-88000-031026,3,buy,3.00000000/0.00000000,2.60000000,2.60000000,,0.00300000,0.00032214,-0.0078,0.13903333,limit_order,closed,,310261790951415452T0,1579308423
2026-10-02 20:00:45.546228+05:30 IST Asia/Kolkata,C-BTC-88200-031026,3,sell,3.00000000/0.00000000,44.00000000,40.00000000,,0.00300000,0.0054516,0.132,-0,limit_order,closed,,310261790951423978E0,1579308097
2026-10-02 20:00:46.744002+05:30 IST Asia/Kolkata,C-BTC-88200-031026,3,sell,3.00000000/0.00000000,44.00000000,40.00000000,,0.00300000,0.0054516,0.132,-0,limit_order,closed,,310261790951422353E0,1579307850
2026-10-02 20:00:34.314884+05:30 IST Asia/Kolkata,C-BTC-88200-031026,3,sell,3.00000000/0.00000000,44.00000000,44.00000000,,0.00300000,0.0054516,0.132,-0,limit_order,closed,,310261790951420359E0,1579307660
2026-10-02 20:00:34.268185+05:30 IST Asia/Kolkata,C-BTC-88200-031026,3,sell,3.00000000/0.00000000,44.00000000,44.00000000,,0.00300000,0.0054516,0.132,-0,limit_order,closed,,310261790951418142E0,1579307436
2026-10-02 20:00:26.495906+05:30 IST Asia/Kolkata,C-BTC-88000-031026,3,sell,3.00000000/0.00000000,51.66666667,50.00000000,,0.00300000,0.0064015,0.155,0,limit_order,closed,,310261790951415452E0,1579307210
2026-10-02 20:03:43.820088+05:30 IST Asia/Kolkata,P-BTC-84000-031026,3,buy,0.00000000/3.00000000,,2.50000000,,0.00300000,0,,,limit_order,cancelled,cancelled_by_user,310261790951406044T0,1579307201
2026-10-02 20:00:15.734340+05:30 IST Asia/Kolkata,C-BTC-88000-031026,3,sell,3.00000000/0.00000000,55.00000000,55.00000000,,0.00300000,0.0068145,0.165,-0,limit_order,closed,,310261790951413108E0,1579306909
2026-10-02 20:00:52.705537+05:30 IST Asia/Kolkata,P-BTC-84000-031026,3,sell,3.00000000/0.00000000,43.00000000,42.00000000,,0.00300000,0.0053277,0.129,0,limit_order,closed,,310261790951408974E0,1579306291
2026-10-02 20:00:11.603827+05:30 IST Asia/Kolkata,P-BTC-84000-031026,3,sell,3.00000000/0.00000000,50.00000000,50.00000000,,0.00300000,0.006195,0.15,-0,limit_order,closed,,310261790951406044E0,1579306083
2026-10-02 19:59:40.290553+05:30 IST Asia/Kolkata,P-BTC-83400-031026,3,buy,3.00000000/0.00000000,29.00000000,330.90000000,,0.00300000,0.0035931,-0.087,0.06439999,market_order,closed,,310261790944905951X1,1579303496
2026-10-02 19:58:16.192214+05:30 IST Asia/Kolkata,P-BTC-83400-031026,3,buy,3.00000000/0.00000000,27.00000000,328.00000000,,0.00300000,0.0033453,-0.081,0.0704,market_order,closed,,310261790944912706X1,1579297874
2026-10-02 19:58:12.740452+05:30 IST Asia/Kolkata,P-BTC-83400-031026,3,buy,3.00000000/0.00000000,28.00000000,328.00000000,,0.00300000,0.0034692,-0.084,0.0674,market_order,closed,,310261790944910980X1,1579297611
2026-10-02 19:58:09.745449+05:30 IST Asia/Kolkata,P-BTC-83600-031026,3,buy,3.00000000/0.00000000,36.00000000,365.70000000,,0.00300000,0.0044604,-0.108,0.054,market_order,closed,,310261790944985054X1,1579297403
2026-10-02 19:58:05.595077+05:30 IST Asia/Kolkata,P-BTC-83800-031026,3,buy,3.00000000/0.00000000,45.00000000,380.20000000,,0.00300000,0.0055755,-0.135,0.001875,market_order,closed,,310261790946391585X1,1579297086
2026-10-02 19:58:00.490814+05:30 IST Asia/Kolkata,P-BTC-83800-031026,3,buy,3.00000000/0.00000000,43.00000000,380.20000000,,0.00300000,0.0053277,-0.129,0.007875,market_order,closed,,310261790946383917X1,1579296612
2026-10-02 19:48:38.818914+05:30 IST Asia/Kolkata,P-BTC-84000-031026,3,buy,3.00000000/0.00000000,36.00000000,383.70000000,,0.00300000,0.0044604,-0.108,0.042,market_order,closed,,310261790950564749X1,1579269466
2026-10-02 20:04:32.271548+05:30 IST Asia/Kolkata,C-BTC-88800-031026,3,buy,0.00000000/3.00000000,,2.10000000,,0.00300000,0,,,limit_order,cancelled,cancelled_by_user,310261790950624780T0,1579265313
2026-10-02 20:25:29.525419+05:30 IST Asia/Kolkata,C-BTC-88800-031026,3,buy,0.00000000/3.00000000,,2.20000000,,0.00300000,0,,,limit_order,cancelled,no_position_left_for_reduce_only,310261790950626962T0,1579265179
2026-10-02 22:05:53.255579+05:30 IST Asia/Kolkata,C-BTC-88800-031026,3,buy,3.00000000/0.00000000,2.70000000,4.00000000,,0.00300000,0.00033453,-0.0081,0.1659,limit_order,closed,,310261790950629385T0,1579265041
2026-10-02 19:47:19.675158+05:30 IST Asia/Kolkata,C-BTC-88800-031026,3,sell,3.00000000/0.00000000,44.00000000,44.00000000,,0.00300000,0.0054516,0.132,0,limit_order,closed,,310261790950629385E0,1579264291
2026-10-02 19:47:19.629362+05:30 IST Asia/Kolkata,C-BTC-88800-031026,3,sell,3.00000000/0.00000000,44.00000000,44.00000000,,0.00300000,0.0054516,0.132,0,limit_order,closed,,310261790950626962E0,1579264177
2026-10-02 19:47:10.495167+05:30 IST Asia/Kolkata,C-BTC-88800-031026,3,sell,3.00000000/0.00000000,42.00000000,41.00000000,,0.00300000,0.0052038,0.126,0,limit_order,closed,,310261790950624780E0,1579264022
2026-10-02 19:46:30.076547+05:30 IST Asia/Kolkata,P-BTC-83400-031026,3,buy,3.00000000/0.00000000,36.00000000,388.10000000,,0.00300000,0.0044604,-0.108,0.0434,market_order,closed,,310261790944908882X1,1579261857
2026-10-02 19:48:37.295667+05:30 IST Asia/Kolkata,P-BTC-84000-031026,3,buy,0.00000000/3.00000000,,2.50000000,,0.00300000,0,,,limit_order,cancelled,cancelled_by_user,310261790950564749T0,1579261285
2026-10-02 19:46:13.013039+05:30 IST Asia/Kolkata,P-BTC-84000-031026,3,sell,3.00000000/0.00000000,50.00000000,49.30000000,,0.00300000,0.006195,0.15,-0,limit_order,closed,,310261790950564749E0,1579260205
2026-10-02 19:42:00.837674+05:30 IST Asia/Kolkata,P-BTC-83800-031026,3,buy,3.00000000/0.00000000,45.00000000,422.70000000,,0.00300000,0.0055755,-0.135,0.001875,market_order,closed,,310261790946385436X1,1579243802
2026-10-02 19:41:51.206792+05:30 IST Asia/Kolkata,P-BTC-83800-031026,3,buy,3.00000000/0.00000000,45.00000000,422.70000000,,0.00300000,0.0055755,-0.135,0.001875,market_order,closed,,310261790946375742X1,1579243031
2026-10-02 19:41:30.489745+05:30 IST Asia/Kolkata,P-BTC-83800-031026,3,buy,3.00000000/0.00000000,45.00000000,417.60000000,,0.00300000,0.0055755,-0.135,0.001875,market_order,closed,,310261790946381037X1,1579241408
2026-10-02 19:41:27.507658+05:30 IST Asia/Kolkata,P-BTC-83800-031026,3,buy,3.00000000/0.00000000,45.00000000,417.60000000,,0.00300000,0.0055755,-0.135,0.001875,market_order,closed,,310261790946379023X1,1579241138
2026-10-02 19:57:59.027778+05:30 IST Asia/Kolkata,P-BTC-83800-031026,3,buy,0.00000000/3.00000000,,2.30000000,,0.00300000,0,,,limit_order,cancelled,cancelled_by_user,310261790946383917T0,1579016729
2026-10-02 19:41:58.881879+05:30 IST Asia/Kolkata,P-BTC-83800-031026,3,buy,0.00000000/3.00000000,,2.30000000,,0.00300000,0,,,limit_order,cancelled,cancelled_by_user,310261790946385436T0,1579016483
2026-10-02 20:00:36.596576+05:30 IST Asia/Kolkata,P-BTC-83800-031026,3,buy,0.00000000/3.00000000,,2.30000000,,0.00300000,0,,,limit_order,cancelled,cancelled_by_user,310261790946386979T0,1579016318
2026-10-02 20:02:16.328485+05:30 IST Asia/Kolkata,P-BTC-83800-031026,3,buy,0.00000000/3.00000000,,2.30000000,,0.00300000,0,,,limit_order,cancelled,no_position_left_for_reduce_only,310261790946388577T0,1579016191
2026-10-02 19:58:03.194483+05:30 IST Asia/Kolkata,P-BTC-83800-031026,3,buy,0.00000000/3.00000000,,2.30000000,,0.00300000,0,,,limit_order,cancelled,cancelled_by_user,310261790946391585T0,1579016069
2026-10-02 19:41:49.577503+05:30 IST Asia/Kolkata,P-BTC-83800-031026,3,buy,0.00000000/3.00000000,,2.30000000,,0.00300000,0,,,limit_order,cancelled,cancelled_by_user,310261790946375742T0,1579015452
2026-10-02 19:41:25.562294+05:30 IST Asia/Kolkata,P-BTC-83800-031026,3,buy,0.00000000/3.00000000,,2.30000000,,0.00300000,0,,,limit_order,cancelled,cancelled_by_user,310261790946379023T0,1579015295
2026-10-02 19:41:29.076758+05:30 IST Asia/Kolkata,P-BTC-83800-031026,3,buy,0.00000000/3.00000000,,2.30000000,,0.00300000,0,,,limit_order,cancelled,cancelled_by_user,310261790946381037T0,1579015115
2026-10-02 18:36:44.172798+05:30 IST Asia/Kolkata,P-BTC-83800-031026,3,sell,3.00000000/0.00000000,45.00000000,45.00000000,,0.00300000,0.0055755,0.135,0,limit_order,closed,,310261790946391585E0,1579013986
2026-10-02 18:36:45.868495+05:30 IST Asia/Kolkata,P-BTC-83800-031026,3,sell,3.00000000/0.00000000,46.00000000,45.00000000,,0.00300000,0.0056994,0.138,-0,limit_order,closed,,310261790946388577E0,1579013859
2026-10-02 18:36:47.763711+05:30 IST Asia/Kolkata,P-BTC-83800-031026,3,sell,3.00000000/0.00000000,45.00000000,45.00000000,,0.00300000,0.0055755,0.135,0,limit_order,closed,,310261790946386979E0,1579013708
2026-10-02 18:36:49.936429+05:30 IST Asia/Kolkata,P-BTC-83800-031026,3,sell,3.00000000/0.00000000,45.00000000,45.00000000,,0.00300000,0.0055755,0.135,0,limit_order,closed,,310261790946385436E0,1579013608
2026-10-02 18:36:51.883039+05:30 IST Asia/Kolkata,P-BTC-83800-031026,3,sell,3.00000000/0.00000000,46.00000000,45.00000000,,0.00300000,0.0056994,0.138,-0,limit_order,closed,,310261790946383917E0,1579013511
2026-10-02 18:36:33.071114+05:30 IST Asia/Kolkata,P-BTC-83800-031026,3,sell,3.00000000/0.00000000,46.00000000,46.00000000,,0.00300000,0.0056994,0.138,-0,limit_order,closed,,310261790946381037E0,1579013378
2026-10-02 18:36:44.863121+05:30 IST Asia/Kolkata,P-BTC-83800-031026,3,sell,3.00000000/0.00000000,46.00000000,46.00000000,,0.00300000,0.0056994,0.138,-0,limit_order,closed,,310261790946379023E0,1579013229
2026-10-02 18:36:44.818610+05:30 IST Asia/Kolkata,P-BTC-83800-031026,3,sell,3.00000000/0.00000000,46.00000000,46.00000000,,0.00300000,0.0056994,0.138,-0,limit_order,closed,,310261790946375742E0,1579013101
2026-10-02 18:16:38.941106+05:30 IST Asia/Kolkata,P-BTC-83400-031026,3,buy,3.00000000/0.00000000,44.00000000,469.70000000,,0.00300000,0.0054516,-0.132,0.0194,market_order,closed,,310261790945105431X1,1578941276
2026-10-02 18:16:32.497444+05:30 IST Asia/Kolkata,P-BTC-83400-031026,3,buy,3.00000000/0.00000000,44.00000000,469.70000000,,0.00300000,0.0054516,-0.132,0.0194,market_order,closed,,310261790945108429X1,1578940720
2026-10-02 18:16:30.434389+05:30 IST Asia/Kolkata,P-BTC-83400-031026,3,buy,0.00000000/3.00000000,,2.40000000,,0.00300000,0,,,limit_order,cancelled,cancelled_by_user,310261790945108429T0,1578935941
2026-10-02 21:11:14.639067+05:30 IST Asia/Kolkata,C-BTC-88800-031026,3,buy,3.00000000/0.00000000,4.00000000,4.00000000,,0.00300000,0.0004956,-0.012,0.162,limit_order,closed,,310261790945109946T0,1578935016
2026-10-02 21:11:14.596573+05:30 IST Asia/Kolkata,C-BTC-88800-031026,3,buy,3.00000000/0.00000000,4.00000000,4.00000000,,0.00300000,0.0004956,-0.012,0.162,limit_order,closed,,310261790945111846T0,1578934792
2026-10-02 18:16:35.628690+05:30 IST Asia/Kolkata,P-BTC-83400-031026,3,buy,0.00000000/3.00000000,,2.50000000,,0.00300000,0,,,limit_order,cancelled,cancelled_by_user,310261790945105431T0,1578934039
2026-10-02 18:15:15.463039+05:30 IST Asia/Kolkata,C-BTC-88800-031026,3,sell,3.00000000/0.00000000,80.00000000,80.00000000,,0.00300000,0.009912,0.24,-0,limit_order,closed,,310261790945111846E0,1578933941
2026-10-02 18:15:15.420967+05:30 IST Asia/Kolkata,C-BTC-88800-031026,3,sell,3.00000000/0.00000000,80.00000000,80.00000000,,0.00300000,0.009912,0.24,-0,limit_order,closed,,310261790945109946E0,1578933711
2026-10-02 18:15:26.345728+05:30 IST Asia/Kolkata,P-BTC-83400-031026,3,sell,3.00000000/0.00000000,47.00000000,47.00000000,,0.00300000,0.0058233,0.141,0,limit_order,closed,,310261790945108429E0,1578933523
2026-10-02 18:15:07.766422+05:30 IST Asia/Kolkata,P-BTC-83400-031026,3,sell,3.00000000/0.00000000,50.00000000,50.00000000,,0.00300000,0.006195,0.15,0,limit_order,closed,,310261790945105431E0,1578933294
2026-10-02 19:58:08.273825+05:30 IST Asia/Kolkata,P-BTC-83600-031026,3,buy,0.00000000/3.00000000,,2.70000000,,0.00300000,0,,,limit_order,cancelled,cancelled_by_user,310261790944985054T0,1578923432
2026-10-02 18:13:18.669324+05:30 IST Asia/Kolkata,P-BTC-83600-031026,3,sell,3.00000000/0.00000000,54.00000000,54.00000000,,0.00300000,0.0066906,0.162,-0,limit_order,closed,,310261790944985054E0,1578921943
2026-10-02 19:46:28.606695+05:30 IST Asia/Kolkata,P-BTC-83400-031026,3,buy,0.00000000/3.00000000,,2.60000000,,0.00300000,0,,,limit_order,cancelled,cancelled_by_user,310261790944908882T0,1578916609
2026-10-02 19:58:11.290869+05:30 IST Asia/Kolkata,P-BTC-83400-031026,3,buy,0.00000000/3.00000000,,2.50000000,,0.00300000,0,,,limit_order,cancelled,cancelled_by_user,310261790944910980T0,1578916271
2026-10-02 19:58:14.792730+05:30 IST Asia/Kolkata,P-BTC-83400-031026,3,buy,0.00000000/3.00000000,,2.70000000,,0.00300000,0,,,limit_order,cancelled,cancelled_by_user,310261790944912706T0,1578916031
2026-10-02 19:59:38.335096+05:30 IST Asia/Kolkata,P-BTC-83400-031026,3,buy,0.00000000/3.00000000,,2.60000000,,0.00300000,0,,,limit_order,cancelled,cancelled_by_user,310261790944905951T0,1578915467
2026-10-02 18:12:03.895155+05:30 IST Asia/Kolkata,P-BTC-83400-031026,3,sell,3.00000000/0.00000000,53.80000000,53.80000000,,0.00300000,0.00666582,0.1614,-0,limit_order,closed,,310261790944912706E0,1578914261
2026-10-02 18:11:58.947750+05:30 IST Asia/Kolkata,P-BTC-83400-031026,3,sell,3.00000000/0.00000000,50.00000000,50.00000000,,0.00300000,0.006195,0.15,0,limit_order,closed,,310261790944910980E0,1578913905
2026-10-02 18:12:00.908891+05:30 IST Asia/Kolkata,P-BTC-83400-031026,3,sell,3.00000000/0.00000000,51.00000000,50.00000000,,0.00300000,0.0063189,0.153,-0,limit_order,closed,,310261790944908882E0,1578913663
2026-10-02 18:11:55.322116+05:30 IST Asia/Kolkata,P-BTC-83400-031026,3,sell,3.00000000/0.00000000,51.00000000,50.00000000,,0.00300000,0.0063189,0.153,-0,limit_order,closed,,310261790944905951E0,1578913443
2026-10-02 18:00:16.959822+05:30 IST Asia/Kolkata,P-BTC-83200-031026,3,buy,3.00000000/0.00000000,52.00000000,547.80000000,,0.00300000,0.0064428,-0.156,-0.012,market_order,closed,,310261790943425159X1,1578823138
2026-10-02 17:52:56.981588+05:30 IST Asia/Kolkata,P-BTC-83000-031026,3,buy,3.00000000/0.00000000,44.00000000,484.60000000,,0.00300000,0.0054516,-0.132,0.0144,market_order,closed,,310261790943305297X1,1578787398
2026-10-02 18:00:15.170417+05:30 IST Asia/Kolkata,P-BTC-83200-031026,3,buy,0.00000000/3.00000000,,2.40000000,,0.00300000,0,,,limit_order,cancelled,cancelled_by_user,310261790943425159T0,1578771648
2026-10-02 17:47:17.259707+05:30 IST Asia/Kolkata,P-BTC-83200-031026,3,sell,3.00000000/0.00000000,48.00000000,48.00000000,,0.00300000,0.0059472,0.144,-0,limit_order,closed,,310261790943425159E0,1578771119
2026-10-02 17:52:55.438429+05:30 IST Asia/Kolkata,P-BTC-83000-031026,3,buy,0.00000000/3.00000000,,2.40000000,,0.00300000,0,,,limit_order,cancelled,cancelled_by_user,310261790943305297T0,1578766909
2026-10-02 17:45:13.885267+05:30 IST Asia/Kolkata,P-BTC-83000-031026,3,sell,3.00000000/0.00000000,48.80000000,48.80000000,,0.00300000,0.00604632,0.1464,-0,limit_order,closed,,310261790943305297E0,1578766561
2026-10-02 17:29:08.729532+05:30 IST Asia/Kolkata,P-BTC-86500-021026,2,buy,2.00000000/0.00000000,10.00000000,1743.40000000,,0.00200000,0.000826,-0.02,0.092,market_order,closed,,210261790940825510X1,1578711751
2026-10-02 17:29:06.020038+05:30 IST Asia/Kolkata,P-BTC-86500-021026,2,buy,0.00000000/2.00000000,,2.80000000,,0.00200000,0,,,limit_order,cancelled,cancelled_by_user,210261790940825510T0,1578656250
2026-10-02 17:03:48.130967+05:30 IST Asia/Kolkata,P-BTC-86500-021026,2,sell,2.00000000/0.00000000,56.00000000,45.30000000,,0.00200000,0.0046256,0.112,-0,limit_order,closed,,210261790940825510E0,1578656061
2026-10-02 17:02:05.194367+05:30 IST Asia/Kolkata,P-BTC-86400-021026,2,buy,2.00000000/0.00000000,15.00000000,3914.30000000,,0.00200000,0.001239,-0.03,0.05066666,market_order,closed,,210261790940668732X1,1578652006
2026-10-02 17:15:20.852414+05:30 IST Asia/Kolkata,P-BTC-86400-021026,2,buy,2.00000000/0.00000000,2.30000000,2.30000000,,0.00200000,0.00018998,-0.0046,0.07606666,limit_order,closed,,210261790940670922T0,1578650263
2026-10-02 17:02:03.268832+05:30 IST Asia/Kolkata,P-BTC-86400-021026,2,buy,0.00000000/2.00000000,,2.20000000,,0.00200000,0,,,limit_order,cancelled,cancelled_by_user,210261790940668732T0,1578649703
2026-10-02 17:01:12.899383+05:30 IST Asia/Kolkata,P-BTC-86400-021026,2,sell,2.00000000/0.00000000,45.00000000,42.50000000,,0.00200000,0.003717,0.09,-0,limit_order,closed,,210261790940670922E0,1578649662
2026-10-02 17:01:10.569210+05:30 IST Asia/Kolkata,P-BTC-86400-021026,2,sell,2.00000000/0.00000000,44.00000000,43.00000000,,0.00200000,0.0036344,0.088,-0,limit_order,closed,,210261790940668732E0,1578649575
2026-10-02 17:17:14.306491+05:30 IST Asia/Kolkata,P-BTC-86400-021026,2,buy,2.00000000/0.00000000,1.60000000,1.60000000,,0.00200000,0.00013216,-0.0032,0.07746666,limit_order,closed,,210261790940065983T0,1578632804
2026-10-02 16:51:20.278150+05:30 IST Asia/Kolkata,P-BTC-86400-021026,2,sell,2.00000000/0.00000000,32.00000000,32.00000000,,0.00200000,0.0026432,0.064,-0,limit_order,closed,,210261790940065983E0,1578632068
2026-10-02 17:17:19.409487+05:30 IST Asia/Kolkata,C-BTC-86600-021026,2,buy,2.00000000/0.00000000,1.80000000,1.80000000,,0.00200000,0.00014868,-0.0036,0.0684,limit_order,closed,,210261790939524399T0,1578616021
2026-10-02 17:17:19.408899+05:30 IST Asia/Kolkata,C-BTC-86600-021026,2,buy,2.00000000/0.00000000,1.80000000,1.80000000,,0.00200000,0.00014868,-0.0036,0.0684,limit_order,closed,,210261790939527274T0,1578615952
2026-10-02 16:42:21.947337+05:30 IST Asia/Kolkata,C-BTC-86600-021026,2,sell,2.00000000/0.00000000,36.00000000,36.00000000,,0.00200000,0.0029736,0.072,-0,limit_order,closed,,210261790939527274E0,1578614830
2026-10-02 16:42:23.146606+05:30 IST Asia/Kolkata,C-BTC-86600-021026,2,sell,2.00000000/0.00000000,36.00000000,36.00000000,,0.00200000,0.0029736,0.072,-0,limit_order,closed,,210261790939524399E0,1578614762
2026-10-02 16:40:46.899977+05:30 IST Asia/Kolkata,C-BTC-86800-021026,2,buy,2.00000000/0.00000000,11.00000000,1134.20000000,,0.00200000,0.0009086,-0.022,0.03106666,market_order,closed,,210261790934304623X1,1578611739
2026-10-02 15:58:03.346006+05:30 IST Asia/Kolkata,C-BTC-86800-021026,10,buy,10.00000000/0.00000000,15.00000000,787.20000000,,0.01000000,0.006195,-0.15,0.11533333,market_order,closed,,210261790935144003X1,1578519563
2026-10-02 15:57:39.149515+05:30 IST Asia/Kolkata,C-BTC-86500-021026,10,buy,10.00000000/0.00000000,56.00000000,1880.90000000,,0.01000000,0.023128,-0.56,-0.26,market_order,closed,,210261790936709939X1,1578518456
2026-10-02 15:57:25.852230+05:30 IST Asia/Kolkata,P-BTC-85800-021026,10,buy,10.00000000/0.00000000,14.90000000,685.20000000,,0.01000000,0.0061537,-0.149,0.04833333,market_order,closed,,210261790936712762X1,1578517921
2026-10-02 16:39:12.328119+05:30 IST Asia/Kolkata,P-BTC-86000-021026,2,buy,2.00000000/0.00000000,2.70000000,2.70000000,,0.00200000,0.00022302,-0.0054,0.0768355,limit_order,closed,,210261790936764738T0,1578515765
2026-10-02 15:56:15.529977+05:30 IST Asia/Kolkata,P-BTC-86000-021026,2,sell,2.00000000/0.00000000,53.70000000,53.70000000,,0.00200000,0.00443562,0.1074,-0,limit_order,closed,,210261790936764738E0,1578514741
2026-10-02 15:57:23.901422+05:30 IST Asia/Kolkata,P-BTC-85800-021026,10,buy,0.00000000/10.00000000,,88.60000000,77.00000000,0.01000000,0,,,limit_order,cancelled,cancelled_by_user,210261790936712762S0,1578513800
2026-10-02 15:57:22.741812+05:30 IST Asia/Kolkata,P-BTC-85800-021026,10,buy,0.00000000/10.00000000,,0.20000000,,0.01000000,0,,,limit_order,cancelled,cancelled_by_user,210261790936712762T0,1578513732
2026-10-02 15:57:36.742531+05:30 IST Asia/Kolkata,C-BTC-86500-021026,10,buy,0.00000000/10.00000000,,162.20000000,141.00000000,0.01000000,0,,,limit_order,cancelled,cancelled_by_user,210261790936709939S0,1578512218
2026-10-02 15:57:35.080149+05:30 IST Asia/Kolkata,C-BTC-86500-021026,10,buy,0.00000000/10.00000000,,0.30000000,,0.01000000,0,,,limit_order,cancelled,cancelled_by_user,210261790936709939T0,1578512181
2026-10-02 15:55:33.308346+05:30 IST Asia/Kolkata,P-BTC-85800-021026,10,sell,10.00000000/0.00000000,16.40000000,16.40000000,,0.01000000,0.0067732,0.164,0,limit_order,closed,,210261790936712762E0,1578512059
2026-10-02 15:55:12.516382+05:30 IST Asia/Kolkata,C-BTC-86500-021026,10,sell,10.00000000/0.00000000,30.00000000,30.00000000,,0.01000000,0.01239,0.3,-0,limit_order,closed,,210261790936709939E0,1578511927
2026-10-02 15:54:26.158174+05:30 IST Asia/Kolkata,P-BTC-86000-021026,2,buy,2.00000000/0.00000000,49.00000000,2095.60000000,,0.00200000,0.0040474,-0.098,-0.01786154,market_order,closed,,210261790935229435X1,1578509323
2026-10-02 15:54:24.428399+05:30 IST Asia/Kolkata,P-BTC-86000-021026,2,buy,0.00000000/2.00000000,,1.90000000,,0.00200000,0,,,limit_order,cancelled,cancelled_by_user,210261790935229435T0,1578462637
2026-10-02 16:50:08.136714+05:30 IST Asia/Kolkata,P-BTC-86000-021026,2,buy,2.00000000/0.00000000,1.90000000,1.90000000,,0.00200000,0.00015694,-0.0038,0.0784355,limit_order,closed,,210261790935232088T0,1578462593
2026-10-02 16:50:08.136278+05:30 IST Asia/Kolkata,P-BTC-86000-021026,2,buy,2.00000000/0.00000000,1.90000000,1.90000000,,0.00200000,0.00015694,-0.0038,0.0784355,limit_order,closed,,210261790935233614T0,1578462533
2026-10-02 16:50:08.135552+05:30 IST Asia/Kolkata,P-BTC-86000-021026,2,buy,2.00000000/0.00000000,1.90000000,1.90000000,,0.00200000,0.00015694,-0.0038,0.0784355,limit_order,closed,,210261790935227419T0,1578462144
2026-10-02 15:30:45.743250+05:30 IST Asia/Kolkata,P-BTC-86000-021026,2,sell,2.00000000/0.00000000,38.10000000,33.50000000,,0.00200000,0.00314706,0.0762,0,limit_order,closed,,210261790935233614E0,1578461722
2026-10-02 15:30:46.943825+05:30 IST Asia/Kolkata,P-BTC-86000-021026,2,sell,2.00000000/0.00000000,38.10000000,33.50000000,,0.00200000,0.00314706,0.0762,0,limit_order,closed,,210261790935232088E0,1578461652
2026-10-02 15:30:49.380222+05:30 IST Asia/Kolkata,P-BTC-86000-021026,2,sell,2.00000000/0.00000000,38.10000000,33.50000000,,0.00200000,0.00314706,0.0762,0,limit_order,closed,,210261790935229435E0,1578461606
2026-10-02 15:30:41.329870+05:30 IST Asia/Kolkata,P-BTC-86000-021026,2,sell,2.00000000/0.00000000,38.10000000,38.10000000,,0.00200000,0.00314706,0.0762,0,limit_order,closed,,210261790935227419E0,1578461524
2026-10-02 17:05:14.781494+05:30 IST Asia/Kolkata,P-BTC-86000-021026,10,buy,0.00000000/10.00000000,,211.00000000,183.40000000,0.01000000,0,,,limit_order,cancelled,cancelled_by_user,210261790935146067S0,1578460247
2026-10-02 17:01:48.770074+05:30 IST Asia/Kolkata,P-BTC-86000-021026,10,buy,10.00000000/0.00000000,0.40000000,0.40000000,,0.01000000,0.0001652,-0.004,0.40717751,limit_order,closed,,210261790935146067T0,1578460220
2026-10-02 16:46:23.899890+05:30 IST Asia/Kolkata,P-BTC-86000-021026,2,buy,2.00000000/0.00000000,2.00000000,2.00000000,,0.00200000,0.0001652,-0.004,0.0782355,limit_order,closed,,210261790935134890T0,1578459934
2026-10-02 16:46:23.899299+05:30 IST Asia/Kolkata,P-BTC-86000-021026,2,buy,2.00000000/0.00000000,2.00000000,2.00000000,,0.00200000,0.0001652,-0.004,0.0782355,limit_order,closed,,210261790935136759T0,1578459860
2026-10-02 15:58:01.067346+05:30 IST Asia/Kolkata,C-BTC-86800-021026,10,buy,0.00000000/10.00000000,,135.30000000,117.60000000,0.01000000,0,,,limit_order,cancelled,cancelled_by_user,210261790935144003S0,1578459812
2026-10-02 15:57:59.872185+05:30 IST Asia/Kolkata,C-BTC-86800-021026,10,buy,0.00000000/10.00000000,,0.30000000,,0.01000000,0,,,limit_order,cancelled,cancelled_by_user,210261790935144003T0,1578459786
2026-10-02 16:46:23.853116+05:30 IST Asia/Kolkata,P-BTC-86000-021026,2,buy,2.00000000/0.00000000,2.00000000,2.00000000,,0.00200000,0.0001652,-0.004,0.0782355,limit_order,closed,,210261790935132393T0,1578459538
2026-10-02 15:29:35.278972+05:30 IST Asia/Kolkata,P-BTC-86000-021026,10,sell,10.00000000/0.00000000,39.00000000,38.00000000,,0.01000000,0.016107,0.39,0,limit_order,closed,,210261790935146067E0,1578459466
2026-10-02 15:29:17.184610+05:30 IST Asia/Kolkata,C-BTC-86800-021026,10,sell,10.00000000/0.00000000,25.00000000,25.00000000,,0.01000000,0.010325,0.25,0,limit_order,closed,,210261790935144003E0,1578459402
2026-10-02 15:29:06.474503+05:30 IST Asia/Kolkata,P-BTC-86000-021026,2,sell,2.00000000/0.00000000,40.50000000,40.00000000,,0.00200000,0.0033453,0.081,0,limit_order,closed,,210261790935136759E0,1578459205
2026-10-02 15:29:07.684663+05:30 IST Asia/Kolkata,P-BTC-86000-021026,2,sell,2.00000000/0.00000000,40.50000000,40.00000000,,0.00200000,0.0033453,0.081,0,limit_order,closed,,210261790935134890E0,1578459144
2026-10-02 15:29:05.690321+05:30 IST Asia/Kolkata,P-BTC-86000-021026,2,sell,2.00000000/0.00000000,40.50000000,40.50000000,,0.00200000,0.0033453,0.081,0,limit_order,closed,,210261790935132393E0,1578459099
2026-10-02 16:39:12.327619+05:30 IST Asia/Kolkata,P-BTC-86000-021026,2,buy,2.00000000/0.00000000,2.60000000,2.60000000,,0.00200000,0.00021476,-0.0052,0.0770355,limit_order,closed,,210261790934309373T0,1578435138
2026-10-02 16:40:44.726878+05:30 IST Asia/Kolkata,C-BTC-86800-021026,2,buy,0.00000000/2.00000000,,1.40000000,,0.00200000,0,,,limit_order,cancelled,cancelled_by_user,210261790934304623T0,1578434942
2026-10-02 16:58:07.287629+05:30 IST Asia/Kolkata,C-BTC-86800-021026,2,buy,2.00000000/0.00000000,1.40000000,1.40000000,,0.00200000,0.00011564,-0.0028,0.05026666,limit_order,closed,,210261790934307765T0,1578434880
2026-10-02 15:15:13.365884+05:30 IST Asia/Kolkata,P-BTC-86000-021026,2,sell,2.00000000/0.00000000,52.00000000,52.00000000,,0.00200000,0.0042952,0.104,-0,limit_order,closed,,210261790934309373E0,1578434818
2026-10-02 15:15:10.619324+05:30 IST Asia/Kolkata,C-BTC-86800-021026,2,sell,2.00000000/0.00000000,28.00000000,28.00000000,,0.00200000,0.0023128,0.056,0,limit_order,closed,,210261790934307765E0,1578434756
2026-10-02 15:15:10.574039+05:30 IST Asia/Kolkata,C-BTC-86800-021026,2,sell,2.00000000/0.00000000,28.00000000,28.00000000,,0.00200000,0.0023128,0.056,0,limit_order,closed,,210261790934304623E0,1578434705
2026-10-02 16:57:09.952131+05:30 IST Asia/Kolkata,C-BTC-86800-021026,1,buy,1.00000000/0.00000000,1.80000000,1.80000000,,0.00100000,0.00007434,-0.0018,0.02473333,limit_order,closed,,210261790933564692T0,1578409325
2026-10-02 15:02:47.288725+05:30 IST Asia/Kolkata,C-BTC-86800-021026,1,sell,1.00000000/0.00000000,36.00000000,35.00000000,,0.00100000,0.0014868,0.036,-0,limit_order,closed,,210261790933564692E0,1578409070
2026-10-02 16:37:48.983075+05:30 IST Asia/Kolkata,P-BTC-85800-021026,1,buy,1.00000000/0.00000000,1.80000000,1.80000000,,0.00100000,0.00007434,-0.0018,0.01793333,limit_order,closed,,210261790929809106T0,1578276266
2026-10-02 16:37:48.982310+05:30 IST Asia/Kolkata,P-BTC-85800-021026,1,buy,1.00000000/0.00000000,1.80000000,1.80000000,,0.00100000,0.00007434,-0.0018,0.01793333,limit_order,closed,,210261790929811456T0,1578276145
2026-10-02 14:00:23.838971+05:30 IST Asia/Kolkata,P-BTC-85800-021026,1,sell,1.00000000/0.00000000,36.80000000,36.80000000,,0.00100000,0.00151984,0.0368,-0,limit_order,closed,,210261790929811456E0,1578275504
2026-10-02 14:00:23.795879+05:30 IST Asia/Kolkata,P-BTC-85800-021026,1,sell,1.00000000/0.00000000,36.00000000,36.00000000,,0.00100000,0.0014868,0.036,-0,limit_order,closed,,210261790929809106E0,1578275396
2026-10-02 13:47:33.645216+05:30 IST Asia/Kolkata,C-BTC-87600-021026,1,buy,1.00000000/0.00000000,27.00000000,377.00000000,,0.00100000,0.0011151,-0.027,0.01966666,market_order,closed,,210261790919604500X1,1578232167
2026-10-02 13:46:21.575803+05:30 IST Asia/Kolkata,C-BTC-87600-021026,1,buy,1.00000000/0.00000000,20.90000000,342.80000000,,0.00100000,0.00086317,-0.0209,0.02576666,market_order,closed,,210261790919604481X1,1578226123
2026-10-02 16:04:44.505652+05:30 IST Asia/Kolkata,P-BTC-85600-021026,1,buy,1.00000000/0.00000000,2.00000000,2.00000000,,0.00100000,0.0000826,-0.002,0.037,limit_order,closed,,210261790928904566T0,1578223511
2026-10-02 16:04:44.504932+05:30 IST Asia/Kolkata,P-BTC-85600-021026,1,buy,1.00000000/0.00000000,2.00000000,2.00000000,,0.00100000,0.0000826,-0.002,0.037,limit_order,closed,,210261790928907274T0,1578223460
2026-10-02 13:45:17.829619+05:30 IST Asia/Kolkata,P-BTC-85600-021026,1,sell,1.00000000/0.00000000,39.00000000,39.00000000,,0.00100000,0.0016107,0.039,-0,limit_order,closed,,210261790928907274E0,1578222913
2026-10-02 13:45:17.829021+05:30 IST Asia/Kolkata,P-BTC-85600-021026,1,sell,1.00000000/0.00000000,39.00000000,39.00000000,,0.00100000,0.0016107,0.039,-0,limit_order,closed,,210261790928904566E0,1578222840
2026-10-02 13:33:31.896457+05:30 IST Asia/Kolkata,C-BTC-87600-021026,1,buy,1.00000000/0.00000000,21.00000000,314.50000000,,0.00100000,0.0008673,-0.021,0.02566666,market_order,closed,,210261790919604474X1,1578192206
2026-10-02 13:33:26.561399+05:30 IST Asia/Kolkata,C-BTC-87600-021026,1,buy,1.00000000/0.00000000,21.00000000,314.50000000,,0.00100000,0.0008673,-0.021,0.02566666,market_order,closed,,210261790919604470X1,1578191825
2026-10-02 13:33:22.854834+05:30 IST Asia/Kolkata,C-BTC-87600-021026,1,buy,1.00000000/0.00000000,23.00000000,314.50000000,,0.00100000,0.0009499,-0.023,0.02366666,market_order,closed,,210261790919604461X1,1578191549
2026-10-02 13:33:18.676044+05:30 IST Asia/Kolkata,C-BTC-87600-021026,1,buy,1.00000000/0.00000000,21.00000000,314.50000000,,0.00100000,0.0008673,-0.021,0.02566666,market_order,closed,,210261790919604491X1,1578191221
2026-10-02 13:46:19.813782+05:30 IST Asia/Kolkata,C-BTC-87600-021026,1,buy,0.00000000/1.00000000,,2.40000000,,0.00100000,0,,,limit_order,cancelled,cancelled_by_user,210261790919604481T0,1577887255
2026-10-02 13:33:29.968287+05:30 IST Asia/Kolkata,C-BTC-87600-021026,1,buy,0.00000000/1.00000000,,2.30000000,,0.00100000,0,,,limit_order,cancelled,cancelled_by_user,210261790919604474T0,1577887070
2026-10-02 13:47:31.716124+05:30 IST Asia/Kolkata,C-BTC-87600-021026,1,buy,0.00000000/1.00000000,,2.30000000,,0.00100000,0,,,limit_order,cancelled,cancelled_by_user,210261790919604500T0,1577886934
2026-10-02 13:33:16.430077+05:30 IST Asia/Kolkata,C-BTC-87600-021026,1,buy,0.00000000/1.00000000,,2.40000000,,0.00100000,0,,,limit_order,cancelled,cancelled_by_user,210261790919604491T0,1577886627
2026-10-02 13:33:21.431535+05:30 IST Asia/Kolkata,C-BTC-87600-021026,1,buy,0.00000000/1.00000000,,2.40000000,,0.00100000,0,,,limit_order,cancelled,cancelled_by_user,210261790919604461T0,1577886441
2026-10-02 13:33:25.074796+05:30 IST Asia/Kolkata,C-BTC-87600-021026,1,buy,0.00000000/1.00000000,,2.40000000,,0.00100000,0,,,limit_order,cancelled,cancelled_by_user,210261790919604470T0,1577886279
2026-10-02 11:10:12.322787+05:30 IST Asia/Kolkata,C-BTC-87600-021026,1,sell,1.00000000/0.00000000,45.00000000,45.00000000,,0.00100000,0.0018585,0.045,-0,limit_order,closed,,210261790919604500E0,1577885249
2026-10-02 11:10:14.016403+05:30 IST Asia/Kolkata,C-BTC-87600-021026,1,sell,1.00000000/0.00000000,45.00000000,45.00000000,,0.00100000,0.0018585,0.045,-0,limit_order,closed,,210261790919604474E0,1577885243
2026-10-02 11:10:15.907566+05:30 IST Asia/Kolkata,C-BTC-87600-021026,1,sell,1.00000000/0.00000000,47.00000000,44.00000000,,0.00100000,0.0019411,0.047,-0,limit_order,closed,,210261790919604481E0,1577885231
2026-10-02 11:10:16.151148+05:30 IST Asia/Kolkata,C-BTC-87600-021026,1,sell,1.00000000/0.00000000,48.00000000,48.00000000,,0.00100000,0.0019824,0.048,-0,limit_order,closed,,210261790919604470E0,1577885218
2026-10-02 11:10:14.689719+05:30 IST Asia/Kolkata,C-BTC-87600-021026,1,sell,1.00000000/0.00000000,47.00000000,47.00000000,,0.00100000,0.0019411,0.047,-0,limit_order,closed,,210261790919604461E0,1577885202
2026-10-02 11:10:16.105125+05:30 IST Asia/Kolkata,C-BTC-87600-021026,1,sell,1.00000000/0.00000000,48.00000000,48.00000000,,0.00100000,0.0019824,0.048,-0,limit_order,closed,,210261790919604491E0,1577885201
2026-10-02 11:08:32.549013+05:30 IST Asia/Kolkata,C-BTC-87800-021026,1,buy,1.00000000/0.00000000,37.00000000,339.90000000,,0.00100000,0.0015281,-0.037,0.0025,market_order,closed,,210261790919424196X1,1577878851
2026-10-02 11:08:17.441362+05:30 IST Asia/Kolkata,C-BTC-87800-021026,1,buy,1.00000000/0.00000000,40.00000000,339.90000000,,0.00100000,0.001652,-0.04,-0.0005,market_order,closed,,210261790919424182X1,1577877983
2026-10-02 11:08:14.441239+05:30 IST Asia/Kolkata,C-BTC-87800-021026,1,buy,1.00000000/0.00000000,38.00000000,339.90000000,,0.00100000,0.0015694,-0.038,0.0015,market_order,closed,,210261790919424211X1,1577877826
2026-10-02 11:08:13.008579+05:30 IST Asia/Kolkata,C-BTC-87800-021026,1,buy,0.00000000/1.00000000,,1.90000000,,0.00100000,0,,,limit_order,cancelled,cancelled_by_user,210261790919424211T0,1577876128
2026-10-02 11:08:16.026443+05:30 IST Asia/Kolkata,C-BTC-87800-021026,1,buy,0.00000000/1.00000000,,1.90000000,,0.00100000,0,,,limit_order,cancelled,cancelled_by_user,210261790919424182T0,1577875844
2026-10-02 14:46:15.768917+05:30 IST Asia/Kolkata,C-BTC-87800-021026,1,buy,1.00000000/0.00000000,2.10000000,2.10000000,,0.00100000,0.00008673,-0.0021,0.0374,limit_order,closed,,210261790919424215T0,1577875344
2026-10-02 11:08:30.859924+05:30 IST Asia/Kolkata,C-BTC-87800-021026,1,buy,0.00000000/1.00000000,,2.10000000,,0.00100000,0,,,limit_order,cancelled,cancelled_by_user,210261790919424196T0,1577875135
2026-10-02 11:07:14.391780+05:30 IST Asia/Kolkata,P-BTC-84600-021026,1,buy,1.00000000/0.00000000,57.00000000,403.20000000,,0.00100000,0.0023541,-0.057,-0.004,market_order,closed,,210261790919424205X1,1577874206
2026-10-02 11:07:12.965798+05:30 IST Asia/Kolkata,P-BTC-84600-021026,1,buy,0.00000000/1.00000000,,2.70000000,,0.00100000,0,,,limit_order,cancelled,cancelled_by_user,210261790919424205T0,1577873998
2026-10-02 11:07:37.093139+05:30 IST Asia/Kolkata,C-BTC-87800-021026,1,sell,1.00000000/0.00000000,38.00000000,34.90000000,,0.00100000,0.0015694,0.038,0,limit_order,closed,,210261790919424211E0,1577873741
2026-10-02 11:07:19.377950+05:30 IST Asia/Kolkata,C-BTC-87800-021026,1,sell,1.00000000/0.00000000,41.00000000,41.00000000,,0.00100000,0.0016933,0.041,-0,limit_order,closed,,210261790919424196E0,1577873736
2026-10-02 11:07:36.562626+05:30 IST Asia/Kolkata,C-BTC-87800-021026,1,sell,1.00000000/0.00000000,38.00000000,38.00000000,,0.00100000,0.0015694,0.038,0,limit_order,closed,,210261790919424182E0,1577873733
2026-10-02 11:07:20.031772+05:30 IST Asia/Kolkata,C-BTC-87800-021026,1,sell,1.00000000/0.00000000,41.00000000,41.00000000,,0.00100000,0.0016933,0.041,-0,limit_order,closed,,210261790919424215E0,1577873717
2026-10-02 11:07:06.845435+05:30 IST Asia/Kolkata,P-BTC-84600-021026,1,sell,1.00000000/0.00000000,53.00000000,50.00000000,,0.00100000,0.0021889,0.053,-0,limit_order,closed,,210261790919424205E0,1577873682
2026-10-02 11:05:11.268007+05:30 IST Asia/Kolkata,P-BTC-84600-021026,1,buy,1.00000000/0.00000000,44.00000000,344.80000000,,0.00100000,0.0018172,-0.044,-0.004,market_order,closed,,210261790919183943X1,1577868562
2026-10-02 11:05:09.838801+05:30 IST Asia/Kolkata,P-BTC-84600-021026,1,buy,0.00000000/1.00000000,,2.00000000,,0.00100000,0,,,limit_order,cancelled,cancelled_by_user,210261790919183943T0,1577864179
2026-10-02 11:03:06.108152+05:30 IST Asia/Kolkata,P-BTC-84600-021026,1,sell,1.00000000/0.00000000,40.00000000,38.00000000,,0.00100000,0.001652,0.04,-0,limit_order,closed,,210261790919183943E0,1577864113
2026-10-02 10:55:15.549871+05:30 IST Asia/Kolkata,C-BTC-88200-021026,1,buy,1.00000000/0.00000000,40.00000000,344.10000000,,0.00100000,0.001652,-0.04,0.005,market_order,closed,,210261790918643355X1,1577843446
2026-10-02 10:55:05.920790+05:30 IST Asia/Kolkata,C-BTC-88200-021026,1,buy,0.00000000/1.00000000,,2.30000000,,0.00100000,0,,,limit_order,cancelled,cancelled_by_user,210261790918643355T0,1577840863
2026-10-02 10:54:17.478840+05:30 IST Asia/Kolkata,C-BTC-88200-021026,1,sell,1.00000000/0.00000000,45.00000000,45.00000000,,0.00100000,0.0018585,0.045,-0,limit_order,closed,,210261790918643355E0,1577840413
2026-10-02 10:44:51.577416+05:30 IST Asia/Kolkata,P-BTC-82800-021026,20,buy,20.00000000/0.00000000,1.90000000,174.20000000,,0.02000000,0.0015694,-0.038,0.162,market_order,closed,,210261790899214788X1,1577817141
2026-10-02 08:31:39.326728+05:30 IST Asia/Kolkata,C-BTC-87000-021026,20,buy,20.00000000/0.00000000,41.00000000,289.90000000,,0.02000000,0.033866,-0.82,-0.62,market_order,closed,,210261790899212033X1,1577445427
2026-10-02 10:44:49.677902+05:30 IST Asia/Kolkata,P-BTC-82800-021026,20,buy,0.00000000/20.00000000,,54.10000000,47.00000000,0.02000000,0,,,limit_order,cancelled,cancelled_by_user,210261790899214788S0,1577244882
2026-10-02 10:44:47.760725+05:30 IST Asia/Kolkata,P-BTC-82800-021026,20,buy,0.00000000/20.00000000,,0.50000000,,0.02000000,0,,,limit_order,cancelled,cancelled_by_user,210261790899214788T0,1577244868
2026-10-02 08:31:37.429805+05:30 IST Asia/Kolkata,C-BTC-87000-021026,20,buy,0.00000000/20.00000000,,54.10000000,47.00000000,0.02000000,0,,,limit_order,cancelled,cancelled_by_user,210261790899212033S0,1577244818
2026-10-02 08:31:35.763020+05:30 IST Asia/Kolkata,C-BTC-87000-021026,20,buy,0.00000000/20.00000000,,0.50000000,,0.02000000,0,,,limit_order,cancelled,cancelled_by_user,210261790899212033T0,1577244807
2026-10-02 05:30:26.515733+05:30 IST Asia/Kolkata,P-BTC-82800-021026,20,sell,20.00000000/0.00000000,10.00000000,10.00000000,,0.02000000,0.00826,0.2,-0,limit_order,closed,,210261790899214788E0,1577244679
2026-10-02 05:30:24.571653+05:30 IST Asia/Kolkata,C-BTC-87000-021026,20,sell,20.00000000/0.00000000,10.00000000,10.00000000,,0.02000000,0.00826,0.2,-0,limit_order,closed,,210261790899212033E0,1577244658
2026-10-01 17:03:08.600499+05:30 IST Asia/Kolkata,P-BTC-83800-011026,10,buy,10.00000000/0.00000000,39.70000000,6416.60000000,,0.01000000,0.0163961,-0.397,-0.307,market_order,closed,,110261790854263950X1,1575878025
2026-10-01 17:03:07.146349+05:30 IST Asia/Kolkata,P-BTC-83800-011026,10,buy,0.00000000/10.00000000,,48.80000000,42.40000000,0.01000000,0,,,limit_order,cancelled,cancelled_by_user,110261790854263950S0,1575874101
2026-10-01 17:03:05.468209+05:30 IST Asia/Kolkata,P-BTC-83800-011026,10,buy,0.00000000/10.00000000,,0.10000000,,0.01000000,0,,,limit_order,cancelled,cancelled_by_user,110261790854263950T0,1575874077
2026-10-01 17:26:44.166474+05:30 IST Asia/Kolkata,C-BTC-84000-011026,10,buy,0.00000000/10.00000000,,48.80000000,42.40000000,0.01000000,0,,,limit_order,cancelled,cancelled_by_user,110261790854260852S0,1575873241
2026-10-01 17:26:42.407616+05:30 IST Asia/Kolkata,C-BTC-84000-011026,10,buy,10.00000000/0.00000000,0.10000000,0.10000000,,0.01000000,0.0000413,-0.001,0.089,limit_order,closed,,110261790854260852T0,1575873202
2026-10-01 17:01:18.726664+05:30 IST Asia/Kolkata,P-BTC-83800-011026,10,sell,10.00000000/0.00000000,9.00000000,9.00000000,,0.01000000,0.003717,0.09,-0,limit_order,closed,,110261790854263950E0,1575873194
2026-10-01 17:01:03.654830+05:30 IST Asia/Kolkata,C-BTC-84000-011026,10,sell,10.00000000/0.00000000,9.00000000,9.00000000,,0.01000000,0.003717,0.09,-0,limit_order,closed,,110261790854260852E0,1575873075
2026-10-01 16:16:10.348508+05:30 IST Asia/Kolkata,C-BTC-84000-011026,10,buy,10.00000000/0.00000000,64.00000000,2343.00000000,,0.01000000,0.026432,-0.64,-0.41,market_order,closed,,110261790850317097X1,1575780958
2026-10-01 16:16:08.980175+05:30 IST Asia/Kolkata,C-BTC-84000-011026,10,buy,0.00000000/10.00000000,,124.50000000,108.20000000,0.01000000,0,,,limit_order,cancelled,cancelled_by_user,110261790850317097S0,1575741064
2026-10-01 16:16:08.359233+05:30 IST Asia/Kolkata,C-BTC-84000-011026,10,buy,0.00000000/10.00000000,,0.20000000,,0.01000000,0,,,limit_order,cancelled,cancelled_by_user,110261790850317097T0,1575741030
2026-10-01 17:01:08.752262+05:30 IST Asia/Kolkata,P-BTC-83400-011026,10,buy,0.00000000/10.00000000,,108.10000000,94.00000000,0.01000000,0,,,limit_order,cancelled,cancelled_by_user,110261790850320219S0,1575740747
2026-10-01 17:01:06.000273+05:30 IST Asia/Kolkata,P-BTC-83400-011026,10,buy,10.00000000/0.00000000,0.20000000,0.20000000,,0.01000000,0.0000826,-0.002,0.198,limit_order,closed,,110261790850320219T0,1575740730
2026-10-01 15:55:21.993959+05:30 IST Asia/Kolkata,P-BTC-83400-011026,10,sell,10.00000000/0.00000000,20.00000000,20.00000000,,0.01000000,0.00826,0.2,-0,limit_order,closed,,110261790850320219E0,1575740678
2026-10-01 15:55:30.265413+05:30 IST Asia/Kolkata,C-BTC-84000-011026,10,sell,10.00000000/0.00000000,23.00000000,23.00000000,,0.01000000,0.009499,0.23,-0,limit_order,closed,,110261790850317097E0,1575740617
2026-10-01 15:34:24.422638+05:30 IST Asia/Kolkata,P-BTC-83400-011026,10,buy,10.00000000/0.00000000,86.00000000,1856.30000000,,0.01000000,0.035518,-0.86,-0.67,market_order,closed,,110261790848759792X1,1575694674
2026-10-01 15:34:23.569707+05:30 IST Asia/Kolkata,P-BTC-83400-011026,10,buy,0.00000000/10.00000000,,102.90000000,89.40000000,0.01000000,0,,,limit_order,cancelled,cancelled_by_user,110261790848759792S0,1575680666
2026-10-01 15:34:22.952555+05:30 IST Asia/Kolkata,P-BTC-83400-011026,10,buy,0.00000000/10.00000000,,0.20000000,,0.01000000,0,,,limit_order,cancelled,cancelled_by_user,110261790848759792T0,1575680652
2026-10-01 17:08:50.544866+05:30 IST Asia/Kolkata,C-BTC-84200-011026,10,buy,0.00000000/10.00000000,,90.90000000,79.00000000,0.01000000,0,,,limit_order,cancelled,cancelled_by_user,110261790848757071S0,1575680537
2026-10-01 17:08:47.654588+05:30 IST Asia/Kolkata,C-BTC-84200-011026,10,buy,10.00000000/0.00000000,0.20000000,0.20000000,,0.01000000,0.0000826,-0.002,0.166,limit_order,closed,,110261790848757071T0,1575680507
2026-10-01 15:29:29.166838+05:30 IST Asia/Kolkata,P-BTC-83400-011026,10,sell,10.00000000/0.00000000,19.00000000,19.00000000,,0.01000000,0.007847,0.19,-0,limit_order,closed,,110261790848759792E0,1575680296
2026-10-01 15:29:26.526813+05:30 IST Asia/Kolkata,C-BTC-84200-011026,10,sell,10.00000000/0.00000000,16.80000000,16.60000000,,0.01000000,0.0069384,0.168,-0,limit_order,closed,,110261790848757071E0,1575680233
2026-10-01 13:24:29.081197+05:30 IST Asia/Kolkata,C-BTC-85800-011026,20,buy,0.00000000/20.00000000,,64.90000000,56.40000000,0.02000000,0,,,limit_order,cancelled,cancelled_by_user,110261790812807562S0,1574768580
2026-10-01 13:24:26.195411+05:30 IST Asia/Kolkata,C-BTC-85800-011026,20,buy,20.00000000/0.00000000,0.60000000,0.60000000,,0.02000000,0.0004956,-0.012,0.228,limit_order,closed,,110261790812807562T0,1574768572
2026-10-01 11:45:45.230513+05:30 IST Asia/Kolkata,P-BTC-81600-011026,3,buy,0.00000000/3.00000000,,75.70000000,65.80000000,0.00300000,0,,,limit_order,cancelled,cancelled_by_user,110261790812809992S0,1574768560
2026-10-01 11:45:41.669839+05:30 IST Asia/Kolkata,P-BTC-81600-011026,20,buy,20.00000000/0.00000000,0.70000000,0.70000000,,0.02000000,0.0005782,-0.014,0.266,limit_order,closed,,110261790812809992T0,1574768551
2026-10-01 05:30:17.839803+05:30 IST Asia/Kolkata,P-BTC-81600-011026,20,sell,20.00000000/0.00000000,14.00000000,13.80000000,,0.02000000,0.011564,0.28,-0,limit_order,closed,,110261790812809992E0,1574768464
2026-10-01 05:30:22.301897+05:30 IST Asia/Kolkata,C-BTC-85800-011026,20,sell,20.00000000/0.00000000,12.00000000,12.00000000,,0.02000000,0.009912,0.24,-0,limit_order,closed,,110261790812807562E0,1574768428
2026-09-30 17:20:46.726792+05:30 IST Asia/Kolkata,P-BTC-83800-300926,10,buy,0.00000000/10.00000000,,227.10000000,197.40000000,0.01000000,0,,,limit_order,cancelled,cancelled_by_user,009261790767880292S0,1573318982
2026-09-30 17:20:43.858025+05:30 IST Asia/Kolkata,P-BTC-83800-300926,10,buy,10.00000000/0.00000000,0.40000000,0.40000000,,0.01000000,0.0001652,-0.004,0.416,limit_order,closed,,009261790767880292T0,1573318946
2026-09-30 17:22:02.024027+05:30 IST Asia/Kolkata,C-BTC-84000-300926,10,buy,0.00000000/10.00000000,,32.50000000,28.20000000,0.01000000,0,,,limit_order,cancelled,cancelled_by_user,009261790767877792S0,1573318716
2026-09-30 17:21:59.947935+05:30 IST Asia/Kolkata,C-BTC-84000-300926,10,buy,10.00000000/0.00000000,0.10000000,0.10000000,,0.01000000,0.0000413,-0.001,0.059,limit_order,closed,,009261790767877792T0,1573318686
2026-09-30 17:01:21.990023+05:30 IST Asia/Kolkata,P-BTC-83800-300926,10,sell,10.00000000/0.00000000,42.00000000,39.00000000,,0.01000000,0.017346,0.42,-0,limit_order,closed,,009261790767880292E0,1573318630
2026-09-30 17:01:20.458761+05:30 IST Asia/Kolkata,C-BTC-84000-300926,10,sell,10.00000000/0.00000000,6.00000000,6.00000000,,0.01000000,0.002478,0.06,-0,limit_order,closed,,009261790767877792E0,1573318559
2026-09-30 17:05:54.620803+05:30 IST Asia/Kolkata,P-BTC-83400-300926,10,buy,0.00000000/10.00000000,,108.10000000,94.00000000,0.01000000,0,,,limit_order,cancelled,cancelled_by_user,009261790763920834S0,1573197970
2026-09-30 17:05:50.873694+05:30 IST Asia/Kolkata,P-BTC-83400-300926,10,buy,10.00000000/0.00000000,0.20000000,0.20000000,,0.01000000,0.0000826,-0.002,0.198,limit_order,closed,,009261790763920834T0,1573197943
2026-09-30 17:03:50.586461+05:30 IST Asia/Kolkata,C-BTC-84200-300926,10,buy,0.00000000/10.00000000,,108.10000000,94.00000000,0.01000000,0,,,limit_order,cancelled,cancelled_by_user,009261790763917665S0,1573197788
2026-09-30 17:03:48.327237+05:30 IST Asia/Kolkata,C-BTC-84200-300926,10,buy,10.00000000/0.00000000,0.20000000,0.20000000,,0.01000000,0.0000826,-0.002,0.198,limit_order,closed,,009261790763917665T0,1573197742
2026-09-30 15:55:28.449956+05:30 IST Asia/Kolkata,P-BTC-83400-300926,10,sell,10.00000000/0.00000000,20.00000000,20.00000000,,0.01000000,0.00826,0.2,-0,limit_order,closed,,009261790763920834E0,1573197643
2026-09-30 15:55:23.069456+05:30 IST Asia/Kolkata,C-BTC-84200-300926,10,sell,10.00000000/0.00000000,20.00000000,20.00000000,,0.01000000,0.00826,0.2,-0,limit_order,closed,,009261790763917665E0,1573197587
2026-09-30 15:35:16.893241+05:30 IST Asia/Kolkata,C-BTC-84000-300926,10,buy,10.00000000/0.00000000,75.00000000,1852.30000000,,0.01000000,0.030975,-0.75,-0.458,market_order,closed,,009261790762357623X1,1573163951
2026-09-30 16:55:43.302270+05:30 IST Asia/Kolkata,P-BTC-83200-300926,10,buy,0.00000000/10.00000000,,82.20000000,71.40000000,0.01000000,0,,,limit_order,cancelled,cancelled_by_user,009261790762360344S0,1573152737
2026-09-30 16:55:40.038837+05:30 IST Asia/Kolkata,P-BTC-83200-300926,10,buy,10.00000000/0.00000000,0.20000000,0.20000000,,0.01000000,0.0000826,-0.002,0.15,limit_order,closed,,009261790762360344T0,1573152710
2026-09-30 15:35:16.032698+05:30 IST Asia/Kolkata,C-BTC-84000-300926,10,buy,0.00000000/10.00000000,,157.80000000,137.20000000,0.01000000,0,,,limit_order,cancelled,cancelled_by_user,009261790762357623S0,1573152652
2026-09-30 15:35:15.428313+05:30 IST Asia/Kolkata,C-BTC-84000-300926,10,buy,0.00000000/10.00000000,,0.30000000,,0.01000000,0,,,limit_order,cancelled,cancelled_by_user,009261790762357623T0,1573152628
2026-09-30 15:29:29.971077+05:30 IST Asia/Kolkata,P-BTC-83200-300926,10,sell,10.00000000/0.00000000,15.20000000,15.20000000,,0.01000000,0.0062776,0.152,-0,limit_order,closed,,009261790762360344E0,1573152391
2026-09-30 15:29:27.112774+05:30 IST Asia/Kolkata,C-BTC-84000-300926,10,sell,10.00000000/0.00000000,29.20000000,29.20000000,,0.01000000,0.0120596,0.292,-0,limit_order,closed,,009261790762357623E0,1573152356
2026-09-29 17:12:17.565433+05:30 IST Asia/Kolkata,P-BTC-84000-290926,10,buy,0.00000000/10.00000000,,137.70000000,119.70000000,0.01000000,0,,,limit_order,cancelled,cancelled_by_user,909261790677513967S0,1570901341
2026-09-29 17:12:14.279098+05:30 IST Asia/Kolkata,P-BTC-84000-290926,10,buy,10.00000000/0.00000000,0.40000000,0.40000000,,0.01000000,0.0001652,-0.004,0.416,limit_order,closed,,909261790677513967T0,1570901308
2026-09-29 17:21:26.077815+05:30 IST Asia/Kolkata,C-BTC-84400-290926,10,buy,0.00000000/10.00000000,,70.90000000,61.60000000,0.01000000,0,,,limit_order,cancelled,cancelled_by_user,909261790677511229S0,1570901191
2026-09-29 17:21:23.447205+05:30 IST Asia/Kolkata,C-BTC-84400-290926,10,buy,10.00000000/0.00000000,0.20000000,0.20000000,,0.01000000,0.0000826,-0.002,0.214,limit_order,closed,,909261790677511229T0,1570901154
2026-09-29 15:55:24.131764+05:30 IST Asia/Kolkata,P-BTC-84000-290926,10,sell,10.00000000/0.00000000,42.00000000,42.00000000,,0.01000000,0.017346,0.42,-0,limit_order,closed,,909261790677513967E0,1570900948
2026-09-29 15:55:30.861735+05:30 IST Asia/Kolkata,C-BTC-84400-290926,10,sell,10.00000000/0.00000000,21.60000000,20.00000000,,0.01000000,0.0089208,0.216,0,limit_order,closed,,909261790677511229E0,1570900897
2026-09-29 17:10:54.929677+05:30 IST Asia/Kolkata,C-BTC-84600-290926,10,buy,0.00000000/10.00000000,,65.60000000,57.00000000,0.01000000,0,,,limit_order,cancelled,cancelled_by_user,909261790675951173S0,1570847574
2026-09-29 17:10:52.585468+05:30 IST Asia/Kolkata,C-BTC-84600-290926,10,buy,10.00000000/0.00000000,0.20000000,0.20000000,,0.01000000,0.0000826,-0.002,0.198,limit_order,closed,,909261790675951173T0,1570847541
2026-09-29 15:51:17.455342+05:30 IST Asia/Kolkata,P-BTC-84000-290926,10,buy,10.00000000/0.00000000,65.00000000,97.70000000,84.90000000,0.01000000,0.026845,-0.65,-0.352,limit_order,closed,,909261790675954412S0,1570847430
2026-09-29 15:51:17.308704+05:30 IST Asia/Kolkata,P-BTC-84000-290926,10,buy,0.00000000/10.00000000,,0.30000000,,0.01000000,0,,,limit_order,cancelled,no_position_left_for_reduce_only,909261790675954412T0,1570847413
2026-09-29 15:29:20.722308+05:30 IST Asia/Kolkata,P-BTC-84000-290926,10,sell,10.00000000/0.00000000,29.80000000,29.80000000,,0.01000000,0.0123074,0.298,-0,limit_order,closed,,909261790675954412E0,1570847254
2026-09-29 15:29:26.195608+05:30 IST Asia/Kolkata,C-BTC-84600-290926,10,sell,10.00000000/0.00000000,20.00000000,20.00000000,,0.01000000,0.00826,0.2,-0,limit_order,closed,,909261790675951173E0,1570847194
2026-09-28 17:04:00.882348+05:30 IST Asia/Kolkata,P-BTC-82600-280926,10,buy,0.00000000/10.00000000,,95.20000000,82.70000000,0.01000000,0,,,limit_order,cancelled,cancelled_by_user,809261790591115604S0,1568343411
2026-09-28 17:03:58.118509+05:30 IST Asia/Kolkata,P-BTC-82600-280926,10,buy,10.00000000/0.00000000,0.30000000,0.30000000,,0.01000000,0.0001239,-0.003,0.287,limit_order,closed,,809261790591115604T0,1568343381
2026-09-28 16:30:06.848007+05:30 IST Asia/Kolkata,C-BTC-83200-280926,10,buy,10.00000000/0.00000000,24.80000000,50.90000000,44.20000000,0.01000000,0.0102424,-0.248,-0.093,limit_order,closed,,809261790591112844S0,1568342885
2026-09-28 16:30:06.783085+05:30 IST Asia/Kolkata,C-BTC-83200-280926,10,buy,0.00000000/10.00000000,,0.20000000,,0.01000000,0,,,limit_order,cancelled,no_position_left_for_reduce_only,809261790591112844T0,1568342832
2026-09-28 15:55:35.991790+05:30 IST Asia/Kolkata,P-BTC-82600-280926,10,sell,10.00000000/0.00000000,29.00000000,29.00000000,,0.01000000,0.011977,0.29,-0,limit_order,closed,,809261790591115604E0,1568342641
2026-09-28 15:55:20.189017+05:30 IST Asia/Kolkata,C-BTC-83200-280926,10,sell,10.00000000/0.00000000,15.50000000,15.50000000,,0.01000000,0.0064015,0.155,-0,limit_order,closed,,809261790591112844E0,1568342586
2026-09-28 16:40:28.294293+05:30 IST Asia/Kolkata,P-BTC-82400-280926,10,buy,0.00000000/10.00000000,,131.10000000,114.00000000,0.01000000,0,,,limit_order,cancelled,cancelled_by_user,809261790589552566S0,1568295795
2026-09-28 16:40:24.398721+05:30 IST Asia/Kolkata,P-BTC-82400-280926,10,buy,10.00000000/0.00000000,0.40000000,0.40000000,,0.01000000,0.0001652,-0.004,0.396,limit_order,closed,,809261790589552566T0,1568295775
2026-09-28 16:10:33.630590+05:30 IST Asia/Kolkata,C-BTC-83000-280926,10,buy,10.00000000/0.00000000,86.00000000,98.40000000,85.50000000,0.01000000,0.035518,-0.86,-0.56,limit_order,closed,,809261790589550362S0,1568295557
2026-09-28 16:10:33.482033+05:30 IST Asia/Kolkata,C-BTC-83000-280926,10,buy,0.00000000/10.00000000,,0.30000000,,0.01000000,0,,,limit_order,cancelled,no_position_left_for_reduce_only,809261790589550362T0,1568295530
2026-09-28 15:29:24.587470+05:30 IST Asia/Kolkata,P-BTC-82400-280926,10,sell,10.00000000/0.00000000,40.00000000,40.00000000,,0.01000000,0.01652,0.4,-0,limit_order,closed,,809261790589552566E0,1568295470
2026-09-28 15:29:14.496819+05:30 IST Asia/Kolkata,C-BTC-83000-280926,10,sell,10.00000000/0.00000000,30.00000000,30.00000000,,0.01000000,0.01239,0.3,-0,limit_order,closed,,809261790589550362E0,1568295410
2026-09-27 17:14:38.714642+05:30 IST Asia/Kolkata,P-BTC-84800-270926,10,buy,0.00000000/10.00000000,,123.30000000,107.20000000,0.01000000,0,,,limit_order,cancelled,cancelled_by_user,709261790504717358S0,1566470052
2026-09-27 17:14:36.693971+05:30 IST Asia/Kolkata,P-BTC-84800-270926,10,buy,10.00000000/0.00000000,0.40000000,0.40000000,,0.01000000,0.0001652,-0.004,0.372,limit_order,closed,,709261790504717358T0,1566470033
2026-09-27 17:03:22.348561+05:30 IST Asia/Kolkata,C-BTC-85200-270926,10,buy,0.00000000/10.00000000,,82.00000000,71.30000000,0.01000000,0,,,limit_order,cancelled,cancelled_by_user,709261790504714984S0,1566469934
2026-09-27 17:03:19.597926+05:30 IST Asia/Kolkata,C-BTC-85200-270926,10,buy,10.00000000/0.00000000,0.30000000,0.30000000,,0.01000000,0.0001239,-0.003,0.247,limit_order,closed,,709261790504714984T0,1566469902
2026-09-27 15:55:19.919963+05:30 IST Asia/Kolkata,P-BTC-84800-270926,10,sell,10.00000000/0.00000000,37.60000000,37.60000000,,0.01000000,0.0155288,0.376,-0,limit_order,closed,,709261790504717358E0,1566469887
2026-09-27 15:55:17.073432+05:30 IST Asia/Kolkata,C-BTC-85200-270926,10,sell,10.00000000/0.00000000,25.00000000,25.00000000,,0.01000000,0.010325,0.25,-0,limit_order,closed,,709261790504714984E0,1566469814
2026-09-27 17:07:59.189197+05:30 IST Asia/Kolkata,P-BTC-84600-270926,10,buy,0.00000000/10.00000000,,52.50000000,45.60000000,0.01000000,0,,,limit_order,cancelled,cancelled_by_user,709261790503157764S0,1566429844
2026-09-27 17:07:56.913591+05:30 IST Asia/Kolkata,P-BTC-84600-270926,10,buy,10.00000000/0.00000000,0.20000000,0.20000000,,0.01000000,0.0000826,-0.002,0.158,limit_order,closed,,709261790503157764T0,1566429812
2026-09-27 15:45:25.500742+05:30 IST Asia/Kolkata,C-BTC-85200-270926,10,buy,10.00000000/0.00000000,65.00000000,65.00000000,56.50000000,0.01000000,0.026845,-0.65,-0.4518,limit_order,closed,,709261790503154970S0,1566429436
2026-09-27 15:45:24.657567+05:30 IST Asia/Kolkata,C-BTC-85200-270926,10,buy,0.00000000/10.00000000,,0.20000000,,0.01000000,0,,,limit_order,cancelled,no_position_left_for_reduce_only,709261790503154970T0,1566429412
2026-09-27 15:29:43.306183+05:30 IST Asia/Kolkata,P-BTC-84600-270926,10,sell,10.00000000/0.00000000,16.00000000,15.60000000,,0.01000000,0.006608,0.16,-0,limit_order,closed,,709261790503157764E0,1566429231
2026-09-27 15:29:35.673495+05:30 IST Asia/Kolkata,C-BTC-85200-270926,10,sell,10.00000000/0.00000000,19.82000000,18.00000000,,0.01000000,0.00818566,0.1982,0,limit_order,closed,,709261790503154970E0,1566429171
2026-09-27 03:00:03.531571+05:30 IST Asia/Kolkata,C-BTC-84000-270926,1,buy,1.00000000/0.00000000,325.00000000,358.80000000,312.00000000,0.00100000,0.0089458,-0.325,-0.113,limit_order,closed,,709261790444126030S1,1565632799
2026-09-27 03:00:03.428049+05:30 IST Asia/Kolkata,C-BTC-84000-270926,1,buy,0.00000000/1.00000000,,10.60000000,,0.00100000,0,,,limit_order,cancelled,no_position_left_for_reduce_only,709261790444126030T0,1565603116
2026-09-26 23:05:27.889646+05:30 IST Asia/Kolkata,C-BTC-84000-270926,1,sell,1.00000000/0.00000000,212.00000000,209.00000000,,0.00100000,0.0087556,0.212,-0,limit_order,closed,,709261790444126030E0,1565603059
2026-09-26 17:05:29.790887+05:30 IST Asia/Kolkata,P-BTC-83800-260926,10,buy,10.00000000/0.00000000,0.20000000,168.70000000,,0.01000000,0.0000826,-0.002,0.108,market_order,closed,,609261790416757081X1,1565134984
2026-09-26 15:56:34.887638+05:30 IST Asia/Kolkata,C-BTC-84400-260926,10,buy,10.00000000/0.00000000,7.90000000,18.40000000,16.00000000,0.01000000,0.0032627,-0.079,-0.023,limit_order,closed,,609261790418314792S0,1565046290
2026-09-26 15:56:34.783696+05:30 IST Asia/Kolkata,C-BTC-84400-260926,10,buy,0.00000000/10.00000000,,0.10000000,,0.01000000,0,,,limit_order,cancelled,no_position_left_for_reduce_only,609261790418314792T0,1565046261
2026-09-26 17:11:22.102397+05:30 IST Asia/Kolkata,P-BTC-84000-260926,10,buy,0.00000000/10.00000000,,49.30000000,42.80000000,0.01000000,0,,,limit_order,cancelled,cancelled_by_user,609261790418317147S0,1565046142
2026-09-26 17:11:20.013809+05:30 IST Asia/Kolkata,P-BTC-84000-260926,10,buy,10.00000000/0.00000000,0.20000000,0.20000000,,0.01000000,0.0000826,-0.002,0.148,limit_order,closed,,609261790418317147T0,1565046128
2026-09-26 15:55:26.475661+05:30 IST Asia/Kolkata,P-BTC-84000-260926,10,sell,10.00000000/0.00000000,15.00000000,13.60000000,,0.01000000,0.006195,0.15,-0,limit_order,closed,,609261790418317147E0,1565045899
2026-09-26 15:55:34.845677+05:30 IST Asia/Kolkata,C-BTC-84400-260926,10,sell,10.00000000/0.00000000,5.60000000,5.60000000,,0.01000000,0.0023128,0.056,-0,limit_order,closed,,609261790418314792E0,1565045859
2026-09-26 17:05:28.467326+05:30 IST Asia/Kolkata,P-BTC-83800-260926,10,buy,0.00000000/10.00000000,,36.20000000,31.40000000,0.01000000,0,,,limit_order,cancelled,cancelled_by_user,609261790416757081S0,1565012077
2026-09-26 17:05:27.850317+05:30 IST Asia/Kolkata,P-BTC-83800-260926,10,buy,0.00000000/10.00000000,,0.10000000,,0.01000000,0,,,limit_order,cancelled,cancelled_by_user,609261790416757081T0,1565012061
2026-09-26 15:47:15.022196+05:30 IST Asia/Kolkata,C-BTC-84200-260926,10,buy,10.00000000/0.00000000,43.00000000,45.90000000,39.90000000,0.01000000,0.017759,-0.43,-0.29,limit_order,closed,,609261790416754803S0,1565012011
2026-09-26 15:47:14.910130+05:30 IST Asia/Kolkata,C-BTC-84200-260926,10,buy,0.00000000/10.00000000,,0.10000000,,0.01000000,0,,,limit_order,cancelled,no_position_left_for_reduce_only,609261790416754803T0,1565011994
2026-09-26 15:29:30.653918+05:30 IST Asia/Kolkata,P-BTC-83800-260926,10,sell,10.00000000/0.00000000,11.00000000,11.00000000,,0.01000000,0.004543,0.11,-0,limit_order,closed,,609261790416757081E0,1565011719
2026-09-26 15:29:28.497741+05:30 IST Asia/Kolkata,C-BTC-84200-260926,10,sell,10.00000000/0.00000000,14.00000000,14.00000000,,0.01000000,0.005782,0.14,-0,limit_order,closed,,609261790416754803E0,1565011684
